workflow_id,api_name,start,end,latency,response_size
1,UserAuthAPI,1,92,91,1360
1,ProductCatalogAPI,93,204,111,1544
1,InventoryCheckAPI,205,319,114,1982
1,FraudDetectionAPI,322,385,63,630
1,PaymentGatewayAPI,380,421,41,843
1,ShippingServiceAPI,424,501,77,885
1,NotificationAPI,502,562,60,1684
2,UserAuthAPI,1,62,61,752
2,ProductCatalogAPI,64,152,88,974
2,InventoryCheckAPI,154,235,81,1999
2,FraudDetectionAPI,239,293,54,689
2,PaymentGatewayAPI,288,389,101,1062
2,ShippingServiceAPI,390,493,103,1654
2,NotificationAPI,496,542,46,520
3,UserAuthAPI,1,58,57,887
3,ProductCatalogAPI,62,115,53,741
3,InventoryCheckAPI,116,208,92,1397
3,FraudDetectionAPI,210,309,99,1978
3,PaymentGatewayAPI,311,358,47,534
3,ShippingServiceAPI,362,437,75,1911
3,NotificationAPI,438,483,45,1065
4,UserAuthAPI,1,94,93,1202
4,ProductCatalogAPI,97,180,83,661
4,InventoryCheckAPI,181,234,53,1315
4,FraudDetectionAPI,235,352,117,1775
4,PaymentGatewayAPI,347,426,79,1219
4,ShippingServiceAPI,429,521,92,1291
4,NotificationAPI,522,621,99,879
5,UserAuthAPI,1,69,68,514
5,ProductCatalogAPI,70,180,110,1020
5,InventoryCheckAPI,183,230,47,1995
5,FraudDetectionAPI,225,272,47,918
5,PaymentGatewayAPI,275,319,44,730
5,ShippingServiceAPI,321,388,67,634
5,NotificationAPI,391,442,51,1429
6,UserAuthAPI,1,63,62,1304
6,ProductCatalogAPI,66,140,74,1460
6,InventoryCheckAPI,141,227,86,1985
6,FraudDetectionAPI,230,274,44,1741
6,PaymentGatewayAPI,275,328,53,1370
6,ShippingServiceAPI,323,441,118,1538
6,NotificationAPI,442,558,116,1363
7,UserAuthAPI,1,92,91,1520
7,ProductCatalogAPI,94,156,62,730
7,InventoryCheckAPI,158,240,82,1040
7,FraudDetectionAPI,241,312,71,1766
7,PaymentGatewayAPI,313,418,105,1181
7,ShippingServiceAPI,421,517,96,1512
7,NotificationAPI,520,587,67,1863
8,UserAuthAPI,1,115,114,1871
8,ProductCatalogAPI,116,217,101,1748
8,InventoryCheckAPI,218,284,66,1132
8,FraudDetectionAPI,287,329,42,1882
8,PaymentGatewayAPI,330,396,66,1148
8,ShippingServiceAPI,398,488,90,1757
8,NotificationAPI,489,607,118,1897
9,UserAuthAPI,1,92,91,1636
9,ProductCatalogAPI,87,184,97,1063
9,InventoryCheckAPI,185,263,78,1909
9,FraudDetectionAPI,266,361,95,1604
9,PaymentGatewayAPI,362,403,41,1141
9,ShippingServiceAPI,405,445,40,1926
9,NotificationAPI,447,539,92,1229
10,UserAuthAPI,1,72,71,746
10,ProductCatalogAPI,74,188,114,1707
10,InventoryCheckAPI,189,266,77,779
10,FraudDetectionAPI,268,377,109,1481
10,PaymentGatewayAPI,379,434,55,1108
10,ShippingServiceAPI,435,533,98,1849
10,NotificationAPI,535,577,42,1159
11,UserAuthAPI,1,76,75,902
11,ProductCatalogAPI,79,137,58,1671
11,InventoryCheckAPI,139,230,91,988
11,FraudDetectionAPI,232,310,78,837
11,PaymentGatewayAPI,313,363,50,972
11,ShippingServiceAPI,364,434,70,1821
11,NotificationAPI,435,490,55,845
12,UserAuthAPI,1,100,99,1380
12,ProductCatalogAPI,101,188,87,753
12,InventoryCheckAPI,191,267,76,1683
12,FraudDetectionAPI,269,317,48,1756
12,PaymentGatewayAPI,318,405,87,707
12,ShippingServiceAPI,408,471,63,553
12,NotificationAPI,474,537,63,1127
13,UserAuthAPI,1,112,111,1943
13,ProductCatalogAPI,115,179,64,1413
13,InventoryCheckAPI,180,285,105,1321
13,FraudDetectionAPI,287,387,100,660
13,PaymentGatewayAPI,382,435,53,1800
13,ShippingServiceAPI,436,483,47,1658
13,NotificationAPI,486,558,72,1187
14,UserAuthAPI,1,62,61,1249
14,ProductCatalogAPI,64,154,90,937
14,InventoryCheckAPI,158,224,66,725
14,FraudDetectionAPI,225,292,67,1378
14,PaymentGatewayAPI,294,402,108,1519
14,ShippingServiceAPI,405,463,58,1046
14,NotificationAPI,466,522,56,1695
15,UserAuthAPI,1,86,85,1896
15,ProductCatalogAPI,89,165,76,779
15,InventoryCheckAPI,166,251,85,680
15,FraudDetectionAPI,253,352,99,1492
15,PaymentGatewayAPI,347,418,71,1684
15,ShippingServiceAPI,419,476,57,1065
15,NotificationAPI,478,563,85,1125
16,UserAuthAPI,1,63,62,1461
16,ProductCatalogAPI,64,105,41,1284
16,InventoryCheckAPI,108,156,48,745
16,FraudDetectionAPI,157,238,81,1258
16,PaymentGatewayAPI,240,329,89,1420
16,ShippingServiceAPI,331,430,99,1402
16,NotificationAPI,432,516,84,519
17,UserAuthAPI,1,56,55,1153
17,ProductCatalogAPI,59,113,54,1615
17,InventoryCheckAPI,115,186,71,1226
17,FraudDetectionAPI,188,278,90,1074
17,PaymentGatewayAPI,282,343,61,813
17,ShippingServiceAPI,346,434,88,1181
17,NotificationAPI,437,530,93,1502
18,UserAuthAPI,1,48,47,1576
18,ProductCatalogAPI,49,93,44,1626
18,InventoryCheckAPI,88,174,86,1366
18,FraudDetectionAPI,176,267,91,1155
18,PaymentGatewayAPI,271,340,69,1156
18,ShippingServiceAPI,341,399,58,1581
18,NotificationAPI,394,495,101,1290
19,UserAuthAPI,1,52,51,1512
19,ProductCatalogAPI,47,87,40,1301
19,InventoryCheckAPI,88,175,87,987
19,FraudDetectionAPI,179,219,40,1795
19,PaymentGatewayAPI,221,324,103,1970
19,ShippingServiceAPI,326,432,106,1599
19,NotificationAPI,434,524,90,1496
20,UserAuthAPI,1,69,68,1743
20,ProductCatalogAPI,64,165,101,1511
20,InventoryCheckAPI,166,221,55,717
20,FraudDetectionAPI,224,302,78,1812
20,PaymentGatewayAPI,304,366,62,1021
20,ShippingServiceAPI,370,443,73,1703
20,NotificationAPI,444,502,58,941
21,UserAuthAPI,1,109,108,1015
21,ProductCatalogAPI,111,230,119,757
21,InventoryCheckAPI,225,296,71,1998
21,FraudDetectionAPI,299,350,51,1189
21,PaymentGatewayAPI,352,424,72,1456
21,ShippingServiceAPI,426,477,51,1940
21,NotificationAPI,479,561,82,784
22,UserAuthAPI,1,86,85,1776
22,ProductCatalogAPI,81,155,74,1226
22,InventoryCheckAPI,150,197,47,1104
22,FraudDetectionAPI,200,273,73,614
22,PaymentGatewayAPI,274,381,107,1325
22,ShippingServiceAPI,383,497,114,912
22,NotificationAPI,492,552,60,1520
23,UserAuthAPI,1,50,49,956
23,ProductCatalogAPI,52,140,88,1622
23,InventoryCheckAPI,142,205,63,1162
23,FraudDetectionAPI,209,285,76,1892
23,PaymentGatewayAPI,287,349,62,716
23,ShippingServiceAPI,350,419,69,1796
23,NotificationAPI,421,473,52,1198
24,UserAuthAPI,1,52,51,944
24,ProductCatalogAPI,56,171,115,764
24,InventoryCheckAPI,172,289,117,1234
24,FraudDetectionAPI,293,348,55,1384
24,PaymentGatewayAPI,343,394,51,1548
24,ShippingServiceAPI,396,488,92,1674
24,NotificationAPI,491,569,78,608
25,UserAuthAPI,1,98,97,1434
25,ProductCatalogAPI,102,146,44,1686
25,InventoryCheckAPI,149,263,114,1157
25,FraudDetectionAPI,267,315,48,1597
25,PaymentGatewayAPI,318,374,56,1776
25,ShippingServiceAPI,377,462,85,1691
25,NotificationAPI,457,546,89,1294
26,UserAuthAPI,1,45,44,528
26,ProductCatalogAPI,40,87,47,1888
26,InventoryCheckAPI,88,144,56,1010
26,FraudDetectionAPI,148,232,84,1655
26,PaymentGatewayAPI,233,303,70,944
26,ShippingServiceAPI,304,382,78,590
26,NotificationAPI,383,441,58,538
27,UserAuthAPI,1,85,84,1152
27,ProductCatalogAPI,87,184,97,975
27,InventoryCheckAPI,187,265,78,1524
27,FraudDetectionAPI,267,368,101,1004
27,PaymentGatewayAPI,369,433,64,1323
27,ShippingServiceAPI,435,480,45,557
27,NotificationAPI,475,546,71,672
28,UserAuthAPI,1,61,60,579
28,ProductCatalogAPI,63,177,114,1263
28,InventoryCheckAPI,172,230,58,1964
28,FraudDetectionAPI,232,320,88,1666
28,PaymentGatewayAPI,322,415,93,1782
28,ShippingServiceAPI,419,515,96,1470
28,NotificationAPI,516,571,55,1467
29,UserAuthAPI,1,64,63,1167
29,ProductCatalogAPI,65,140,75,589
29,InventoryCheckAPI,141,240,99,1701
29,FraudDetectionAPI,241,321,80,1239
29,PaymentGatewayAPI,325,427,102,1668
29,ShippingServiceAPI,428,544,116,1231
29,NotificationAPI,545,597,52,1776
30,UserAuthAPI,1,109,108,949
30,ProductCatalogAPI,104,173,69,1765
30,InventoryCheckAPI,175,219,44,1642
30,FraudDetectionAPI,221,325,104,645
30,PaymentGatewayAPI,329,417,88,1352
30,ShippingServiceAPI,420,518,98,1294
30,NotificationAPI,520,592,72,604
31,UserAuthAPI,1,41,40,904
31,ProductCatalogAPI,36,81,45,975
31,InventoryCheckAPI,84,128,44,1270
31,FraudDetectionAPI,130,222,92,1176
31,PaymentGatewayAPI,225,281,56,1608
31,ShippingServiceAPI,283,323,40,550
31,NotificationAPI,324,367,43,1969
32,UserAuthAPI,1,72,71,533
32,ProductCatalogAPI,73,184,111,653
32,InventoryCheckAPI,186,279,93,617
32,FraudDetectionAPI,282,371,89,767
32,PaymentGatewayAPI,374,418,44,1489
32,ShippingServiceAPI,421,517,96,900
32,NotificationAPI,518,604,86,1418
33,UserAuthAPI,1,54,53,1077
33,ProductCatalogAPI,57,134,77,1263
33,InventoryCheckAPI,138,227,89,597
33,FraudDetectionAPI,229,347,118,1358
33,PaymentGatewayAPI,342,433,91,748
33,ShippingServiceAPI,435,553,118,1519
33,NotificationAPI,554,644,90,580
34,UserAuthAPI,1,44,43,637
34,ProductCatalogAPI,48,161,113,1284
34,InventoryCheckAPI,162,270,108,1045
34,FraudDetectionAPI,272,377,105,704
34,PaymentGatewayAPI,378,460,82,610
34,ShippingServiceAPI,461,555,94,1347
34,NotificationAPI,556,611,55,1399
35,UserAuthAPI,1,96,95,780
35,ProductCatalogAPI,99,205,106,1166
35,InventoryCheckAPI,207,296,89,560
35,FraudDetectionAPI,297,355,58,1528
35,PaymentGatewayAPI,356,437,81,1033
35,ShippingServiceAPI,432,472,40,1144
35,NotificationAPI,474,559,85,1045
36,UserAuthAPI,1,85,84,1596
36,ProductCatalogAPI,80,166,86,1644
36,InventoryCheckAPI,168,263,95,849
36,FraudDetectionAPI,264,351,87,836
36,PaymentGatewayAPI,352,392,40,507
36,ShippingServiceAPI,395,486,91,1218
36,NotificationAPI,488,583,95,1225
37,UserAuthAPI,1,68,67,577
37,ProductCatalogAPI,70,135,65,1025
37,InventoryCheckAPI,136,182,46,1526
37,FraudDetectionAPI,185,242,57,1305
37,PaymentGatewayAPI,244,298,54,1715
37,ShippingServiceAPI,299,366,67,1213
37,NotificationAPI,368,424,56,1754
38,UserAuthAPI,1,84,83,1036
38,ProductCatalogAPI,87,151,64,1917
38,InventoryCheckAPI,154,211,57,610
38,FraudDetectionAPI,213,286,73,1122
38,PaymentGatewayAPI,289,370,81,924
38,ShippingServiceAPI,371,462,91,1805
38,NotificationAPI,464,562,98,814
39,UserAuthAPI,1,73,72,1960
39,ProductCatalogAPI,74,183,109,1123
39,InventoryCheckAPI,184,298,114,1969
39,FraudDetectionAPI,299,362,63,1322
39,PaymentGatewayAPI,365,407,42,742
39,ShippingServiceAPI,402,477,75,1419
39,NotificationAPI,478,583,105,967
40,UserAuthAPI,1,44,43,1145
40,ProductCatalogAPI,48,138,90,1073
40,InventoryCheckAPI,142,260,118,1214
40,FraudDetectionAPI,262,352,90,672
40,PaymentGatewayAPI,355,464,109,1933
40,ShippingServiceAPI,465,523,58,1223
40,NotificationAPI,525,576,51,1058
41,UserAuthAPI,1,54,53,819
41,ProductCatalogAPI,49,99,50,1344
41,InventoryCheckAPI,101,173,72,1401
41,FraudDetectionAPI,174,223,49,760
41,PaymentGatewayAPI,218,301,83,1397
41,ShippingServiceAPI,302,343,41,820
41,NotificationAPI,344,456,112,1284
42,UserAuthAPI,1,55,54,1942
42,ProductCatalogAPI,56,144,88,817
42,InventoryCheckAPI,147,236,89,833
42,FraudDetectionAPI,240,354,114,1660
42,PaymentGatewayAPI,355,429,74,1012
42,ShippingServiceAPI,432,493,61,1872
42,NotificationAPI,494,547,53,1297
43,UserAuthAPI,1,77,76,504
43,ProductCatalogAPI,78,195,117,1933
43,InventoryCheckAPI,199,280,81,588
43,FraudDetectionAPI,282,393,111,1818
43,PaymentGatewayAPI,396,467,71,921
43,ShippingServiceAPI,469,571,102,642
43,NotificationAPI,573,629,56,1748
44,UserAuthAPI,1,106,105,1320
44,ProductCatalogAPI,110,200,90,1562
44,InventoryCheckAPI,201,246,45,1078
44,FraudDetectionAPI,248,359,111,1053
44,PaymentGatewayAPI,360,414,54,1812
44,ShippingServiceAPI,416,482,66,919
44,NotificationAPI,486,582,96,1620
45,UserAuthAPI,1,67,66,1450
45,ProductCatalogAPI,68,175,107,1097
45,InventoryCheckAPI,178,222,44,1364
45,FraudDetectionAPI,223,275,52,1682
45,PaymentGatewayAPI,276,367,91,514
45,ShippingServiceAPI,370,414,44,1680
45,NotificationAPI,415,530,115,629
46,UserAuthAPI,1,76,75,1815
46,ProductCatalogAPI,79,145,66,568
46,InventoryCheckAPI,148,261,113,1371
46,FraudDetectionAPI,263,374,111,522
46,PaymentGatewayAPI,376,461,85,862
46,ShippingServiceAPI,462,514,52,1457
46,NotificationAPI,515,614,99,1182
47,UserAuthAPI,1,108,107,1656
47,ProductCatalogAPI,112,223,111,626
47,InventoryCheckAPI,224,294,70,1901
47,FraudDetectionAPI,289,379,90,1552
47,PaymentGatewayAPI,380,460,80,1278
47,ShippingServiceAPI,462,547,85,1928
47,NotificationAPI,548,623,75,1705
48,UserAuthAPI,1,41,40,1066
48,ProductCatalogAPI,42,96,54,1160
48,InventoryCheckAPI,97,189,92,1660
48,FraudDetectionAPI,190,286,96,616
48,PaymentGatewayAPI,288,362,74,1074
48,ShippingServiceAPI,364,478,114,885
48,NotificationAPI,480,553,73,846
49,UserAuthAPI,1,83,82,1454
49,ProductCatalogAPI,85,175,90,1705
49,InventoryCheckAPI,176,286,110,1703
49,FraudDetectionAPI,288,360,72,676
49,PaymentGatewayAPI,363,424,61,1165
49,ShippingServiceAPI,419,507,88,1466
49,NotificationAPI,511,599,88,647
50,UserAuthAPI,1,103,102,1883
50,ProductCatalogAPI,105,145,40,1664
50,InventoryCheckAPI,146,236,90,1451
50,FraudDetectionAPI,239,310,71,1169
50,PaymentGatewayAPI,311,395,84,785
50,ShippingServiceAPI,398,456,58,517
50,NotificationAPI,457,543,86,1509
51,UserAuthAPI,1,78,77,1446
51,ProductCatalogAPI,79,119,40,1787
51,InventoryCheckAPI,122,164,42,1299
51,FraudDetectionAPI,165,238,73,1903
51,PaymentGatewayAPI,241,335,94,1999
51,ShippingServiceAPI,338,384,46,1872
51,NotificationAPI,386,482,96,1258
52,UserAuthAPI,1,99,98,827
52,ProductCatalogAPI,100,206,106,1574
52,InventoryCheckAPI,208,255,47,1941
52,FraudDetectionAPI,258,375,117,1811
52,PaymentGatewayAPI,378,433,55,951
52,ShippingServiceAPI,437,530,93,968
52,NotificationAPI,532,626,94,1443
53,UserAuthAPI,1,114,113,1274
53,ProductCatalogAPI,117,175,58,1904
53,InventoryCheckAPI,178,246,68,1199
53,FraudDetectionAPI,249,289,40,1314
53,PaymentGatewayAPI,291,341,50,1245
53,ShippingServiceAPI,344,450,106,970
53,NotificationAPI,445,504,59,760
54,UserAuthAPI,1,49,48,1749
54,ProductCatalogAPI,52,115,63,1092
54,InventoryCheckAPI,118,216,98,627
54,FraudDetectionAPI,217,270,53,1020
54,PaymentGatewayAPI,272,336,64,1882
54,ShippingServiceAPI,337,398,61,1758
54,NotificationAPI,400,465,65,941
55,UserAuthAPI,1,77,76,574
55,ProductCatalogAPI,80,161,81,1879
55,InventoryCheckAPI,163,236,73,1540
55,FraudDetectionAPI,238,353,115,841
55,PaymentGatewayAPI,354,450,96,1810
55,ShippingServiceAPI,453,532,79,1109
55,NotificationAPI,534,626,92,954
56,UserAuthAPI,1,57,56,1421
56,ProductCatalogAPI,59,160,101,1133
56,InventoryCheckAPI,162,203,41,1519
56,FraudDetectionAPI,207,311,104,1318
56,PaymentGatewayAPI,306,371,65,528
56,ShippingServiceAPI,372,451,79,510
56,NotificationAPI,452,550,98,1306
57,UserAuthAPI,1,94,93,597
57,ProductCatalogAPI,95,158,63,1257
57,InventoryCheckAPI,159,254,95,1812
57,FraudDetectionAPI,255,314,59,1990
57,PaymentGatewayAPI,316,417,101,864
57,ShippingServiceAPI,418,530,112,653
57,NotificationAPI,532,644,112,1212
58,UserAuthAPI,1,41,40,1740
58,ProductCatalogAPI,44,125,81,524
58,InventoryCheckAPI,126,168,42,1752
58,FraudDetectionAPI,163,253,90,601
58,PaymentGatewayAPI,255,313,58,1567
58,ShippingServiceAPI,316,404,88,1456
58,NotificationAPI,407,503,96,511
59,UserAuthAPI,1,48,47,1160
59,ProductCatalogAPI,51,170,119,1209
59,InventoryCheckAPI,174,225,51,988
59,FraudDetectionAPI,229,315,86,1811
59,PaymentGatewayAPI,318,428,110,900
59,ShippingServiceAPI,429,475,46,834
59,NotificationAPI,477,525,48,1382
60,UserAuthAPI,1,99,98,1226
60,ProductCatalogAPI,102,180,78,1494
60,InventoryCheckAPI,181,237,56,1682
60,FraudDetectionAPI,238,337,99,1621
60,PaymentGatewayAPI,340,422,82,1435
60,ShippingServiceAPI,424,502,78,996
60,NotificationAPI,504,568,64,1920
61,UserAuthAPI,1,56,55,992
61,ProductCatalogAPI,58,163,105,810
61,InventoryCheckAPI,165,238,73,913
61,FraudDetectionAPI,233,285,52,1664
61,PaymentGatewayAPI,286,364,78,1313
61,ShippingServiceAPI,365,466,101,976
61,NotificationAPI,461,557,96,771
62,UserAuthAPI,1,50,49,1425
62,ProductCatalogAPI,52,96,44,1076
62,InventoryCheckAPI,97,139,42,1952
62,FraudDetectionAPI,140,209,69,823
62,PaymentGatewayAPI,212,288,76,931
62,ShippingServiceAPI,283,401,118,1084
62,NotificationAPI,402,509,107,1663
63,UserAuthAPI,1,77,76,560
63,ProductCatalogAPI,78,187,109,1306
63,InventoryCheckAPI,190,275,85,1867
63,FraudDetectionAPI,277,393,116,725
63,PaymentGatewayAPI,394,485,91,1271
63,ShippingServiceAPI,486,545,59,1833
63,NotificationAPI,547,660,113,1630
64,UserAuthAPI,1,81,80,1252
64,ProductCatalogAPI,85,130,45,553
64,InventoryCheckAPI,134,222,88,1622
64,FraudDetectionAPI,224,324,100,918
64,PaymentGatewayAPI,327,428,101,1668
64,ShippingServiceAPI,429,500,71,1280
64,NotificationAPI,501,613,112,1079
65,UserAuthAPI,1,51,50,1451
65,ProductCatalogAPI,52,120,68,1718
65,InventoryCheckAPI,124,239,115,669
65,FraudDetectionAPI,242,321,79,1784
65,PaymentGatewayAPI,324,442,118,537
65,ShippingServiceAPI,443,487,44,1699
65,NotificationAPI,489,598,109,536
66,UserAuthAPI,1,117,116,1295
66,ProductCatalogAPI,112,191,79,1824
66,InventoryCheckAPI,193,290,97,1846
66,FraudDetectionAPI,291,370,79,1812
66,PaymentGatewayAPI,373,431,58,835
66,ShippingServiceAPI,433,531,98,1315
66,NotificationAPI,534,618,84,1868
67,UserAuthAPI,1,103,102,921
67,ProductCatalogAPI,104,148,44,1056
67,InventoryCheckAPI,151,221,70,1034
67,FraudDetectionAPI,216,287,71,862
67,PaymentGatewayAPI,288,366,78,581
67,ShippingServiceAPI,369,486,117,1088
67,NotificationAPI,488,566,78,1747
68,UserAuthAPI,1,67,66,1636
68,ProductCatalogAPI,69,168,99,947
68,InventoryCheckAPI,170,244,74,1507
68,FraudDetectionAPI,245,314,69,1978
68,PaymentGatewayAPI,316,418,102,1935
68,ShippingServiceAPI,420,496,76,1488
68,NotificationAPI,499,558,59,983
69,UserAuthAPI,1,104,103,1540
69,ProductCatalogAPI,107,163,56,1385
69,InventoryCheckAPI,164,253,89,1793
69,FraudDetectionAPI,257,325,68,1215
69,PaymentGatewayAPI,328,419,91,880
69,ShippingServiceAPI,420,488,68,1406
69,NotificationAPI,491,609,118,1446
70,UserAuthAPI,1,66,65,1953
70,ProductCatalogAPI,68,111,43,1622
70,InventoryCheckAPI,113,191,78,1794
70,FraudDetectionAPI,194,262,68,1598
70,PaymentGatewayAPI,263,304,41,1473
70,ShippingServiceAPI,305,419,114,1348
70,NotificationAPI,423,518,95,1488
71,UserAuthAPI,1,120,119,1368
71,ProductCatalogAPI,122,167,45,1976
71,InventoryCheckAPI,171,211,40,1069
71,FraudDetectionAPI,214,268,54,1685
71,PaymentGatewayAPI,269,372,103,1508
71,ShippingServiceAPI,374,425,51,1794
71,NotificationAPI,427,493,66,1583
72,UserAuthAPI,1,57,56,1832
72,ProductCatalogAPI,58,124,66,698
72,InventoryCheckAPI,126,229,103,1192
72,FraudDetectionAPI,233,275,42,1415
72,PaymentGatewayAPI,278,342,64,1233
72,ShippingServiceAPI,343,399,56,1759
72,NotificationAPI,400,448,48,1516
73,UserAuthAPI,1,42,41,1867
73,ProductCatalogAPI,44,147,103,1220
73,InventoryCheckAPI,142,199,57,1843
73,FraudDetectionAPI,200,277,77,510
73,PaymentGatewayAPI,279,351,72,601
73,ShippingServiceAPI,355,405,50,713
73,NotificationAPI,408,488,80,900
74,UserAuthAPI,1,86,85,1986
74,ProductCatalogAPI,88,147,59,1172
74,InventoryCheckAPI,149,220,71,741
74,FraudDetectionAPI,221,262,41,724
74,PaymentGatewayAPI,257,373,116,1088
74,ShippingServiceAPI,368,429,61,1626
74,NotificationAPI,430,515,85,621
75,UserAuthAPI,1,84,83,1828
75,ProductCatalogAPI,88,188,100,1134
75,InventoryCheckAPI,183,228,45,1596
75,FraudDetectionAPI,223,294,71,1052
75,PaymentGatewayAPI,297,344,47,1841
75,ShippingServiceAPI,347,393,46,958
75,NotificationAPI,396,439,43,1913
76,UserAuthAPI,1,66,65,1394
76,ProductCatalogAPI,68,148,80,1373
76,InventoryCheckAPI,150,201,51,586
76,FraudDetectionAPI,203,267,64,1824
76,PaymentGatewayAPI,269,327,58,1249
76,ShippingServiceAPI,328,375,47,808
76,NotificationAPI,377,467,90,1413
77,UserAuthAPI,1,77,76,1875
77,ProductCatalogAPI,79,177,98,1423
77,InventoryCheckAPI,178,252,74,944
77,FraudDetectionAPI,247,349,102,1730
77,PaymentGatewayAPI,350,465,115,1361
77,ShippingServiceAPI,469,566,97,1456
77,NotificationAPI,569,645,76,1015
78,UserAuthAPI,1,60,59,1455
78,ProductCatalogAPI,55,143,88,1446
78,InventoryCheckAPI,145,220,75,1773
78,FraudDetectionAPI,223,328,105,834
78,PaymentGatewayAPI,332,377,45,794
78,ShippingServiceAPI,378,475,97,1769
78,NotificationAPI,476,518,42,1760
79,UserAuthAPI,1,61,60,1410
79,ProductCatalogAPI,62,127,65,599
79,InventoryCheckAPI,131,212,81,1439
79,FraudDetectionAPI,213,254,41,874
79,PaymentGatewayAPI,256,333,77,1504
79,ShippingServiceAPI,335,434,99,880
79,NotificationAPI,436,477,41,1337
80,UserAuthAPI,1,68,67,565
80,ProductCatalogAPI,71,115,44,1972
80,InventoryCheckAPI,118,213,95,800
80,FraudDetectionAPI,214,284,70,1918
80,PaymentGatewayAPI,287,340,53,1091
80,ShippingServiceAPI,342,391,49,1343
80,NotificationAPI,394,434,40,632
81,UserAuthAPI,1,83,82,1471
81,ProductCatalogAPI,86,189,103,1385
81,InventoryCheckAPI,190,266,76,1186
81,FraudDetectionAPI,268,344,76,804
81,PaymentGatewayAPI,347,430,83,655
81,ShippingServiceAPI,433,478,45,1119
81,NotificationAPI,480,539,59,833
82,UserAuthAPI,1,77,76,1543
82,ProductCatalogAPI,72,112,40,618
82,InventoryCheckAPI,113,211,98,1336
82,FraudDetectionAPI,212,302,90,1729
82,PaymentGatewayAPI,304,363,59,1192
82,ShippingServiceAPI,365,447,82,625
82,NotificationAPI,451,540,89,1708
83,UserAuthAPI,1,96,95,994
83,ProductCatalogAPI,98,160,62,1951
83,InventoryCheckAPI,162,224,62,883
83,FraudDetectionAPI,225,316,91,1859
83,PaymentGatewayAPI,320,367,47,1864
83,ShippingServiceAPI,362,409,47,1168
83,NotificationAPI,411,455,44,585
84,UserAuthAPI,1,105,104,810
84,ProductCatalogAPI,109,191,82,1937
84,InventoryCheckAPI,193,249,56,802
84,FraudDetectionAPI,251,366,115,1486
84,PaymentGatewayAPI,370,455,85,1300
84,ShippingServiceAPI,457,527,70,1576
84,NotificationAPI,529,630,101,1743
85,UserAuthAPI,1,104,103,1074
85,ProductCatalogAPI,108,188,80,1612
85,InventoryCheckAPI,191,303,112,1088
85,FraudDetectionAPI,304,418,114,1847
85,PaymentGatewayAPI,420,463,43,518
85,ShippingServiceAPI,466,518,52,1500
85,NotificationAPI,519,633,114,1867
86,UserAuthAPI,1,111,110,1224
86,ProductCatalogAPI,112,227,115,1210
86,InventoryCheckAPI,229,287,58,1327
86,FraudDetectionAPI,289,361,72,804
86,PaymentGatewayAPI,363,437,74,601
86,ShippingServiceAPI,432,543,111,1473
86,NotificationAPI,545,630,85,1526
87,UserAuthAPI,1,112,111,1315
87,ProductCatalogAPI,115,182,67,1128
87,InventoryCheckAPI,185,249,64,511
87,FraudDetectionAPI,250,337,87,1816
87,PaymentGatewayAPI,338,392,54,542
87,ShippingServiceAPI,395,504,109,997
87,NotificationAPI,507,589,82,1504
88,UserAuthAPI,1,120,119,1640
88,ProductCatalogAPI,123,187,64,1214
88,InventoryCheckAPI,188,295,107,1288
88,FraudDetectionAPI,297,355,58,1857
88,PaymentGatewayAPI,357,448,91,993
88,ShippingServiceAPI,449,516,67,790
88,NotificationAPI,518,593,75,1169
89,UserAuthAPI,1,89,88,1088
89,ProductCatalogAPI,91,205,114,1786
89,InventoryCheckAPI,207,320,113,1562
89,FraudDetectionAPI,322,432,110,1458
89,PaymentGatewayAPI,433,514,81,944
89,ShippingServiceAPI,515,590,75,1607
89,NotificationAPI,592,638,46,1908
90,UserAuthAPI,1,85,84,1885
90,ProductCatalogAPI,86,138,52,1386
90,InventoryCheckAPI,140,200,60,1225
90,FraudDetectionAPI,202,267,65,1020
90,PaymentGatewayAPI,269,350,81,1083
90,ShippingServiceAPI,353,441,88,1677
90,NotificationAPI,442,549,107,549
91,UserAuthAPI,1,100,99,1690
91,ProductCatalogAPI,102,159,57,1414
91,InventoryCheckAPI,161,255,94,741
91,FraudDetectionAPI,256,344,88,982
91,PaymentGatewayAPI,347,419,72,1130
91,ShippingServiceAPI,421,482,61,1955
91,NotificationAPI,483,557,74,1487
92,UserAuthAPI,1,51,50,1149
92,ProductCatalogAPI,52,168,116,1008
92,InventoryCheckAPI,163,227,64,1269
92,FraudDetectionAPI,228,274,46,1897
92,PaymentGatewayAPI,276,356,80,958
92,ShippingServiceAPI,360,459,99,801
92,NotificationAPI,460,541,81,787
93,UserAuthAPI,1,76,75,1243
93,ProductCatalogAPI,78,153,75,572
93,InventoryCheckAPI,154,263,109,924
93,FraudDetectionAPI,265,317,52,1060
93,PaymentGatewayAPI,320,419,99,1016
93,ShippingServiceAPI,414,485,71,648
93,NotificationAPI,486,597,111,566
94,UserAuthAPI,1,98,97,1782
94,ProductCatalogAPI,99,140,41,1226
94,InventoryCheckAPI,141,215,74,853
94,FraudDetectionAPI,217,264,47,1161
94,PaymentGatewayAPI,266,341,75,952
94,ShippingServiceAPI,342,412,70,1826
94,NotificationAPI,413,532,119,1117
95,UserAuthAPI,1,95,94,1411
95,ProductCatalogAPI,90,145,55,1479
95,InventoryCheckAPI,147,216,69,736
95,FraudDetectionAPI,217,261,44,1771
95,PaymentGatewayAPI,263,332,69,648
95,ShippingServiceAPI,327,388,61,1477
95,NotificationAPI,391,462,71,1684
96,UserAuthAPI,1,116,115,1237
96,ProductCatalogAPI,111,186,75,980
96,InventoryCheckAPI,187,292,105,860
96,FraudDetectionAPI,287,399,112,948
96,PaymentGatewayAPI,400,491,91,1930
96,ShippingServiceAPI,495,589,94,761
96,NotificationAPI,593,675,82,642
97,UserAuthAPI,1,52,51,1762
97,ProductCatalogAPI,53,130,77,1093
97,InventoryCheckAPI,132,201,69,1739
97,FraudDetectionAPI,203,320,117,633
97,PaymentGatewayAPI,321,367,46,1447
97,ShippingServiceAPI,370,424,54,1928
97,NotificationAPI,419,460,41,1430
98,UserAuthAPI,1,60,59,765
98,ProductCatalogAPI,63,127,64,752
98,InventoryCheckAPI,130,205,75,594
98,FraudDetectionAPI,207,326,119,1321
98,PaymentGatewayAPI,329,420,91,1398
98,ShippingServiceAPI,424,469,45,1548
98,NotificationAPI,471,518,47,1416
99,UserAuthAPI,1,65,64,1602
99,ProductCatalogAPI,69,168,99,1535
99,InventoryCheckAPI,172,224,52,1042
99,FraudDetectionAPI,226,283,57,1488
99,PaymentGatewayAPI,284,329,45,1171
99,ShippingServiceAPI,330,371,41,1583
99,NotificationAPI,372,442,70,1510
100,UserAuthAPI,1,74,73,1277
100,ProductCatalogAPI,75,125,50,1189
100,InventoryCheckAPI,120,215,95,1986
100,FraudDetectionAPI,219,267,48,1622
100,PaymentGatewayAPI,262,329,67,689
100,ShippingServiceAPI,330,376,46,1603
100,NotificationAPI,378,421,43,1284
101,UserAuthAPI,1,92,91,1744
101,ProductCatalogAPI,94,171,77,1754
101,InventoryCheckAPI,174,276,102,1267
101,FraudDetectionAPI,277,323,46,654
101,PaymentGatewayAPI,325,378,53,954
101,ShippingServiceAPI,381,425,44,1009
101,NotificationAPI,426,527,101,904
102,UserAuthAPI,1,119,118,1160
102,ProductCatalogAPI,122,219,97,1946
102,InventoryCheckAPI,221,273,52,712
102,FraudDetectionAPI,276,368,92,837
102,PaymentGatewayAPI,363,434,71,663
102,ShippingServiceAPI,435,534,99,894
102,NotificationAPI,536,627,91,682
103,UserAuthAPI,1,108,107,1045
103,ProductCatalogAPI,109,200,91,1945
103,InventoryCheckAPI,201,282,81,896
103,FraudDetectionAPI,283,386,103,516
103,PaymentGatewayAPI,388,468,80,628
103,ShippingServiceAPI,471,558,87,528
103,NotificationAPI,559,656,97,731
104,UserAuthAPI,1,115,114,1258
104,ProductCatalogAPI,117,215,98,1225
104,InventoryCheckAPI,217,335,118,1455
104,FraudDetectionAPI,337,421,84,966
104,PaymentGatewayAPI,422,505,83,948
104,ShippingServiceAPI,507,554,47,1344
104,NotificationAPI,549,631,82,1908
105,UserAuthAPI,1,64,63,1163
105,ProductCatalogAPI,59,118,59,776
105,InventoryCheckAPI,119,189,70,865
105,FraudDetectionAPI,193,284,91,898
105,PaymentGatewayAPI,288,355,67,1062
105,ShippingServiceAPI,356,400,44,1272
105,NotificationAPI,402,449,47,1843
106,UserAuthAPI,1,48,47,859
106,ProductCatalogAPI,50,155,105,962
106,InventoryCheckAPI,156,244,88,1905
106,FraudDetectionAPI,245,325,80,716
106,PaymentGatewayAPI,327,428,101,1266
106,ShippingServiceAPI,432,492,60,1151
106,NotificationAPI,494,535,41,873
107,UserAuthAPI,1,72,71,850
107,ProductCatalogAPI,74,145,71,1391
107,InventoryCheckAPI,146,195,49,1282
107,FraudDetectionAPI,196,253,57,682
107,PaymentGatewayAPI,248,346,98,1345
107,ShippingServiceAPI,348,409,61,913
107,NotificationAPI,413,496,83,1811
108,UserAuthAPI,1,61,60,621
108,ProductCatalogAPI,64,142,78,996
108,InventoryCheckAPI,143,229,86,648
108,FraudDetectionAPI,232,292,60,801
108,PaymentGatewayAPI,295,341,46,1162
108,ShippingServiceAPI,343,457,114,755
108,NotificationAPI,459,520,61,1359
109,UserAuthAPI,1,42,41,1040
109,ProductCatalogAPI,44,135,91,782
109,InventoryCheckAPI,139,257,118,1930
109,FraudDetectionAPI,260,376,116,777
109,PaymentGatewayAPI,378,478,100,1876
109,ShippingServiceAPI,480,582,102,518
109,NotificationAPI,583,652,69,607
110,UserAuthAPI,1,48,47,861
110,ProductCatalogAPI,50,161,111,628
110,InventoryCheckAPI,164,206,42,948
110,FraudDetectionAPI,207,310,103,1373
110,PaymentGatewayAPI,312,361,49,1928
110,ShippingServiceAPI,364,430,66,1589
110,NotificationAPI,431,483,52,1916
111,UserAuthAPI,1,98,97,1065
111,ProductCatalogAPI,101,218,117,1537
111,InventoryCheckAPI,221,313,92,1900
111,FraudDetectionAPI,315,370,55,1514
111,PaymentGatewayAPI,372,469,97,631
111,ShippingServiceAPI,470,513,43,1543
111,NotificationAPI,516,581,65,1992
112,UserAuthAPI,1,61,60,701
112,ProductCatalogAPI,63,106,43,687
112,InventoryCheckAPI,109,168,59,772
112,FraudDetectionAPI,170,213,43,1744
112,PaymentGatewayAPI,215,334,119,1197
112,ShippingServiceAPI,336,379,43,1265
112,NotificationAPI,381,450,69,1093
113,UserAuthAPI,1,100,99,559
113,ProductCatalogAPI,101,203,102,710
113,InventoryCheckAPI,198,313,115,1041
113,FraudDetectionAPI,317,387,70,1367
113,PaymentGatewayAPI,389,476,87,1239
113,ShippingServiceAPI,477,571,94,980
113,NotificationAPI,566,652,86,1470
114,UserAuthAPI,1,85,84,660
114,ProductCatalogAPI,87,130,43,1159
114,InventoryCheckAPI,133,187,54,577
114,FraudDetectionAPI,190,238,48,1101
114,PaymentGatewayAPI,240,340,100,637
114,ShippingServiceAPI,341,457,116,753
114,NotificationAPI,459,568,109,1062
115,UserAuthAPI,1,82,81,1046
115,ProductCatalogAPI,84,192,108,1872
115,InventoryCheckAPI,194,282,88,1416
115,FraudDetectionAPI,284,328,44,855
115,PaymentGatewayAPI,329,372,43,1137
115,ShippingServiceAPI,375,449,74,1140
115,NotificationAPI,452,561,109,1308
116,UserAuthAPI,1,100,99,1887
116,ProductCatalogAPI,101,171,70,1484
116,InventoryCheckAPI,175,244,69,1931
116,FraudDetectionAPI,239,308,69,1865
116,PaymentGatewayAPI,309,383,74,1743
116,ShippingServiceAPI,386,435,49,1923
116,NotificationAPI,438,554,116,1081
117,UserAuthAPI,1,85,84,1751
117,ProductCatalogAPI,80,176,96,695
117,InventoryCheckAPI,177,223,46,1593
117,FraudDetectionAPI,226,297,71,1726
117,PaymentGatewayAPI,301,355,54,1443
117,ShippingServiceAPI,359,440,81,991
117,NotificationAPI,443,496,53,1836
118,UserAuthAPI,1,61,60,1605
118,ProductCatalogAPI,62,138,76,1483
118,InventoryCheckAPI,139,190,51,944
118,FraudDetectionAPI,191,280,89,1128
118,PaymentGatewayAPI,281,391,110,1097
118,ShippingServiceAPI,393,456,63,1072
118,NotificationAPI,459,556,97,542
119,UserAuthAPI,1,89,88,1028
119,ProductCatalogAPI,91,200,109,1109
119,InventoryCheckAPI,202,246,44,521
119,FraudDetectionAPI,249,354,105,1341
119,PaymentGatewayAPI,356,446,90,1136
119,ShippingServiceAPI,449,564,115,843
119,NotificationAPI,567,644,77,1070
120,UserAuthAPI,1,104,103,742
120,ProductCatalogAPI,107,210,103,531
120,InventoryCheckAPI,211,270,59,1677
120,FraudDetectionAPI,271,325,54,875
120,PaymentGatewayAPI,326,444,118,1127
120,ShippingServiceAPI,447,513,66,1904
120,NotificationAPI,515,612,97,1549
121,UserAuthAPI,1,106,105,1777
121,ProductCatalogAPI,107,190,83,1620
121,InventoryCheckAPI,191,236,45,1178
121,FraudDetectionAPI,238,327,89,1950
121,PaymentGatewayAPI,330,420,90,1278
121,ShippingServiceAPI,421,534,113,507
121,NotificationAPI,535,615,80,663
122,UserAuthAPI,1,112,111,1066
122,ProductCatalogAPI,114,168,54,737
122,InventoryCheckAPI,170,251,81,1327
122,FraudDetectionAPI,253,304,51,885
122,PaymentGatewayAPI,305,347,42,1376
122,ShippingServiceAPI,351,430,79,985
122,NotificationAPI,431,471,40,1514
123,UserAuthAPI,1,72,71,1187
123,ProductCatalogAPI,73,116,43,1489
123,InventoryCheckAPI,118,176,58,1043
123,FraudDetectionAPI,177,227,50,1313
123,PaymentGatewayAPI,228,268,40,1074
123,ShippingServiceAPI,270,330,60,1169
123,NotificationAPI,332,375,43,1423
124,UserAuthAPI,1,99,98,746
124,ProductCatalogAPI,100,208,108,630
124,InventoryCheckAPI,210,274,64,1429
124,FraudDetectionAPI,275,319,44,726
124,PaymentGatewayAPI,320,368,48,1895
124,ShippingServiceAPI,372,417,45,710
124,NotificationAPI,420,470,50,1973
125,UserAuthAPI,1,113,112,1224
125,ProductCatalogAPI,114,156,42,1087
125,InventoryCheckAPI,157,217,60,655
125,FraudDetectionAPI,220,321,101,1940
125,PaymentGatewayAPI,322,413,91,1045
125,ShippingServiceAPI,414,500,86,837
125,NotificationAPI,503,599,96,778
126,UserAuthAPI,1,62,61,772
126,ProductCatalogAPI,65,115,50,1361
126,InventoryCheckAPI,119,193,74,788
126,FraudDetectionAPI,194,249,55,1589
126,PaymentGatewayAPI,250,317,67,1570
126,ShippingServiceAPI,318,430,112,623
126,NotificationAPI,434,536,102,1015
127,UserAuthAPI,1,87,86,642
127,ProductCatalogAPI,88,184,96,1448
127,InventoryCheckAPI,186,239,53,959
127,FraudDetectionAPI,240,288,48,1344
127,PaymentGatewayAPI,291,336,45,1774
127,ShippingServiceAPI,331,429,98,1877
127,NotificationAPI,431,508,77,641
128,UserAuthAPI,1,112,111,1201
128,ProductCatalogAPI,113,182,69,1095
128,InventoryCheckAPI,177,256,79,1355
128,FraudDetectionAPI,251,312,61,582
128,PaymentGatewayAPI,316,358,42,1949
128,ShippingServiceAPI,360,427,67,1479
128,NotificationAPI,431,548,117,1586
129,UserAuthAPI,1,59,58,1442
129,ProductCatalogAPI,61,138,77,1960
129,InventoryCheckAPI,140,219,79,964
129,FraudDetectionAPI,220,323,103,1172
129,PaymentGatewayAPI,325,378,53,1726
129,ShippingServiceAPI,373,471,98,833
129,NotificationAPI,474,581,107,567
130,UserAuthAPI,1,42,41,1650
130,ProductCatalogAPI,44,99,55,976
130,InventoryCheckAPI,102,189,87,767
130,FraudDetectionAPI,191,294,103,993
130,PaymentGatewayAPI,297,357,60,1848
130,ShippingServiceAPI,358,464,106,1512
130,NotificationAPI,459,559,100,1847
131,UserAuthAPI,1,105,104,1531
131,ProductCatalogAPI,107,193,86,1947
131,InventoryCheckAPI,194,309,115,673
131,FraudDetectionAPI,312,370,58,525
131,PaymentGatewayAPI,371,432,61,731
131,ShippingServiceAPI,436,513,77,1004
131,NotificationAPI,516,559,43,1978
132,UserAuthAPI,1,44,43,1929
132,ProductCatalogAPI,47,153,106,1353
132,InventoryCheckAPI,154,227,73,846
132,FraudDetectionAPI,230,270,40,1610
132,PaymentGatewayAPI,272,336,64,1072
132,ShippingServiceAPI,338,404,66,1990
132,NotificationAPI,405,509,104,940
133,UserAuthAPI,1,80,79,641
133,ProductCatalogAPI,82,177,95,1152
133,InventoryCheckAPI,179,267,88,1825
133,FraudDetectionAPI,262,309,47,1054
133,PaymentGatewayAPI,312,390,78,840
133,ShippingServiceAPI,392,495,103,817
133,NotificationAPI,496,589,93,881
134,UserAuthAPI,1,77,76,1316
134,ProductCatalogAPI,79,139,60,1318
134,InventoryCheckAPI,142,236,94,1564
134,FraudDetectionAPI,231,334,103,1278
134,PaymentGatewayAPI,329,379,50,1856
134,ShippingServiceAPI,383,467,84,500
134,NotificationAPI,468,526,58,1855
135,UserAuthAPI,1,101,100,1632
135,ProductCatalogAPI,103,175,72,1824
135,InventoryCheckAPI,178,286,108,1019
135,FraudDetectionAPI,289,374,85,1866
135,PaymentGatewayAPI,377,463,86,1226
135,ShippingServiceAPI,458,515,57,1847
135,NotificationAPI,516,591,75,1093
136,UserAuthAPI,1,68,67,1435
136,ProductCatalogAPI,71,186,115,1901
136,InventoryCheckAPI,187,267,80,1458
136,FraudDetectionAPI,269,382,113,949
136,PaymentGatewayAPI,385,501,116,1789
136,ShippingServiceAPI,503,593,90,1641
136,NotificationAPI,594,672,78,1270
137,UserAuthAPI,1,67,66,1128
137,ProductCatalogAPI,71,148,77,886
137,InventoryCheckAPI,150,229,79,757
137,FraudDetectionAPI,224,275,51,918
137,PaymentGatewayAPI,277,371,94,1485
137,ShippingServiceAPI,375,476,101,548
137,NotificationAPI,477,541,64,1802
138,UserAuthAPI,1,78,77,776
138,ProductCatalogAPI,80,137,57,919
138,InventoryCheckAPI,139,251,112,1553
138,FraudDetectionAPI,253,324,71,1974
138,PaymentGatewayAPI,326,409,83,1346
138,ShippingServiceAPI,412,474,62,859
138,NotificationAPI,477,548,71,1641
139,UserAuthAPI,1,73,72,1178
139,ProductCatalogAPI,75,142,67,1432
139,InventoryCheckAPI,144,220,76,1332
139,FraudDetectionAPI,221,280,59,1725
139,PaymentGatewayAPI,282,356,74,1950
139,ShippingServiceAPI,357,407,50,1316
139,NotificationAPI,408,511,103,824
140,UserAuthAPI,1,88,87,1963
140,ProductCatalogAPI,92,196,104,1554
140,InventoryCheckAPI,198,287,89,1336
140,FraudDetectionAPI,288,386,98,574
140,PaymentGatewayAPI,387,452,65,1678
140,ShippingServiceAPI,453,556,103,1757
140,NotificationAPI,557,602,45,624
141,UserAuthAPI,1,70,69,984
141,ProductCatalogAPI,73,149,76,669
141,InventoryCheckAPI,150,224,74,1610
141,FraudDetectionAPI,226,283,57,700
141,PaymentGatewayAPI,287,403,116,558
141,ShippingServiceAPI,407,463,56,608
141,NotificationAPI,467,528,61,567
142,UserAuthAPI,1,89,88,1173
142,ProductCatalogAPI,90,182,92,1902
142,InventoryCheckAPI,185,227,42,1877
142,FraudDetectionAPI,228,318,90,1261
142,PaymentGatewayAPI,313,398,85,882
142,ShippingServiceAPI,399,482,83,638
142,NotificationAPI,484,524,40,1803
143,UserAuthAPI,1,53,52,1634
143,ProductCatalogAPI,56,146,90,1008
143,InventoryCheckAPI,150,213,63,1261
143,FraudDetectionAPI,215,262,47,1807
143,PaymentGatewayAPI,265,340,75,563
143,ShippingServiceAPI,342,392,50,1663
143,NotificationAPI,387,437,50,975
144,UserAuthAPI,1,96,95,1543
144,ProductCatalogAPI,98,149,51,1382
144,InventoryCheckAPI,151,238,87,1119
144,FraudDetectionAPI,240,349,109,1522
144,PaymentGatewayAPI,350,464,114,1940
144,ShippingServiceAPI,466,528,62,898
144,NotificationAPI,530,633,103,1260
145,UserAuthAPI,1,91,90,1473
145,ProductCatalogAPI,93,183,90,1271
145,InventoryCheckAPI,186,260,74,1571
145,FraudDetectionAPI,264,375,111,615
145,PaymentGatewayAPI,370,481,111,646
145,ShippingServiceAPI,482,588,106,942
145,NotificationAPI,583,669,86,786
146,UserAuthAPI,1,62,61,1872
146,ProductCatalogAPI,57,163,106,1405
146,InventoryCheckAPI,164,224,60,1727
146,FraudDetectionAPI,227,290,63,1195
146,PaymentGatewayAPI,292,378,86,1686
146,ShippingServiceAPI,382,429,47,1293
146,NotificationAPI,432,542,110,1041
147,UserAuthAPI,1,105,104,1815
147,ProductCatalogAPI,108,148,40,1410
147,InventoryCheckAPI,149,196,47,687
147,FraudDetectionAPI,198,238,40,1046
147,PaymentGatewayAPI,240,302,62,1788
147,ShippingServiceAPI,305,422,117,1907
147,NotificationAPI,424,538,114,1878
148,UserAuthAPI,1,54,53,687
148,ProductCatalogAPI,56,129,73,544
148,InventoryCheckAPI,133,188,55,1589
148,FraudDetectionAPI,183,256,73,1903
148,PaymentGatewayAPI,259,358,99,821
148,ShippingServiceAPI,353,405,52,683
148,NotificationAPI,406,479,73,794
149,UserAuthAPI,1,118,117,1131
149,ProductCatalogAPI,120,186,66,1232
149,InventoryCheckAPI,188,266,78,820
149,FraudDetectionAPI,268,337,69,936
149,PaymentGatewayAPI,332,390,58,1576
149,ShippingServiceAPI,392,456,64,1225
149,NotificationAPI,457,551,94,1546
150,UserAuthAPI,1,114,113,1533
150,ProductCatalogAPI,117,210,93,1159
150,InventoryCheckAPI,212,265,53,1701
150,FraudDetectionAPI,268,360,92,907
150,PaymentGatewayAPI,361,430,69,1202
150,ShippingServiceAPI,431,529,98,1994
150,NotificationAPI,532,583,51,1813
151,UserAuthAPI,1,115,114,1372
151,ProductCatalogAPI,118,236,118,1964
151,InventoryCheckAPI,231,296,65,1619
151,FraudDetectionAPI,298,387,89,889
151,PaymentGatewayAPI,388,491,103,1680
151,ShippingServiceAPI,495,599,104,636
151,NotificationAPI,602,685,83,1975
152,UserAuthAPI,1,55,54,1318
152,ProductCatalogAPI,57,145,88,697
152,InventoryCheckAPI,146,261,115,1190
152,FraudDetectionAPI,256,353,97,970
152,PaymentGatewayAPI,355,427,72,1131
152,ShippingServiceAPI,429,515,86,522
152,NotificationAPI,516,568,52,1624
153,UserAuthAPI,1,51,50,1975
153,ProductCatalogAPI,54,166,112,1032
153,InventoryCheckAPI,168,219,51,1816
153,FraudDetectionAPI,214,301,87,1370
153,PaymentGatewayAPI,303,383,80,1878
153,ShippingServiceAPI,385,442,57,726
153,NotificationAPI,443,553,110,1536
154,UserAuthAPI,1,53,52,1623
154,ProductCatalogAPI,56,111,55,1148
154,InventoryCheckAPI,113,227,114,1451
154,FraudDetectionAPI,229,313,84,661
154,PaymentGatewayAPI,314,361,47,1786
154,ShippingServiceAPI,362,404,42,1551
154,NotificationAPI,408,491,83,1672
155,UserAuthAPI,1,94,93,1961
155,ProductCatalogAPI,96,156,60,1775
155,InventoryCheckAPI,151,203,52,1836
155,FraudDetectionAPI,206,299,93,1064
155,PaymentGatewayAPI,300,392,92,1057
155,ShippingServiceAPI,393,456,63,1367
155,NotificationAPI,460,534,74,886
156,UserAuthAPI,1,57,56,1705
156,ProductCatalogAPI,58,126,68,670
156,InventoryCheckAPI,129,228,99,1357
156,FraudDetectionAPI,230,297,67,1283
156,PaymentGatewayAPI,300,397,97,674
156,ShippingServiceAPI,400,473,73,1944
156,NotificationAPI,474,538,64,532
157,UserAuthAPI,1,47,46,1255
157,ProductCatalogAPI,49,100,51,1219
157,InventoryCheckAPI,101,217,116,1751
157,FraudDetectionAPI,220,332,112,659
157,PaymentGatewayAPI,335,446,111,1568
157,ShippingServiceAPI,447,490,43,1115
157,NotificationAPI,485,553,68,1109
158,UserAuthAPI,1,117,116,1602
158,ProductCatalogAPI,112,195,83,1741
158,InventoryCheckAPI,197,245,48,1130
158,FraudDetectionAPI,248,337,89,1854
158,PaymentGatewayAPI,341,408,67,777
158,ShippingServiceAPI,409,507,98,1613
158,NotificationAPI,508,604,96,525
159,UserAuthAPI,1,85,84,1862
159,ProductCatalogAPI,86,178,92,955
159,InventoryCheckAPI,180,247,67,990
159,FraudDetectionAPI,250,336,86,1063
159,PaymentGatewayAPI,337,430,93,1058
159,ShippingServiceAPI,425,510,85,1765
159,NotificationAPI,512,556,44,860
160,UserAuthAPI,1,94,93,1445
160,ProductCatalogAPI,95,149,54,1235
160,InventoryCheckAPI,151,211,60,952
160,FraudDetectionAPI,213,314,101,1097
160,PaymentGatewayAPI,317,434,117,1213
160,ShippingServiceAPI,435,477,42,1489
160,NotificationAPI,480,527,47,1951
161,UserAuthAPI,1,73,72,830
161,ProductCatalogAPI,76,126,50,1362
161,InventoryCheckAPI,127,236,109,771
161,FraudDetectionAPI,238,325,87,1195
161,PaymentGatewayAPI,328,429,101,1516
161,ShippingServiceAPI,430,487,57,1542
161,NotificationAPI,488,553,65,1913
162,UserAuthAPI,1,69,68,624
162,ProductCatalogAPI,73,155,82,744
162,InventoryCheckAPI,159,232,73,1770
162,FraudDetectionAPI,233,280,47,977
162,PaymentGatewayAPI,283,387,104,1950
162,ShippingServiceAPI,389,487,98,1253
162,NotificationAPI,490,573,83,636
163,UserAuthAPI,1,76,75,1679
163,ProductCatalogAPI,77,159,82,669
163,InventoryCheckAPI,160,265,105,955
163,FraudDetectionAPI,268,329,61,1112
163,PaymentGatewayAPI,330,436,106,1696
163,ShippingServiceAPI,437,485,48,1961
163,NotificationAPI,486,552,66,1045
164,UserAuthAPI,1,72,71,1100
164,ProductCatalogAPI,75,181,106,1479
164,InventoryCheckAPI,176,250,74,1882
164,FraudDetectionAPI,252,369,117,1540
164,PaymentGatewayAPI,372,464,92,1614
164,ShippingServiceAPI,466,570,104,613
164,NotificationAPI,574,639,65,1927
165,UserAuthAPI,1,50,49,814
165,ProductCatalogAPI,51,95,44,1716
165,InventoryCheckAPI,96,176,80,1232
165,FraudDetectionAPI,178,228,50,1323
165,PaymentGatewayAPI,230,345,115,781
165,ShippingServiceAPI,348,447,99,698
165,NotificationAPI,450,560,110,653
166,UserAuthAPI,1,61,60,961
166,ProductCatalogAPI,64,118,54,1253
166,InventoryCheckAPI,119,166,47,1052
166,FraudDetectionAPI,167,252,85,1423
166,PaymentGatewayAPI,254,361,107,770
166,ShippingServiceAPI,364,404,40,1206
166,NotificationAPI,399,465,66,539
167,UserAuthAPI,1,76,75,1493
167,ProductCatalogAPI,79,142,63,1527
167,InventoryCheckAPI,143,239,96,932
167,FraudDetectionAPI,241,303,62,1376
167,PaymentGatewayAPI,298,390,92,1180
167,ShippingServiceAPI,385,484,99,1065
167,NotificationAPI,485,581,96,1179
168,UserAuthAPI,1,78,77,1608
168,ProductCatalogAPI,79,121,42,883
168,InventoryCheckAPI,116,202,86,1343
168,FraudDetectionAPI,203,278,75,1250
168,PaymentGatewayAPI,280,332,52,1866
168,ShippingServiceAPI,334,403,69,1201
168,NotificationAPI,406,472,66,705
169,UserAuthAPI,1,87,86,1003
169,ProductCatalogAPI,90,183,93,1160
169,InventoryCheckAPI,184,239,55,1437
169,FraudDetectionAPI,242,340,98,661
169,PaymentGatewayAPI,343,391,48,1476
169,ShippingServiceAPI,395,444,49,1225
169,NotificationAPI,445,552,107,935
170,UserAuthAPI,1,61,60,1368
170,ProductCatalogAPI,62,166,104,1714
170,InventoryCheckAPI,168,243,75,1604
170,FraudDetectionAPI,247,352,105,603
170,PaymentGatewayAPI,353,431,78,1721
170,ShippingServiceAPI,435,497,62,1901
170,NotificationAPI,500,596,96,1941
171,UserAuthAPI,1,113,112,1664
171,ProductCatalogAPI,114,205,91,744
171,InventoryCheckAPI,208,310,102,1060
171,FraudDetectionAPI,313,399,86,608
171,PaymentGatewayAPI,403,507,104,1462
171,ShippingServiceAPI,509,580,71,1363
171,NotificationAPI,583,640,57,868
172,UserAuthAPI,1,75,74,987
172,ProductCatalogAPI,78,150,72,1793
172,InventoryCheckAPI,153,196,43,1227
172,FraudDetectionAPI,199,244,45,1388
172,PaymentGatewayAPI,246,325,79,838
172,ShippingServiceAPI,327,435,108,782
172,NotificationAPI,437,489,52,1763
173,UserAuthAPI,1,59,58,1215
173,ProductCatalogAPI,60,142,82,1981
173,InventoryCheckAPI,145,252,107,927
173,FraudDetectionAPI,253,314,61,1382
173,PaymentGatewayAPI,316,427,111,1018
173,ShippingServiceAPI,428,534,106,1514
173,NotificationAPI,538,657,119,1647
174,UserAuthAPI,1,52,51,1649
174,ProductCatalogAPI,53,97,44,1806
174,InventoryCheckAPI,99,144,45,1620
174,FraudDetectionAPI,146,213,67,1345
174,PaymentGatewayAPI,215,313,98,1556
174,ShippingServiceAPI,314,372,58,1225
174,NotificationAPI,373,478,105,1058
175,UserAuthAPI,1,73,72,1664
175,ProductCatalogAPI,76,122,46,714
175,InventoryCheckAPI,123,181,58,627
175,FraudDetectionAPI,184,243,59,1552
175,PaymentGatewayAPI,244,346,102,1213
175,ShippingServiceAPI,350,397,47,717
175,NotificationAPI,399,512,113,516
176,UserAuthAPI,1,98,97,1848
176,ProductCatalogAPI,102,182,80,1605
176,InventoryCheckAPI,185,265,80,1727
176,FraudDetectionAPI,260,302,42,1277
176,PaymentGatewayAPI,304,378,74,707
176,ShippingServiceAPI,380,443,63,1085
176,NotificationAPI,445,510,65,1962
177,UserAuthAPI,1,69,68,729
177,ProductCatalogAPI,64,144,80,1449
177,InventoryCheckAPI,146,204,58,1095
177,FraudDetectionAPI,199,304,105,1937
177,PaymentGatewayAPI,306,367,61,1657
177,ShippingServiceAPI,368,417,49,572
177,NotificationAPI,420,507,87,1849
178,UserAuthAPI,1,99,98,1007
178,ProductCatalogAPI,94,201,107,1588
178,InventoryCheckAPI,202,251,49,1320
178,FraudDetectionAPI,255,316,61,1446
178,PaymentGatewayAPI,319,380,61,1367
178,ShippingServiceAPI,383,447,64,783
178,NotificationAPI,449,533,84,1591
179,UserAuthAPI,1,49,48,1687
179,ProductCatalogAPI,53,102,49,1943
179,InventoryCheckAPI,105,190,85,1117
179,FraudDetectionAPI,193,238,45,675
179,PaymentGatewayAPI,240,353,113,869
179,ShippingServiceAPI,356,445,89,1942
179,NotificationAPI,448,512,64,866
180,UserAuthAPI,1,113,112,1414
180,ProductCatalogAPI,115,171,56,542
180,InventoryCheckAPI,173,254,81,711
180,FraudDetectionAPI,255,333,78,868
180,PaymentGatewayAPI,336,427,91,1570
180,ShippingServiceAPI,422,530,108,798
180,NotificationAPI,531,610,79,702
181,UserAuthAPI,1,107,106,1837
181,ProductCatalogAPI,109,164,55,837
181,InventoryCheckAPI,165,214,49,1861
181,FraudDetectionAPI,217,275,58,1687
181,PaymentGatewayAPI,279,395,116,1003
181,ShippingServiceAPI,396,509,113,1369
181,NotificationAPI,512,559,47,1190
182,UserAuthAPI,1,113,112,1008
182,ProductCatalogAPI,115,193,78,1892
182,InventoryCheckAPI,196,289,93,1048
182,FraudDetectionAPI,291,386,95,1710
182,PaymentGatewayAPI,388,488,100,862
182,ShippingServiceAPI,490,569,79,919
182,NotificationAPI,571,647,76,1858
183,UserAuthAPI,1,103,102,1011
183,ProductCatalogAPI,105,201,96,1728
183,InventoryCheckAPI,202,248,46,1374
183,FraudDetectionAPI,250,357,107,1487
183,PaymentGatewayAPI,358,452,94,1526
183,ShippingServiceAPI,454,494,40,1561
183,NotificationAPI,495,563,68,1144
184,UserAuthAPI,1,61,60,741
184,ProductCatalogAPI,64,150,86,1302
184,InventoryCheckAPI,153,193,40,695
184,FraudDetectionAPI,197,263,66,811
184,PaymentGatewayAPI,265,329,64,776
184,ShippingServiceAPI,332,423,91,652
184,NotificationAPI,426,511,85,1043
185,UserAuthAPI,1,45,44,1121
185,ProductCatalogAPI,46,143,97,1306
185,InventoryCheckAPI,144,244,100,636
185,FraudDetectionAPI,239,313,74,1562
185,PaymentGatewayAPI,314,358,44,1949
185,ShippingServiceAPI,361,476,115,970
185,NotificationAPI,478,547,69,1324
186,UserAuthAPI,1,113,112,1808
186,ProductCatalogAPI,115,167,52,1171
186,InventoryCheckAPI,169,231,62,1568
186,FraudDetectionAPI,232,337,105,984
186,PaymentGatewayAPI,340,397,57,1161
186,ShippingServiceAPI,399,468,69,1220
186,NotificationAPI,470,541,71,1437
187,UserAuthAPI,1,50,49,1519
187,ProductCatalogAPI,52,125,73,1757
187,InventoryCheckAPI,127,244,117,746
187,FraudDetectionAPI,245,303,58,617
187,PaymentGatewayAPI,304,371,67,862
187,ShippingServiceAPI,373,459,86,1812
187,NotificationAPI,461,519,58,694
188,UserAuthAPI,1,87,86,1501
188,ProductCatalogAPI,88,177,89,1877
188,InventoryCheckAPI,179,219,40,1429
188,FraudDetectionAPI,214,330,116,1059
188,PaymentGatewayAPI,332,435,103,1840
188,ShippingServiceAPI,436,501,65,516
188,NotificationAPI,502,610,108,804
189,UserAuthAPI,1,98,97,1316
189,ProductCatalogAPI,102,206,104,1028
189,InventoryCheckAPI,209,251,42,1730
189,FraudDetectionAPI,254,325,71,1293
189,PaymentGatewayAPI,326,390,64,1167
189,ShippingServiceAPI,392,487,95,1616
189,NotificationAPI,490,609,119,924
190,UserAuthAPI,1,91,90,1129
190,ProductCatalogAPI,94,211,117,1936
190,InventoryCheckAPI,212,317,105,928
190,FraudDetectionAPI,319,369,50,1441
190,PaymentGatewayAPI,370,427,57,934
190,ShippingServiceAPI,428,533,105,1033
190,NotificationAPI,535,631,96,791
191,UserAuthAPI,1,97,96,1572
191,ProductCatalogAPI,92,197,105,832
191,InventoryCheckAPI,200,318,118,1031
191,FraudDetectionAPI,322,428,106,502
191,PaymentGatewayAPI,429,532,103,539
191,ShippingServiceAPI,527,628,101,1143
191,NotificationAPI,630,744,114,1645
192,UserAuthAPI,1,70,69,1758
192,ProductCatalogAPI,73,161,88,1404
192,InventoryCheckAPI,156,256,100,1218
192,FraudDetectionAPI,251,326,75,1659
192,PaymentGatewayAPI,328,425,97,1891
192,ShippingServiceAPI,428,506,78,1837
192,NotificationAPI,509,612,103,543
193,UserAuthAPI,1,111,110,1615
193,ProductCatalogAPI,112,157,45,1424
193,InventoryCheckAPI,158,213,55,1226
193,FraudDetectionAPI,215,275,60,1357
193,PaymentGatewayAPI,278,379,101,1437
193,ShippingServiceAPI,380,480,100,1792
193,NotificationAPI,483,538,55,1115
194,UserAuthAPI,1,80,79,1760
194,ProductCatalogAPI,81,196,115,1149
194,InventoryCheckAPI,198,316,118,1859
194,FraudDetectionAPI,311,352,41,1701
194,PaymentGatewayAPI,353,415,62,1157
194,ShippingServiceAPI,419,520,101,1004
194,NotificationAPI,521,598,77,1745
195,UserAuthAPI,1,85,84,655
195,ProductCatalogAPI,87,139,52,1422
195,InventoryCheckAPI,141,202,61,1498
195,FraudDetectionAPI,205,323,118,887
195,PaymentGatewayAPI,325,434,109,1863
195,ShippingServiceAPI,437,552,115,660
195,NotificationAPI,554,594,40,1074
196,UserAuthAPI,1,61,60,1107
196,ProductCatalogAPI,62,106,44,1327
196,InventoryCheckAPI,101,190,89,1401
196,FraudDetectionAPI,192,290,98,954
196,PaymentGatewayAPI,294,351,57,1781
196,ShippingServiceAPI,354,447,93,1392
196,NotificationAPI,442,529,87,526
197,UserAuthAPI,1,83,82,1456
197,ProductCatalogAPI,86,186,100,957
197,InventoryCheckAPI,181,255,74,850
197,FraudDetectionAPI,250,302,52,1302
197,PaymentGatewayAPI,297,395,98,1416
197,ShippingServiceAPI,398,512,114,1007
197,NotificationAPI,514,588,74,1097
198,UserAuthAPI,1,118,117,1419
198,ProductCatalogAPI,120,191,71,706
198,InventoryCheckAPI,193,290,97,1878
198,FraudDetectionAPI,294,402,108,1648
198,PaymentGatewayAPI,404,468,64,567
198,ShippingServiceAPI,472,530,58,1182
198,NotificationAPI,532,632,100,1438
199,UserAuthAPI,1,88,87,710
199,ProductCatalogAPI,91,141,50,1493
199,InventoryCheckAPI,142,250,108,1714
199,FraudDetectionAPI,251,341,90,1279
199,PaymentGatewayAPI,343,424,81,1991
199,ShippingServiceAPI,428,481,53,787
199,NotificationAPI,483,540,57,1678
200,UserAuthAPI,1,115,114,776
200,ProductCatalogAPI,117,197,80,1070
200,InventoryCheckAPI,199,292,93,957
200,FraudDetectionAPI,294,398,104,1587
200,PaymentGatewayAPI,401,505,104,1115
200,ShippingServiceAPI,508,594,86,1220
200,NotificationAPI,597,650,53,1957
201,UserAuthAPI,1,73,72,874
201,ProductCatalogAPI,74,192,118,1279
201,InventoryCheckAPI,194,253,59,1745
201,FraudDetectionAPI,257,324,67,1707
201,PaymentGatewayAPI,328,380,52,1472
201,ShippingServiceAPI,382,470,88,1241
201,NotificationAPI,472,565,93,1375
202,UserAuthAPI,1,62,61,1159
202,ProductCatalogAPI,57,136,79,1485
202,InventoryCheckAPI,131,225,94,1667
202,FraudDetectionAPI,227,273,46,1475
202,PaymentGatewayAPI,276,371,95,1443
202,ShippingServiceAPI,372,484,112,1430
202,NotificationAPI,485,561,76,1757
203,UserAuthAPI,1,97,96,1787
203,ProductCatalogAPI,101,160,59,879
203,InventoryCheckAPI,155,206,51,1444
203,FraudDetectionAPI,208,289,81,1873
203,PaymentGatewayAPI,290,340,50,1621
203,ShippingServiceAPI,335,432,97,1262
203,NotificationAPI,434,483,49,1427
204,UserAuthAPI,1,43,42,1083
204,ProductCatalogAPI,45,140,95,859
204,InventoryCheckAPI,141,244,103,1403
204,FraudDetectionAPI,245,340,95,1583
204,PaymentGatewayAPI,343,410,67,1572
204,ShippingServiceAPI,411,463,52,535
204,NotificationAPI,464,507,43,1746
205,UserAuthAPI,1,78,77,882
205,ProductCatalogAPI,82,143,61,530
205,InventoryCheckAPI,144,229,85,595
205,FraudDetectionAPI,230,333,103,985
205,PaymentGatewayAPI,336,399,63,1878
205,ShippingServiceAPI,394,493,99,1969
205,NotificationAPI,496,600,104,1770
206,UserAuthAPI,1,97,96,1962
206,ProductCatalogAPI,92,187,95,725
206,InventoryCheckAPI,189,241,52,1612
206,FraudDetectionAPI,243,358,115,1435
206,PaymentGatewayAPI,360,414,54,1330
206,ShippingServiceAPI,415,467,52,1348
206,NotificationAPI,470,549,79,1159
207,UserAuthAPI,1,117,116,700
207,ProductCatalogAPI,119,202,83,1561
207,InventoryCheckAPI,205,315,110,1260
207,FraudDetectionAPI,318,375,57,1411
207,PaymentGatewayAPI,376,483,107,686
207,ShippingServiceAPI,486,587,101,987
207,NotificationAPI,588,633,45,1478
208,UserAuthAPI,1,100,99,769
208,ProductCatalogAPI,102,145,43,1595
208,InventoryCheckAPI,146,217,71,1710
208,FraudDetectionAPI,218,295,77,619
208,PaymentGatewayAPI,296,402,106,1935
208,ShippingServiceAPI,404,523,119,905
208,NotificationAPI,525,602,77,1211
209,UserAuthAPI,1,102,101,684
209,ProductCatalogAPI,105,176,71,1405
209,InventoryCheckAPI,177,275,98,1599
209,FraudDetectionAPI,277,347,70,848
209,PaymentGatewayAPI,350,451,101,807
209,ShippingServiceAPI,453,533,80,786
209,NotificationAPI,534,595,61,887
210,UserAuthAPI,1,82,81,775
210,ProductCatalogAPI,83,176,93,1431
210,InventoryCheckAPI,178,232,54,1796
210,FraudDetectionAPI,233,344,111,608
210,PaymentGatewayAPI,348,459,111,814
210,ShippingServiceAPI,460,558,98,1280
210,NotificationAPI,560,627,67,1996
211,UserAuthAPI,1,42,41,1257
211,ProductCatalogAPI,44,100,56,1809
211,InventoryCheckAPI,104,156,52,1694
211,FraudDetectionAPI,151,211,60,1348
211,PaymentGatewayAPI,213,267,54,1724
211,ShippingServiceAPI,269,361,92,970
211,NotificationAPI,363,432,69,916
212,UserAuthAPI,1,49,48,1890
212,ProductCatalogAPI,50,164,114,1621
212,InventoryCheckAPI,165,236,71,639
212,FraudDetectionAPI,239,356,117,1516
212,PaymentGatewayAPI,358,469,111,1713
212,ShippingServiceAPI,471,552,81,1382
212,NotificationAPI,555,637,82,1362
213,UserAuthAPI,1,72,71,1005
213,ProductCatalogAPI,74,153,79,1930
213,InventoryCheckAPI,157,246,89,1113
213,FraudDetectionAPI,241,344,103,998
213,PaymentGatewayAPI,346,434,88,726
213,ShippingServiceAPI,436,524,88,1672
213,NotificationAPI,528,630,102,603
214,UserAuthAPI,1,68,67,772
214,ProductCatalogAPI,70,165,95,1551
214,InventoryCheckAPI,168,244,76,1894
214,FraudDetectionAPI,246,334,88,1822
214,PaymentGatewayAPI,335,387,52,807
214,ShippingServiceAPI,389,488,99,582
214,NotificationAPI,489,584,95,1295
215,UserAuthAPI,1,88,87,1108
215,ProductCatalogAPI,92,203,111,971
215,InventoryCheckAPI,204,247,43,1422
215,FraudDetectionAPI,242,297,55,683
215,PaymentGatewayAPI,299,352,53,1248
215,ShippingServiceAPI,354,427,73,1773
215,NotificationAPI,422,534,112,1805
216,UserAuthAPI,1,50,49,1734
216,ProductCatalogAPI,54,98,44,1718
216,InventoryCheckAPI,101,220,119,1636
216,FraudDetectionAPI,215,330,115,604
216,PaymentGatewayAPI,332,397,65,661
216,ShippingServiceAPI,400,489,89,1351
216,NotificationAPI,492,535,43,586
217,UserAuthAPI,1,41,40,1769
217,ProductCatalogAPI,42,111,69,1901
217,InventoryCheckAPI,113,201,88,1127
217,FraudDetectionAPI,202,303,101,1383
217,PaymentGatewayAPI,304,358,54,749
217,ShippingServiceAPI,359,477,118,1825
217,NotificationAPI,479,523,44,569
218,UserAuthAPI,1,87,86,970
218,ProductCatalogAPI,89,146,57,1160
218,InventoryCheckAPI,149,211,62,691
218,FraudDetectionAPI,214,263,49,844
218,PaymentGatewayAPI,267,378,111,1002
218,ShippingServiceAPI,379,482,103,504
218,NotificationAPI,477,569,92,810
219,UserAuthAPI,1,99,98,1760
219,ProductCatalogAPI,101,209,108,1084
219,InventoryCheckAPI,212,253,41,1972
219,FraudDetectionAPI,255,345,90,529
219,PaymentGatewayAPI,348,463,115,1216
219,ShippingServiceAPI,465,567,102,1459
219,NotificationAPI,571,664,93,1231
220,UserAuthAPI,1,113,112,1114
220,ProductCatalogAPI,117,212,95,1173
220,InventoryCheckAPI,207,298,91,1356
220,FraudDetectionAPI,300,394,94,777
220,PaymentGatewayAPI,395,435,40,1260
220,ShippingServiceAPI,437,530,93,1949
220,NotificationAPI,533,594,61,1177
221,UserAuthAPI,1,120,119,507
221,ProductCatalogAPI,121,177,56,1028
221,InventoryCheckAPI,179,231,52,1156
221,FraudDetectionAPI,234,351,117,928
221,PaymentGatewayAPI,354,407,53,1762
221,ShippingServiceAPI,408,462,54,768
221,NotificationAPI,464,538,74,1583
222,UserAuthAPI,1,98,97,906
222,ProductCatalogAPI,100,165,65,1528
222,InventoryCheckAPI,166,211,45,1209
222,FraudDetectionAPI,213,270,57,1911
222,PaymentGatewayAPI,272,325,53,1985
222,ShippingServiceAPI,320,403,83,1386
222,NotificationAPI,405,507,102,1250
223,UserAuthAPI,1,75,74,621
223,ProductCatalogAPI,78,141,63,1840
223,InventoryCheckAPI,143,253,110,862
223,FraudDetectionAPI,257,328,71,1687
223,PaymentGatewayAPI,330,427,97,1651
223,ShippingServiceAPI,429,547,118,1307
223,NotificationAPI,548,603,55,1713
224,UserAuthAPI,1,68,67,736
224,ProductCatalogAPI,71,113,42,1257
224,InventoryCheckAPI,114,168,54,670
224,FraudDetectionAPI,169,253,84,1461
224,PaymentGatewayAPI,256,352,96,1475
224,ShippingServiceAPI,354,467,113,1753
224,NotificationAPI,469,577,108,1232
225,UserAuthAPI,1,83,82,1905
225,ProductCatalogAPI,84,192,108,849
225,InventoryCheckAPI,194,237,43,1616
225,FraudDetectionAPI,241,312,71,1669
225,PaymentGatewayAPI,313,425,112,1725
225,ShippingServiceAPI,427,529,102,1334
225,NotificationAPI,532,614,82,1924
226,UserAuthAPI,1,103,102,1975
226,ProductCatalogAPI,104,148,44,915
226,InventoryCheckAPI,150,259,109,1814
226,FraudDetectionAPI,263,324,61,1258
226,PaymentGatewayAPI,325,367,42,1916
226,ShippingServiceAPI,369,422,53,724
226,NotificationAPI,424,536,112,1213
227,UserAuthAPI,1,87,86,1592
227,ProductCatalogAPI,88,157,69,780
227,InventoryCheckAPI,158,222,64,1217
227,FraudDetectionAPI,225,322,97,1105
227,PaymentGatewayAPI,323,403,80,1548
227,ShippingServiceAPI,405,492,87,598
227,NotificationAPI,493,553,60,1737
228,UserAuthAPI,1,104,103,1393
228,ProductCatalogAPI,107,222,115,620
228,InventoryCheckAPI,224,317,93,1518
228,FraudDetectionAPI,312,369,57,982
228,PaymentGatewayAPI,364,419,55,761
228,ShippingServiceAPI,422,508,86,738
228,NotificationAPI,503,618,115,1856
229,UserAuthAPI,1,42,41,1997
229,ProductCatalogAPI,43,109,66,1090
229,InventoryCheckAPI,110,156,46,1202
229,FraudDetectionAPI,157,242,85,1074
229,PaymentGatewayAPI,237,288,51,640
229,ShippingServiceAPI,291,347,56,1586
229,NotificationAPI,348,423,75,1480
230,UserAuthAPI,1,120,119,1303
230,ProductCatalogAPI,122,208,86,575
230,InventoryCheckAPI,209,271,62,899
230,FraudDetectionAPI,272,382,110,1703
230,PaymentGatewayAPI,384,460,76,1296
230,ShippingServiceAPI,461,547,86,1959
230,NotificationAPI,548,608,60,563
231,UserAuthAPI,1,95,94,1511
231,ProductCatalogAPI,97,161,64,1337
231,InventoryCheckAPI,162,203,41,1417
231,FraudDetectionAPI,204,261,57,1464
231,PaymentGatewayAPI,264,333,69,544
231,ShippingServiceAPI,334,407,73,1152
231,NotificationAPI,408,469,61,1191
232,UserAuthAPI,1,76,75,1340
232,ProductCatalogAPI,77,135,58,1081
232,InventoryCheckAPI,138,256,118,940
232,FraudDetectionAPI,257,328,71,887
232,PaymentGatewayAPI,329,373,44,1415
232,ShippingServiceAPI,375,489,114,777
232,NotificationAPI,491,574,83,1088
233,UserAuthAPI,1,47,46,1079
233,ProductCatalogAPI,51,121,70,883
233,InventoryCheckAPI,124,224,100,914
233,FraudDetectionAPI,225,317,92,787
233,PaymentGatewayAPI,319,368,49,629
233,ShippingServiceAPI,370,426,56,643
233,NotificationAPI,428,506,78,744
234,UserAuthAPI,1,41,40,1406
234,ProductCatalogAPI,43,86,43,1850
234,InventoryCheckAPI,81,170,89,1407
234,FraudDetectionAPI,165,279,114,1871
234,PaymentGatewayAPI,280,366,86,1704
234,ShippingServiceAPI,369,410,41,1631
234,NotificationAPI,405,519,114,1819
235,UserAuthAPI,1,115,114,992
235,ProductCatalogAPI,116,222,106,989
235,InventoryCheckAPI,225,318,93,1461
235,FraudDetectionAPI,321,362,41,1839
235,PaymentGatewayAPI,357,434,77,1619
235,ShippingServiceAPI,435,534,99,797
235,NotificationAPI,535,651,116,1515
236,UserAuthAPI,1,82,81,802
236,ProductCatalogAPI,77,196,119,1760
236,InventoryCheckAPI,198,264,66,835
236,FraudDetectionAPI,265,370,105,511
236,PaymentGatewayAPI,371,486,115,700
236,ShippingServiceAPI,488,575,87,1287
236,NotificationAPI,577,682,105,820
237,UserAuthAPI,1,76,75,1931
237,ProductCatalogAPI,78,119,41,1068
237,InventoryCheckAPI,123,191,68,1026
237,FraudDetectionAPI,194,261,67,1863
237,PaymentGatewayAPI,263,326,63,1416
237,ShippingServiceAPI,321,438,117,1173
237,NotificationAPI,442,557,115,1673
238,UserAuthAPI,1,76,75,1943
238,ProductCatalogAPI,79,198,119,1879
238,InventoryCheckAPI,200,272,72,1440
238,FraudDetectionAPI,274,331,57,793
238,PaymentGatewayAPI,332,387,55,1198
238,ShippingServiceAPI,391,451,60,1627
238,NotificationAPI,452,569,117,1209
239,UserAuthAPI,1,54,53,816
239,ProductCatalogAPI,55,126,71,1924
239,InventoryCheckAPI,129,212,83,1109
239,FraudDetectionAPI,213,279,66,871
239,PaymentGatewayAPI,281,398,117,1346
239,ShippingServiceAPI,401,471,70,1878
239,NotificationAPI,472,565,93,689
240,UserAuthAPI,1,80,79,750
240,ProductCatalogAPI,83,127,44,1724
240,InventoryCheckAPI,129,193,64,1336
240,FraudDetectionAPI,194,305,111,1770
240,PaymentGatewayAPI,307,390,83,1107
240,ShippingServiceAPI,391,484,93,1867
240,NotificationAPI,486,579,93,1027
241,UserAuthAPI,1,86,85,692
241,ProductCatalogAPI,87,179,92,1634
241,InventoryCheckAPI,180,285,105,1351
241,FraudDetectionAPI,287,355,68,1635
241,PaymentGatewayAPI,356,398,42,687
241,ShippingServiceAPI,399,514,115,711
241,NotificationAPI,517,629,112,742
242,UserAuthAPI,1,85,84,670
242,ProductCatalogAPI,86,185,99,1964
242,InventoryCheckAPI,186,277,91,610
242,FraudDetectionAPI,279,361,82,710
242,PaymentGatewayAPI,362,473,111,1357
242,ShippingServiceAPI,474,539,65,798
242,NotificationAPI,540,588,48,1543
243,UserAuthAPI,1,79,78,934
243,ProductCatalogAPI,81,175,94,1165
243,InventoryCheckAPI,176,226,50,1305
243,FraudDetectionAPI,228,286,58,1971
243,PaymentGatewayAPI,287,368,81,1743
243,ShippingServiceAPI,371,482,111,1966
243,NotificationAPI,483,569,86,875
244,UserAuthAPI,1,101,100,1847
244,ProductCatalogAPI,102,167,65,1151
244,InventoryCheckAPI,168,244,76,545
244,FraudDetectionAPI,247,366,119,1792
244,PaymentGatewayAPI,369,462,93,615
244,ShippingServiceAPI,464,578,114,804
244,NotificationAPI,580,630,50,1871
245,UserAuthAPI,1,85,84,1290
245,ProductCatalogAPI,86,182,96,1037
245,InventoryCheckAPI,185,253,68,1990
245,FraudDetectionAPI,248,301,53,833
245,PaymentGatewayAPI,296,352,56,1462
245,ShippingServiceAPI,354,423,69,999
245,NotificationAPI,425,543,118,1121
246,UserAuthAPI,1,91,90,857
246,ProductCatalogAPI,92,178,86,1704
246,InventoryCheckAPI,180,257,77,1843
246,FraudDetectionAPI,260,306,46,1801
246,PaymentGatewayAPI,307,387,80,829
246,ShippingServiceAPI,389,435,46,880
246,NotificationAPI,436,527,91,1172
247,UserAuthAPI,1,93,92,1711
247,ProductCatalogAPI,94,150,56,1143
247,InventoryCheckAPI,151,194,43,570
247,FraudDetectionAPI,196,308,112,688
247,PaymentGatewayAPI,310,373,63,791
247,ShippingServiceAPI,375,457,82,1806
247,NotificationAPI,459,516,57,1679
248,UserAuthAPI,1,56,55,1878
248,ProductCatalogAPI,57,155,98,1554
248,InventoryCheckAPI,157,213,56,803
248,FraudDetectionAPI,214,301,87,1562
248,PaymentGatewayAPI,303,372,69,1801
248,ShippingServiceAPI,374,425,51,721
248,NotificationAPI,426,518,92,754
249,UserAuthAPI,1,41,40,882
249,ProductCatalogAPI,44,89,45,1081
249,InventoryCheckAPI,91,154,63,1097
249,FraudDetectionAPI,156,213,57,1106
249,PaymentGatewayAPI,217,286,69,532
249,ShippingServiceAPI,287,338,51,1361
249,NotificationAPI,333,381,48,1769
250,UserAuthAPI,1,69,68,1684
250,ProductCatalogAPI,71,125,54,1269
250,InventoryCheckAPI,127,210,83,773
250,FraudDetectionAPI,212,294,82,921
250,PaymentGatewayAPI,295,367,72,863
250,ShippingServiceAPI,362,412,50,1079
250,NotificationAPI,413,520,107,1380
251,UserAuthAPI,1,62,61,1973
251,ProductCatalogAPI,65,110,45,1949
251,InventoryCheckAPI,113,209,96,1608
251,FraudDetectionAPI,211,266,55,1935
251,PaymentGatewayAPI,268,358,90,932
251,ShippingServiceAPI,360,444,84,915
251,NotificationAPI,447,555,108,1576
252,UserAuthAPI,1,114,113,1774
252,ProductCatalogAPI,116,170,54,1424
252,InventoryCheckAPI,165,207,42,1862
252,FraudDetectionAPI,210,278,68,1474
252,PaymentGatewayAPI,280,331,51,1122
252,ShippingServiceAPI,334,392,58,1590
252,NotificationAPI,393,479,86,1096
253,UserAuthAPI,1,48,47,1539
253,ProductCatalogAPI,50,98,48,833
253,InventoryCheckAPI,102,212,110,514
253,FraudDetectionAPI,215,295,80,1931
253,PaymentGatewayAPI,297,380,83,500
253,ShippingServiceAPI,381,500,119,1451
253,NotificationAPI,502,591,89,511
254,UserAuthAPI,1,100,99,1891
254,ProductCatalogAPI,102,177,75,1388
254,InventoryCheckAPI,172,217,45,1464
254,FraudDetectionAPI,221,278,57,1713
254,PaymentGatewayAPI,279,396,117,1157
254,ShippingServiceAPI,398,500,102,1964
254,NotificationAPI,495,590,95,1678
255,UserAuthAPI,1,49,48,731
255,ProductCatalogAPI,51,158,107,1313
255,InventoryCheckAPI,162,268,106,1421
255,FraudDetectionAPI,270,389,119,1955
255,PaymentGatewayAPI,390,474,84,1792
255,ShippingServiceAPI,475,534,59,1641
255,NotificationAPI,536,641,105,1312
256,UserAuthAPI,1,103,102,1087
256,ProductCatalogAPI,98,192,94,1670
256,InventoryCheckAPI,196,288,92,1037
256,FraudDetectionAPI,291,375,84,1951
256,PaymentGatewayAPI,377,481,104,1062
256,ShippingServiceAPI,484,546,62,1963
256,NotificationAPI,549,664,115,938
257,UserAuthAPI,1,100,99,1198
257,ProductCatalogAPI,101,168,67,1390
257,InventoryCheckAPI,163,251,88,1560
257,FraudDetectionAPI,253,332,79,1091
257,PaymentGatewayAPI,334,427,93,1161
257,ShippingServiceAPI,428,502,74,943
257,NotificationAPI,506,617,111,735
258,UserAuthAPI,1,66,65,584
258,ProductCatalogAPI,70,174,104,1162
258,InventoryCheckAPI,175,257,82,1418
258,FraudDetectionAPI,259,375,116,990
258,PaymentGatewayAPI,376,494,118,1748
258,ShippingServiceAPI,496,558,62,1312
258,NotificationAPI,559,645,86,1179
259,UserAuthAPI,1,47,46,1573
259,ProductCatalogAPI,42,87,45,1870
259,InventoryCheckAPI,89,185,96,1032
259,FraudDetectionAPI,188,272,84,1700
259,PaymentGatewayAPI,273,329,56,527
259,ShippingServiceAPI,331,395,64,557
259,NotificationAPI,390,435,45,1854
260,UserAuthAPI,1,78,77,1401
260,ProductCatalogAPI,73,126,53,1333
260,InventoryCheckAPI,130,193,63,645
260,FraudDetectionAPI,196,270,74,1201
260,PaymentGatewayAPI,272,336,64,928
260,ShippingServiceAPI,338,393,55,720
260,NotificationAPI,396,460,64,1027
261,UserAuthAPI,1,113,112,1565
261,ProductCatalogAPI,114,187,73,1371
261,InventoryCheckAPI,188,261,73,844
261,FraudDetectionAPI,263,308,45,520
261,PaymentGatewayAPI,310,397,87,1050
261,ShippingServiceAPI,400,449,49,1041
261,NotificationAPI,452,509,57,1455
262,UserAuthAPI,1,113,112,978
262,ProductCatalogAPI,108,210,102,1691
262,InventoryCheckAPI,212,260,48,653
262,FraudDetectionAPI,264,319,55,642
262,PaymentGatewayAPI,320,411,91,1592
262,ShippingServiceAPI,413,472,59,578
262,NotificationAPI,474,515,41,1024
263,UserAuthAPI,1,114,113,1712
263,ProductCatalogAPI,115,162,47,566
263,InventoryCheckAPI,157,205,48,1489
263,FraudDetectionAPI,206,287,81,1687
263,PaymentGatewayAPI,289,340,51,1048
263,ShippingServiceAPI,341,453,112,807
263,NotificationAPI,455,550,95,1071
264,UserAuthAPI,1,80,79,1674
264,ProductCatalogAPI,81,171,90,696
264,InventoryCheckAPI,174,244,70,1957
264,FraudDetectionAPI,245,339,94,708
264,PaymentGatewayAPI,340,404,64,1536
264,ShippingServiceAPI,406,515,109,1197
264,NotificationAPI,516,630,114,1385
265,UserAuthAPI,1,109,108,1478
265,ProductCatalogAPI,110,209,99,1990
265,InventoryCheckAPI,211,312,101,643
265,FraudDetectionAPI,315,422,107,1538
265,PaymentGatewayAPI,425,519,94,682
265,ShippingServiceAPI,520,566,46,966
265,NotificationAPI,569,624,55,610
266,UserAuthAPI,1,91,90,1094
266,ProductCatalogAPI,94,196,102,672
266,InventoryCheckAPI,199,265,66,1045
266,FraudDetectionAPI,266,311,45,1413
266,PaymentGatewayAPI,315,383,68,1649
266,ShippingServiceAPI,384,469,85,1675
266,NotificationAPI,470,537,67,1398
267,UserAuthAPI,1,101,100,577
267,ProductCatalogAPI,103,190,87,520
267,InventoryCheckAPI,192,290,98,1851
267,FraudDetectionAPI,293,391,98,1850
267,PaymentGatewayAPI,392,432,40,1168
267,ShippingServiceAPI,435,530,95,1207
267,NotificationAPI,532,574,42,736
268,UserAuthAPI,1,67,66,500
268,ProductCatalogAPI,69,179,110,671
268,InventoryCheckAPI,180,294,114,1821
268,FraudDetectionAPI,296,385,89,1074
268,PaymentGatewayAPI,388,486,98,882
268,ShippingServiceAPI,488,575,87,1912
268,NotificationAPI,579,621,42,871
269,UserAuthAPI,1,54,53,946
269,ProductCatalogAPI,57,157,100,914
269,InventoryCheckAPI,158,221,63,1162
269,FraudDetectionAPI,223,340,117,1858
269,PaymentGatewayAPI,335,401,66,770
269,ShippingServiceAPI,404,451,47,886
269,NotificationAPI,453,569,116,1884
270,UserAuthAPI,1,101,100,1779
270,ProductCatalogAPI,96,148,52,1524
270,InventoryCheckAPI,143,261,118,1759
270,FraudDetectionAPI,263,373,110,1264
270,PaymentGatewayAPI,375,428,53,891
270,ShippingServiceAPI,429,470,41,1732
270,NotificationAPI,472,567,95,1617
271,UserAuthAPI,1,101,100,1256
271,ProductCatalogAPI,104,159,55,805
271,InventoryCheckAPI,161,243,82,1796
271,FraudDetectionAPI,244,285,41,1655
271,PaymentGatewayAPI,287,332,45,1092
271,ShippingServiceAPI,336,444,108,1592
271,NotificationAPI,448,503,55,1318
272,UserAuthAPI,1,113,112,1208
272,ProductCatalogAPI,116,221,105,764
272,InventoryCheckAPI,223,326,103,1801
272,FraudDetectionAPI,329,397,68,1945
272,PaymentGatewayAPI,400,457,57,826
272,ShippingServiceAPI,461,501,40,715
272,NotificationAPI,502,568,66,558
273,UserAuthAPI,1,68,67,605
273,ProductCatalogAPI,69,168,99,817
273,InventoryCheckAPI,169,264,95,1124
273,FraudDetectionAPI,265,322,57,1193
273,PaymentGatewayAPI,323,405,82,794
273,ShippingServiceAPI,408,526,118,1157
273,NotificationAPI,529,598,69,1261
274,UserAuthAPI,1,108,107,570
274,ProductCatalogAPI,110,156,46,1819
274,InventoryCheckAPI,157,261,104,1591
274,FraudDetectionAPI,265,356,91,1381
274,PaymentGatewayAPI,351,411,60,973
274,ShippingServiceAPI,412,498,86,1821
274,NotificationAPI,499,589,90,1721
275,UserAuthAPI,1,67,66,1339
275,ProductCatalogAPI,68,131,63,1907
275,InventoryCheckAPI,126,228,102,1450
275,FraudDetectionAPI,229,330,101,785
275,PaymentGatewayAPI,332,446,114,1735
275,ShippingServiceAPI,449,529,80,1053
275,NotificationAPI,530,600,70,1681
276,UserAuthAPI,1,57,56,1817
276,ProductCatalogAPI,58,176,118,1633
276,InventoryCheckAPI,180,286,106,1068
276,FraudDetectionAPI,281,355,74,1637
276,PaymentGatewayAPI,356,447,91,1352
276,ShippingServiceAPI,449,525,76,820
276,NotificationAPI,529,589,60,991
277,UserAuthAPI,1,94,93,1037
277,ProductCatalogAPI,96,200,104,1085
277,InventoryCheckAPI,202,258,56,1034
277,FraudDetectionAPI,262,354,92,1850
277,PaymentGatewayAPI,356,429,73,1313
277,ShippingServiceAPI,433,550,117,1089
277,NotificationAPI,552,610,58,501
278,UserAuthAPI,1,52,51,1673
278,ProductCatalogAPI,55,95,40,937
278,InventoryCheckAPI,96,193,97,1721
278,FraudDetectionAPI,196,241,45,544
278,PaymentGatewayAPI,242,304,62,1933
278,ShippingServiceAPI,305,423,118,1567
278,NotificationAPI,427,545,118,1047
279,UserAuthAPI,1,104,103,1742
279,ProductCatalogAPI,108,208,100,1653
279,InventoryCheckAPI,211,330,119,1098
279,FraudDetectionAPI,332,451,119,1857
279,PaymentGatewayAPI,453,527,74,578
279,ShippingServiceAPI,529,597,68,1045
279,NotificationAPI,599,679,80,1082
280,UserAuthAPI,1,72,71,786
280,ProductCatalogAPI,75,121,46,1116
280,InventoryCheckAPI,122,175,53,1703
280,FraudDetectionAPI,177,226,49,1082
280,PaymentGatewayAPI,229,298,69,1416
280,ShippingServiceAPI,299,412,113,1714
280,NotificationAPI,414,504,90,555
281,UserAuthAPI,1,72,71,1073
281,ProductCatalogAPI,75,178,103,686
281,InventoryCheckAPI,181,222,41,1138
281,FraudDetectionAPI,223,333,110,512
281,PaymentGatewayAPI,334,433,99,946
281,ShippingServiceAPI,435,549,114,573
281,NotificationAPI,552,639,87,926
282,UserAuthAPI,1,81,80,928
282,ProductCatalogAPI,83,139,56,1227
282,InventoryCheckAPI,143,184,41,1875
282,FraudDetectionAPI,186,287,101,1483
282,PaymentGatewayAPI,288,344,56,616
282,ShippingServiceAPI,346,425,79,1453
282,NotificationAPI,428,488,60,1194
283,UserAuthAPI,1,114,113,1412
283,ProductCatalogAPI,115,199,84,1605
283,InventoryCheckAPI,200,253,53,1956
283,FraudDetectionAPI,254,297,43,1861
283,PaymentGatewayAPI,299,385,86,606
283,ShippingServiceAPI,380,496,116,1602
283,NotificationAPI,498,556,58,1357
284,UserAuthAPI,1,66,65,653
284,ProductCatalogAPI,67,155,88,837
284,InventoryCheckAPI,158,200,42,949
284,FraudDetectionAPI,204,262,58,772
284,PaymentGatewayAPI,263,378,115,676
284,ShippingServiceAPI,379,421,42,1572
284,NotificationAPI,424,535,111,1831
285,UserAuthAPI,1,47,46,1569
285,ProductCatalogAPI,50,105,55,907
285,InventoryCheckAPI,108,209,101,1652
285,FraudDetectionAPI,204,253,49,1641
285,PaymentGatewayAPI,255,352,97,1723
285,ShippingServiceAPI,355,400,45,647
285,NotificationAPI,401,518,117,1310
286,UserAuthAPI,1,118,117,698
286,ProductCatalogAPI,120,204,84,1223
286,InventoryCheckAPI,205,296,91,567
286,FraudDetectionAPI,299,413,114,897
286,PaymentGatewayAPI,416,504,88,1663
286,ShippingServiceAPI,508,580,72,1280
286,NotificationAPI,582,647,65,1160
287,UserAuthAPI,1,80,79,1245
287,ProductCatalogAPI,84,202,118,1728
287,InventoryCheckAPI,204,291,87,1903
287,FraudDetectionAPI,294,353,59,1057
287,PaymentGatewayAPI,355,406,51,1845
287,ShippingServiceAPI,409,526,117,1283
287,NotificationAPI,527,610,83,737
288,UserAuthAPI,1,104,103,1879
288,ProductCatalogAPI,105,156,51,679
288,InventoryCheckAPI,159,249,90,1594
288,FraudDetectionAPI,251,309,58,583
288,PaymentGatewayAPI,312,399,87,1146
288,ShippingServiceAPI,402,452,50,642
288,NotificationAPI,454,562,108,1034
289,UserAuthAPI,1,49,48,1794
289,ProductCatalogAPI,50,159,109,1028
289,InventoryCheckAPI,161,272,111,1672
289,FraudDetectionAPI,275,352,77,971
289,PaymentGatewayAPI,355,408,53,1537
289,ShippingServiceAPI,410,487,77,863
289,NotificationAPI,482,555,73,1692
290,UserAuthAPI,1,57,56,1462
290,ProductCatalogAPI,58,98,40,1279
290,InventoryCheckAPI,93,174,81,1920
290,FraudDetectionAPI,177,220,43,1349
290,PaymentGatewayAPI,223,264,41,1535
290,ShippingServiceAPI,267,312,45,891
290,NotificationAPI,313,363,50,1970
291,UserAuthAPI,1,52,51,1340
291,ProductCatalogAPI,54,104,50,1135
291,InventoryCheckAPI,106,155,49,968
291,FraudDetectionAPI,158,205,47,1303
291,PaymentGatewayAPI,200,315,115,752
291,ShippingServiceAPI,317,410,93,1480
291,NotificationAPI,413,502,89,977
292,UserAuthAPI,1,47,46,1404
292,ProductCatalogAPI,48,125,77,1817
292,InventoryCheckAPI,120,203,83,585
292,FraudDetectionAPI,204,305,101,877
292,PaymentGatewayAPI,300,390,90,741
292,ShippingServiceAPI,385,475,90,765
292,NotificationAPI,477,537,60,1771
293,UserAuthAPI,1,97,96,1905
293,ProductCatalogAPI,99,171,72,1966
293,InventoryCheckAPI,174,270,96,1255
293,FraudDetectionAPI,273,360,87,1821
293,PaymentGatewayAPI,361,452,91,1043
293,ShippingServiceAPI,456,520,64,1342
293,NotificationAPI,523,619,96,679
294,UserAuthAPI,1,71,70,1075
294,ProductCatalogAPI,73,145,72,1736
294,InventoryCheckAPI,146,232,86,1428
294,FraudDetectionAPI,233,307,74,934
294,PaymentGatewayAPI,309,366,57,1121
294,ShippingServiceAPI,367,478,111,808
294,NotificationAPI,473,564,91,676
295,UserAuthAPI,1,98,97,1741
295,ProductCatalogAPI,101,187,86,1024
295,InventoryCheckAPI,190,297,107,1565
295,FraudDetectionAPI,299,357,58,1453
295,PaymentGatewayAPI,360,453,93,1332
295,ShippingServiceAPI,448,521,73,1516
295,NotificationAPI,523,619,96,611
296,UserAuthAPI,1,70,69,1705
296,ProductCatalogAPI,71,139,68,1782
296,InventoryCheckAPI,142,239,97,1773
296,FraudDetectionAPI,242,283,41,1470
296,PaymentGatewayAPI,286,402,116,984
296,ShippingServiceAPI,404,445,41,1138
296,NotificationAPI,447,512,65,1485
297,UserAuthAPI,1,56,55,1674
297,ProductCatalogAPI,58,157,99,828
297,InventoryCheckAPI,159,211,52,1982
297,FraudDetectionAPI,214,330,116,1692
297,PaymentGatewayAPI,331,420,89,1154
297,ShippingServiceAPI,421,467,46,1563
297,NotificationAPI,469,523,54,1209
298,UserAuthAPI,1,51,50,525
298,ProductCatalogAPI,55,117,62,1744
298,InventoryCheckAPI,119,198,79,960
298,FraudDetectionAPI,199,254,55,1489
298,PaymentGatewayAPI,257,364,107,1115
298,ShippingServiceAPI,366,458,92,1373
298,NotificationAPI,453,504,51,856
299,UserAuthAPI,1,49,48,1023
299,ProductCatalogAPI,51,144,93,783
299,InventoryCheckAPI,147,255,108,981
299,FraudDetectionAPI,259,375,116,1114
299,PaymentGatewayAPI,379,476,97,1089
299,ShippingServiceAPI,471,548,77,1335
299,NotificationAPI,550,660,110,1628
300,UserAuthAPI,1,91,90,876
300,ProductCatalogAPI,92,146,54,720
300,InventoryCheckAPI,147,237,90,1021
300,FraudDetectionAPI,238,281,43,1362
300,PaymentGatewayAPI,283,358,75,1804
300,ShippingServiceAPI,360,435,75,600
300,NotificationAPI,437,537,100,1832
301,UserAuthAPI,1,75,74,1586
301,ProductCatalogAPI,77,194,117,1271
301,InventoryCheckAPI,196,280,84,933
301,FraudDetectionAPI,283,364,81,1859
301,PaymentGatewayAPI,359,467,108,1365
301,ShippingServiceAPI,469,547,78,1363
301,NotificationAPI,548,622,74,1693
302,UserAuthAPI,1,89,88,1969
302,ProductCatalogAPI,91,152,61,1655
302,InventoryCheckAPI,155,267,112,1335
302,FraudDetectionAPI,269,310,41,971
302,PaymentGatewayAPI,311,381,70,1890
302,ShippingServiceAPI,385,475,90,1188
302,NotificationAPI,478,597,119,1196
303,UserAuthAPI,1,55,54,1975
303,ProductCatalogAPI,59,128,69,1943
303,InventoryCheckAPI,131,219,88,1087
303,FraudDetectionAPI,221,316,95,1207
303,PaymentGatewayAPI,319,389,70,1769
303,ShippingServiceAPI,391,509,118,650
303,NotificationAPI,513,589,76,1416
304,UserAuthAPI,1,77,76,832
304,ProductCatalogAPI,79,163,84,1925
304,InventoryCheckAPI,164,239,75,1367
304,FraudDetectionAPI,242,300,58,864
304,PaymentGatewayAPI,301,384,83,1640
304,ShippingServiceAPI,385,458,73,824
304,NotificationAPI,453,534,81,1820
305,UserAuthAPI,1,109,108,893
305,ProductCatalogAPI,110,209,99,1651
305,InventoryCheckAPI,204,251,47,1716
305,FraudDetectionAPI,254,371,117,584
305,PaymentGatewayAPI,374,462,88,1668
305,ShippingServiceAPI,465,561,96,978
305,NotificationAPI,563,642,79,1694
306,UserAuthAPI,1,90,89,1515
306,ProductCatalogAPI,93,175,82,1901
306,InventoryCheckAPI,176,221,45,1396
306,FraudDetectionAPI,224,284,60,591
306,PaymentGatewayAPI,288,383,95,1761
306,ShippingServiceAPI,385,444,59,985
306,NotificationAPI,445,512,67,1131
307,UserAuthAPI,1,87,86,1580
307,ProductCatalogAPI,88,192,104,736
307,InventoryCheckAPI,187,247,60,1750
307,FraudDetectionAPI,242,348,106,1676
307,PaymentGatewayAPI,350,444,94,1959
307,ShippingServiceAPI,445,540,95,1891
307,NotificationAPI,544,660,116,700
308,UserAuthAPI,1,106,105,774
308,ProductCatalogAPI,110,156,46,1641
308,InventoryCheckAPI,157,238,81,814
308,FraudDetectionAPI,240,296,56,782
308,PaymentGatewayAPI,297,399,102,1073
308,ShippingServiceAPI,401,457,56,1336
308,NotificationAPI,461,571,110,1604
309,UserAuthAPI,1,80,79,928
309,ProductCatalogAPI,75,139,64,703
309,InventoryCheckAPI,142,210,68,695
309,FraudDetectionAPI,212,265,53,1669
309,PaymentGatewayAPI,260,311,51,1733
309,ShippingServiceAPI,312,426,114,1802
309,NotificationAPI,427,545,118,1811
310,UserAuthAPI,1,55,54,1419
310,ProductCatalogAPI,56,130,74,1294
310,InventoryCheckAPI,131,246,115,1844
310,FraudDetectionAPI,247,287,40,1570
310,PaymentGatewayAPI,288,389,101,602
310,ShippingServiceAPI,391,448,57,1550
310,NotificationAPI,451,529,78,1488
311,UserAuthAPI,1,112,111,1321
311,ProductCatalogAPI,116,189,73,1431
311,InventoryCheckAPI,184,261,77,1010
311,FraudDetectionAPI,263,375,112,993
311,PaymentGatewayAPI,376,466,90,1046
311,ShippingServiceAPI,468,521,53,657
311,NotificationAPI,524,627,103,908
312,UserAuthAPI,1,106,105,734
312,ProductCatalogAPI,107,177,70,1802
312,InventoryCheckAPI,178,255,77,1834
312,FraudDetectionAPI,250,290,40,1658
312,PaymentGatewayAPI,291,342,51,1117
312,ShippingServiceAPI,343,432,89,1309
312,NotificationAPI,433,484,51,1157
313,UserAuthAPI,1,119,118,1489
313,ProductCatalogAPI,121,177,56,1719
313,InventoryCheckAPI,179,259,80,1775
313,FraudDetectionAPI,260,333,73,1209
313,PaymentGatewayAPI,335,419,84,813
313,ShippingServiceAPI,420,493,73,1055
313,NotificationAPI,495,604,109,1880
314,UserAuthAPI,1,107,106,1014
314,ProductCatalogAPI,108,221,113,1008
314,InventoryCheckAPI,222,309,87,1156
314,FraudDetectionAPI,311,416,105,1527
314,PaymentGatewayAPI,411,467,56,1575
314,ShippingServiceAPI,468,576,108,1491
314,NotificationAPI,579,695,116,1222
315,UserAuthAPI,1,44,43,651
315,ProductCatalogAPI,48,90,42,823
315,InventoryCheckAPI,91,170,79,1187
315,FraudDetectionAPI,171,266,95,1119
315,PaymentGatewayAPI,268,384,116,1847
315,ShippingServiceAPI,387,439,52,1166
315,NotificationAPI,441,516,75,1764
316,UserAuthAPI,1,42,41,679
316,ProductCatalogAPI,43,125,82,973
316,InventoryCheckAPI,127,221,94,1334
316,FraudDetectionAPI,222,319,97,895
316,PaymentGatewayAPI,322,400,78,1536
316,ShippingServiceAPI,401,493,92,992
316,NotificationAPI,495,608,113,852
317,UserAuthAPI,1,120,119,1139
317,ProductCatalogAPI,121,163,42,1016
317,InventoryCheckAPI,165,275,110,616
317,FraudDetectionAPI,277,350,73,1042
317,PaymentGatewayAPI,351,461,110,1589
317,ShippingServiceAPI,465,567,102,915
317,NotificationAPI,569,658,89,963
318,UserAuthAPI,1,111,110,894
318,ProductCatalogAPI,112,174,62,1614
318,InventoryCheckAPI,176,253,77,1141
318,FraudDetectionAPI,256,374,118,868
318,PaymentGatewayAPI,377,453,76,548
318,ShippingServiceAPI,455,516,61,1762
318,NotificationAPI,517,574,57,1689
319,UserAuthAPI,1,77,76,978
319,ProductCatalogAPI,78,196,118,1181
319,InventoryCheckAPI,198,281,83,581
319,FraudDetectionAPI,282,337,55,1321
319,PaymentGatewayAPI,339,406,67,1013
319,ShippingServiceAPI,408,488,80,1987
319,NotificationAPI,489,581,92,1242
320,UserAuthAPI,1,64,63,1712
320,ProductCatalogAPI,59,156,97,992
320,InventoryCheckAPI,151,197,46,1949
320,FraudDetectionAPI,200,298,98,1049
320,PaymentGatewayAPI,299,391,92,723
320,ShippingServiceAPI,394,452,58,848
320,NotificationAPI,455,545,90,1562
321,UserAuthAPI,1,43,42,1515
321,ProductCatalogAPI,44,94,50,596
321,InventoryCheckAPI,98,212,114,1934
321,FraudDetectionAPI,213,291,78,1234
321,PaymentGatewayAPI,292,397,105,1102
321,ShippingServiceAPI,392,496,104,946
321,NotificationAPI,497,567,70,1935
322,UserAuthAPI,1,65,64,1566
322,ProductCatalogAPI,67,173,106,1202
322,InventoryCheckAPI,174,277,103,1469
322,FraudDetectionAPI,272,313,41,1711
322,PaymentGatewayAPI,316,386,70,509
322,ShippingServiceAPI,387,462,75,1001
322,NotificationAPI,466,575,109,1507
323,UserAuthAPI,1,114,113,1912
323,ProductCatalogAPI,115,215,100,1504
323,InventoryCheckAPI,217,282,65,1784
323,FraudDetectionAPI,283,338,55,1780
323,PaymentGatewayAPI,333,375,42,1447
323,ShippingServiceAPI,378,430,52,1387
323,NotificationAPI,434,494,60,937
324,UserAuthAPI,1,98,97,857
324,ProductCatalogAPI,101,151,50,955
324,InventoryCheckAPI,152,262,110,1331
324,FraudDetectionAPI,263,374,111,870
324,PaymentGatewayAPI,376,479,103,747
324,ShippingServiceAPI,474,571,97,1825
324,NotificationAPI,573,621,48,1794
325,UserAuthAPI,1,50,49,1001
325,ProductCatalogAPI,51,127,76,1865
325,InventoryCheckAPI,131,211,80,1616
325,FraudDetectionAPI,206,273,67,931
325,PaymentGatewayAPI,275,328,53,872
325,ShippingServiceAPI,329,441,112,1772
325,NotificationAPI,443,559,116,1487
326,UserAuthAPI,1,45,44,1053
326,ProductCatalogAPI,46,121,75,1372
326,InventoryCheckAPI,122,207,85,1333
326,FraudDetectionAPI,209,275,66,1652
326,PaymentGatewayAPI,270,351,81,1447
326,ShippingServiceAPI,352,458,106,505
326,NotificationAPI,460,569,109,1064
327,UserAuthAPI,1,42,41,703
327,ProductCatalogAPI,44,103,59,1626
327,InventoryCheckAPI,107,211,104,1732
327,FraudDetectionAPI,213,255,42,545
327,PaymentGatewayAPI,258,361,103,1344
327,ShippingServiceAPI,362,475,113,1039
327,NotificationAPI,476,531,55,742
328,UserAuthAPI,1,56,55,1794
328,ProductCatalogAPI,58,108,50,1204
328,InventoryCheckAPI,111,218,107,1822
328,FraudDetectionAPI,222,274,52,893
328,PaymentGatewayAPI,269,349,80,1501
328,ShippingServiceAPI,344,454,110,814
328,NotificationAPI,456,571,115,506
329,UserAuthAPI,1,73,72,675
329,ProductCatalogAPI,75,185,110,775
329,InventoryCheckAPI,187,262,75,1551
329,FraudDetectionAPI,264,363,99,555
329,PaymentGatewayAPI,358,427,69,1833
329,ShippingServiceAPI,428,522,94,1094
329,NotificationAPI,525,615,90,1118
330,UserAuthAPI,1,93,92,1879
330,ProductCatalogAPI,94,169,75,1191
330,InventoryCheckAPI,172,261,89,1987
330,FraudDetectionAPI,263,324,61,565
330,PaymentGatewayAPI,326,409,83,538
330,ShippingServiceAPI,410,466,56,1859
330,NotificationAPI,468,580,112,978
331,UserAuthAPI,1,42,41,675
331,ProductCatalogAPI,44,142,98,1622
331,InventoryCheckAPI,143,240,97,994
331,FraudDetectionAPI,243,284,41,1254
331,PaymentGatewayAPI,285,340,55,1911
331,ShippingServiceAPI,342,388,46,769
331,NotificationAPI,390,434,44,1860
332,UserAuthAPI,1,72,71,1597
332,ProductCatalogAPI,76,184,108,1312
332,InventoryCheckAPI,185,273,88,1428
332,FraudDetectionAPI,275,332,57,508
332,PaymentGatewayAPI,333,401,68,1637
332,ShippingServiceAPI,404,458,54,889
332,NotificationAPI,461,529,68,834
333,UserAuthAPI,1,97,96,1695
333,ProductCatalogAPI,100,214,114,1793
333,InventoryCheckAPI,218,319,101,1373
333,FraudDetectionAPI,320,404,84,1373
333,PaymentGatewayAPI,408,467,59,1069
333,ShippingServiceAPI,462,558,96,1497
333,NotificationAPI,553,670,117,1615
334,UserAuthAPI,1,48,47,1311
334,ProductCatalogAPI,51,95,44,1897
334,InventoryCheckAPI,99,183,84,1148
334,FraudDetectionAPI,178,250,72,1078
334,PaymentGatewayAPI,251,366,115,1552
334,ShippingServiceAPI,369,465,96,752
334,NotificationAPI,460,525,65,885
335,UserAuthAPI,1,86,85,1079
335,ProductCatalogAPI,88,140,52,1242
335,InventoryCheckAPI,144,238,94,970
335,FraudDetectionAPI,239,339,100,1308
335,PaymentGatewayAPI,341,411,70,546
335,ShippingServiceAPI,415,531,116,557
335,NotificationAPI,526,639,113,1267
336,UserAuthAPI,1,74,73,1496
336,ProductCatalogAPI,76,185,109,1385
336,InventoryCheckAPI,187,239,52,525
336,FraudDetectionAPI,241,304,63,1721
336,PaymentGatewayAPI,307,404,97,1309
336,ShippingServiceAPI,407,512,105,1022
336,NotificationAPI,514,571,57,1096
337,UserAuthAPI,1,92,91,1055
337,ProductCatalogAPI,95,193,98,990
337,InventoryCheckAPI,196,265,69,1787
337,FraudDetectionAPI,268,380,112,1638
337,PaymentGatewayAPI,383,447,64,1798
337,ShippingServiceAPI,449,567,118,827
337,NotificationAPI,569,635,66,1051
338,UserAuthAPI,1,67,66,1201
338,ProductCatalogAPI,69,158,89,1181
338,InventoryCheckAPI,161,260,99,668
338,FraudDetectionAPI,261,316,55,1290
338,PaymentGatewayAPI,317,368,51,1595
338,ShippingServiceAPI,369,477,108,1805
338,NotificationAPI,479,597,118,768
339,UserAuthAPI,1,63,62,517
339,ProductCatalogAPI,64,133,69,1667
339,InventoryCheckAPI,136,208,72,1252
339,FraudDetectionAPI,210,255,45,1057
339,PaymentGatewayAPI,259,316,57,1948
339,ShippingServiceAPI,318,431,113,945
339,NotificationAPI,432,541,109,649
340,UserAuthAPI,1,66,65,1622
340,ProductCatalogAPI,68,158,90,1443
340,InventoryCheckAPI,159,248,89,1100
340,FraudDetectionAPI,250,299,49,750
340,PaymentGatewayAPI,294,385,91,1397
340,ShippingServiceAPI,388,478,90,1709
340,NotificationAPI,480,522,42,1522
341,UserAuthAPI,1,99,98,1337
341,ProductCatalogAPI,100,203,103,996
341,InventoryCheckAPI,206,318,112,1895
341,FraudDetectionAPI,322,428,106,1150
341,PaymentGatewayAPI,429,536,107,1464
341,ShippingServiceAPI,540,642,102,528
341,NotificationAPI,645,761,116,1820
342,UserAuthAPI,1,85,84,1443
342,ProductCatalogAPI,86,147,61,855
342,InventoryCheckAPI,151,248,97,1697
342,FraudDetectionAPI,251,305,54,1327
342,PaymentGatewayAPI,306,388,82,1715
342,ShippingServiceAPI,391,432,41,1738
342,NotificationAPI,436,506,70,1755
343,UserAuthAPI,1,107,106,1005
343,ProductCatalogAPI,110,174,64,1827
343,InventoryCheckAPI,169,275,106,1357
343,FraudDetectionAPI,278,355,77,1672
343,PaymentGatewayAPI,358,418,60,782
343,ShippingServiceAPI,422,531,109,1514
343,NotificationAPI,534,601,67,1952
344,UserAuthAPI,1,80,79,1005
344,ProductCatalogAPI,84,199,115,730
344,InventoryCheckAPI,202,287,85,1225
344,FraudDetectionAPI,291,399,108,892
344,PaymentGatewayAPI,403,511,108,1110
344,ShippingServiceAPI,513,618,105,1227
344,NotificationAPI,622,700,78,1697
345,UserAuthAPI,1,100,99,530
345,ProductCatalogAPI,102,143,41,1116
345,InventoryCheckAPI,138,179,41,1370
345,FraudDetectionAPI,181,278,97,1912
345,PaymentGatewayAPI,282,341,59,1778
345,ShippingServiceAPI,344,403,59,1909
345,NotificationAPI,406,471,65,953
346,UserAuthAPI,1,107,106,1236
346,ProductCatalogAPI,109,153,44,512
346,InventoryCheckAPI,154,241,87,1420
346,FraudDetectionAPI,236,310,74,831
346,PaymentGatewayAPI,313,374,61,1728
346,ShippingServiceAPI,369,462,93,886
346,NotificationAPI,464,534,70,568
347,UserAuthAPI,1,73,72,699
347,ProductCatalogAPI,75,130,55,1383
347,InventoryCheckAPI,132,210,78,1441
347,FraudDetectionAPI,214,300,86,1695
347,PaymentGatewayAPI,301,390,89,1199
347,ShippingServiceAPI,391,445,54,1303
347,NotificationAPI,440,548,108,713
348,UserAuthAPI,1,114,113,1803
348,ProductCatalogAPI,117,174,57,1015
348,InventoryCheckAPI,176,275,99,1834
348,FraudDetectionAPI,277,345,68,1256
348,PaymentGatewayAPI,346,434,88,1676
348,ShippingServiceAPI,435,497,62,556
348,NotificationAPI,498,595,97,897
349,UserAuthAPI,1,70,69,1882
349,ProductCatalogAPI,71,133,62,945
349,InventoryCheckAPI,136,193,57,1596
349,FraudDetectionAPI,194,294,100,516
349,PaymentGatewayAPI,298,407,109,1494
349,ShippingServiceAPI,409,482,73,1095
349,NotificationAPI,484,597,113,1725
350,UserAuthAPI,1,51,50,1358
350,ProductCatalogAPI,54,154,100,721
350,InventoryCheckAPI,155,274,119,1530
350,FraudDetectionAPI,275,330,55,1947
350,PaymentGatewayAPI,325,399,74,520
350,ShippingServiceAPI,403,459,56,1811
350,NotificationAPI,460,526,66,903
351,UserAuthAPI,1,49,48,936
351,ProductCatalogAPI,44,86,42,602
351,InventoryCheckAPI,87,127,40,1624
351,FraudDetectionAPI,128,214,86,962
351,PaymentGatewayAPI,216,269,53,1005
351,ShippingServiceAPI,272,357,85,1266
351,NotificationAPI,360,458,98,1490
352,UserAuthAPI,1,57,56,731
352,ProductCatalogAPI,58,155,97,995
352,InventoryCheckAPI,156,258,102,1001
352,FraudDetectionAPI,261,359,98,787
352,PaymentGatewayAPI,354,411,57,1560
352,ShippingServiceAPI,414,517,103,1415
352,NotificationAPI,520,589,69,552
353,UserAuthAPI,1,103,102,932
353,ProductCatalogAPI,106,164,58,895
353,InventoryCheckAPI,166,248,82,1176
353,FraudDetectionAPI,251,316,65,1887
353,PaymentGatewayAPI,311,365,54,743
353,ShippingServiceAPI,367,456,89,1689
353,NotificationAPI,458,572,114,1423
354,UserAuthAPI,1,48,47,1936
354,ProductCatalogAPI,49,106,57,938
354,InventoryCheckAPI,101,154,53,617
354,FraudDetectionAPI,156,204,48,894
354,PaymentGatewayAPI,206,321,115,1434
354,ShippingServiceAPI,316,383,67,574
354,NotificationAPI,378,438,60,1694
355,UserAuthAPI,1,88,87,1609
355,ProductCatalogAPI,90,179,89,1674
355,InventoryCheckAPI,180,223,43,1345
355,FraudDetectionAPI,225,299,74,600
355,PaymentGatewayAPI,301,358,57,1467
355,ShippingServiceAPI,360,442,82,1618
355,NotificationAPI,444,561,117,566
356,UserAuthAPI,1,52,51,1760
356,ProductCatalogAPI,53,107,54,906
356,InventoryCheckAPI,109,155,46,721
356,FraudDetectionAPI,159,242,83,1681
356,PaymentGatewayAPI,245,354,109,870
356,ShippingServiceAPI,349,415,66,1349
356,NotificationAPI,410,473,63,1813
357,UserAuthAPI,1,119,118,1737
357,ProductCatalogAPI,120,224,104,773
357,InventoryCheckAPI,227,323,96,1886
357,FraudDetectionAPI,318,428,110,1993
357,PaymentGatewayAPI,429,510,81,878
357,ShippingServiceAPI,511,574,63,1117
357,NotificationAPI,577,669,92,1979
358,UserAuthAPI,1,45,44,1492
358,ProductCatalogAPI,48,117,69,827
358,InventoryCheckAPI,118,204,86,1805
358,FraudDetectionAPI,205,251,46,1138
358,PaymentGatewayAPI,253,331,78,1713
358,ShippingServiceAPI,332,449,117,552
358,NotificationAPI,450,493,43,1887
359,UserAuthAPI,1,47,46,1167
359,ProductCatalogAPI,42,101,59,1763
359,InventoryCheckAPI,102,208,106,1994
359,FraudDetectionAPI,211,311,100,954
359,PaymentGatewayAPI,306,364,58,557
359,ShippingServiceAPI,366,446,80,1315
359,NotificationAPI,447,511,64,1292
360,UserAuthAPI,1,119,118,1859
360,ProductCatalogAPI,120,233,113,1714
360,InventoryCheckAPI,234,292,58,783
360,FraudDetectionAPI,294,411,117,1428
360,PaymentGatewayAPI,414,483,69,1545
360,ShippingServiceAPI,484,598,114,1955
360,NotificationAPI,600,693,93,1262
361,UserAuthAPI,1,42,41,1212
361,ProductCatalogAPI,44,157,113,1237
361,InventoryCheckAPI,161,272,111,943
361,FraudDetectionAPI,274,319,45,1759
361,PaymentGatewayAPI,321,379,58,654
361,ShippingServiceAPI,374,446,72,1009
361,NotificationAPI,448,556,108,1284
362,UserAuthAPI,1,97,96,797
362,ProductCatalogAPI,99,173,74,1722
362,InventoryCheckAPI,176,269,93,1804
362,FraudDetectionAPI,270,371,101,1441
362,PaymentGatewayAPI,374,459,85,1801
362,ShippingServiceAPI,462,509,47,1306
362,NotificationAPI,511,599,88,1825
363,UserAuthAPI,1,94,93,920
363,ProductCatalogAPI,95,174,79,1602
363,InventoryCheckAPI,177,233,56,1684
363,FraudDetectionAPI,235,326,91,1897
363,PaymentGatewayAPI,327,375,48,943
363,ShippingServiceAPI,376,492,116,904
363,NotificationAPI,493,601,108,1277
364,UserAuthAPI,1,53,52,564
364,ProductCatalogAPI,48,133,85,1915
364,InventoryCheckAPI,134,240,106,1406
364,FraudDetectionAPI,242,306,64,1188
364,PaymentGatewayAPI,301,351,50,1969
364,ShippingServiceAPI,353,431,78,552
364,NotificationAPI,432,527,95,1883
365,UserAuthAPI,1,44,43,1776
365,ProductCatalogAPI,45,119,74,1344
365,InventoryCheckAPI,121,228,107,1603
365,FraudDetectionAPI,231,345,114,1963
365,PaymentGatewayAPI,347,450,103,1518
365,ShippingServiceAPI,451,497,46,1139
365,NotificationAPI,498,599,101,739
366,UserAuthAPI,1,113,112,732
366,ProductCatalogAPI,117,233,116,938
366,InventoryCheckAPI,234,297,63,1951
366,FraudDetectionAPI,298,350,52,914
366,PaymentGatewayAPI,352,419,67,722
366,ShippingServiceAPI,421,493,72,1799
366,NotificationAPI,497,609,112,1546
367,UserAuthAPI,1,54,53,1358
367,ProductCatalogAPI,56,126,70,739
367,InventoryCheckAPI,121,214,93,1912
367,FraudDetectionAPI,215,297,82,1894
367,PaymentGatewayAPI,298,408,110,921
367,ShippingServiceAPI,410,511,101,1632
367,NotificationAPI,512,559,47,1476
368,UserAuthAPI,1,73,72,836
368,ProductCatalogAPI,77,143,66,1251
368,InventoryCheckAPI,145,248,103,1134
368,FraudDetectionAPI,251,310,59,1027
368,PaymentGatewayAPI,305,363,58,875
368,ShippingServiceAPI,364,441,77,1704
368,NotificationAPI,442,512,70,1967
369,UserAuthAPI,1,57,56,578
369,ProductCatalogAPI,58,139,81,1187
369,InventoryCheckAPI,140,197,57,1474
369,FraudDetectionAPI,199,281,82,615
369,PaymentGatewayAPI,276,369,93,1772
369,ShippingServiceAPI,370,425,55,1915
369,NotificationAPI,428,498,70,893
370,UserAuthAPI,1,116,115,1103
370,ProductCatalogAPI,118,177,59,632
370,InventoryCheckAPI,178,275,97,720
370,FraudDetectionAPI,277,362,85,1715
370,PaymentGatewayAPI,363,422,59,1190
370,ShippingServiceAPI,423,499,76,1189
370,NotificationAPI,503,575,72,1577
371,UserAuthAPI,1,111,110,1389
371,ProductCatalogAPI,113,214,101,522
371,InventoryCheckAPI,218,264,46,1641
371,FraudDetectionAPI,266,308,42,1518
371,PaymentGatewayAPI,303,376,73,1636
371,ShippingServiceAPI,377,446,69,1326
371,NotificationAPI,447,504,57,544
372,UserAuthAPI,1,99,98,814
372,ProductCatalogAPI,103,205,102,766
372,InventoryCheckAPI,207,308,101,1186
372,FraudDetectionAPI,312,368,56,1371
372,PaymentGatewayAPI,370,449,79,822
372,ShippingServiceAPI,451,554,103,582
372,NotificationAPI,558,613,55,1723
373,UserAuthAPI,1,92,91,1443
373,ProductCatalogAPI,95,183,88,895
373,InventoryCheckAPI,178,288,110,1377
373,FraudDetectionAPI,289,377,88,1288
373,PaymentGatewayAPI,378,441,63,810
373,ShippingServiceAPI,436,546,110,724
373,NotificationAPI,550,613,63,510
374,UserAuthAPI,1,75,74,946
374,ProductCatalogAPI,76,172,96,1152
374,InventoryCheckAPI,175,253,78,843
374,FraudDetectionAPI,256,307,51,1813
374,PaymentGatewayAPI,310,380,70,1488
374,ShippingServiceAPI,381,433,52,1882
374,NotificationAPI,437,551,114,695
375,UserAuthAPI,1,106,105,1520
375,ProductCatalogAPI,107,223,116,1304
375,InventoryCheckAPI,227,310,83,1466
375,FraudDetectionAPI,311,427,116,728
375,PaymentGatewayAPI,429,543,114,1483
375,ShippingServiceAPI,544,609,65,1114
375,NotificationAPI,612,680,68,1374
376,UserAuthAPI,1,59,58,823
376,ProductCatalogAPI,60,156,96,664
376,InventoryCheckAPI,157,226,69,954
376,FraudDetectionAPI,230,334,104,1126
376,PaymentGatewayAPI,335,384,49,591
376,ShippingServiceAPI,387,491,104,1856
376,NotificationAPI,493,597,104,1575
377,UserAuthAPI,1,118,117,1298
377,ProductCatalogAPI,119,213,94,1104
377,InventoryCheckAPI,214,279,65,1320
377,FraudDetectionAPI,281,345,64,1013
377,PaymentGatewayAPI,347,391,44,1529
377,ShippingServiceAPI,393,509,116,1641
377,NotificationAPI,510,575,65,967
378,UserAuthAPI,1,96,95,727
378,ProductCatalogAPI,98,183,85,1667
378,InventoryCheckAPI,186,254,68,1019
378,FraudDetectionAPI,256,314,58,852
378,PaymentGatewayAPI,318,431,113,1057
378,ShippingServiceAPI,432,484,52,1812
378,NotificationAPI,485,601,116,910
379,UserAuthAPI,1,118,117,1675
379,ProductCatalogAPI,120,222,102,1892
379,InventoryCheckAPI,225,312,87,1202
379,FraudDetectionAPI,313,380,67,976
379,PaymentGatewayAPI,384,463,79,676
379,ShippingServiceAPI,465,568,103,702
379,NotificationAPI,570,683,113,1853
380,UserAuthAPI,1,110,109,855
380,ProductCatalogAPI,114,196,82,1386
380,InventoryCheckAPI,199,296,97,748
380,FraudDetectionAPI,297,342,45,820
380,PaymentGatewayAPI,343,404,61,1372
380,ShippingServiceAPI,405,523,118,1357
380,NotificationAPI,524,611,87,1369
381,UserAuthAPI,1,105,104,1839
381,ProductCatalogAPI,109,206,97,1215
381,InventoryCheckAPI,201,252,51,1693
381,FraudDetectionAPI,255,365,110,1815
381,PaymentGatewayAPI,366,438,72,1664
381,ShippingServiceAPI,440,537,97,683
381,NotificationAPI,538,608,70,1776
382,UserAuthAPI,1,100,99,885
382,ProductCatalogAPI,103,145,42,1310
382,InventoryCheckAPI,147,253,106,1579
382,FraudDetectionAPI,254,308,54,1127
382,PaymentGatewayAPI,311,388,77,1580
382,ShippingServiceAPI,391,501,110,1410
382,NotificationAPI,504,545,41,583
383,UserAuthAPI,1,66,65,1338
383,ProductCatalogAPI,67,148,81,632
383,InventoryCheckAPI,149,222,73,875
383,FraudDetectionAPI,224,265,41,1736
383,PaymentGatewayAPI,268,328,60,587
383,ShippingServiceAPI,323,374,51,1289
383,NotificationAPI,375,415,40,1809
384,UserAuthAPI,1,64,63,1793
384,ProductCatalogAPI,67,181,114,523
384,InventoryCheckAPI,184,278,94,1984
384,FraudDetectionAPI,280,396,116,1163
384,PaymentGatewayAPI,399,504,105,1859
384,ShippingServiceAPI,505,609,104,1086
384,NotificationAPI,612,694,82,1688
385,UserAuthAPI,1,94,93,1818
385,ProductCatalogAPI,95,163,68,1438
385,InventoryCheckAPI,164,213,49,1710
385,FraudDetectionAPI,216,331,115,930
385,PaymentGatewayAPI,332,403,71,1299
385,ShippingServiceAPI,405,470,65,1894
385,NotificationAPI,471,512,41,1348
386,UserAuthAPI,1,111,110,807
386,ProductCatalogAPI,112,173,61,1301
386,InventoryCheckAPI,176,216,40,1084
386,FraudDetectionAPI,217,296,79,1056
386,PaymentGatewayAPI,291,352,61,645
386,ShippingServiceAPI,355,437,82,1690
386,NotificationAPI,439,526,87,1137
387,UserAuthAPI,1,120,119,952
387,ProductCatalogAPI,122,198,76,986
387,InventoryCheckAPI,201,277,76,1648
387,FraudDetectionAPI,279,380,101,1851
387,PaymentGatewayAPI,375,447,72,1297
387,ShippingServiceAPI,449,548,99,1605
387,NotificationAPI,543,656,113,1419
388,UserAuthAPI,1,77,76,1143
388,ProductCatalogAPI,80,196,116,1925
388,InventoryCheckAPI,199,304,105,1699
388,FraudDetectionAPI,305,417,112,1039
388,PaymentGatewayAPI,419,468,49,1332
388,ShippingServiceAPI,471,519,48,1199
388,NotificationAPI,522,618,96,1417
389,UserAuthAPI,1,111,110,1067
389,ProductCatalogAPI,106,170,64,1486
389,InventoryCheckAPI,173,246,73,1714
389,FraudDetectionAPI,248,336,88,724
389,PaymentGatewayAPI,337,446,109,1810
389,ShippingServiceAPI,450,551,101,1872
389,NotificationAPI,553,628,75,1943
390,UserAuthAPI,1,48,47,1551
390,ProductCatalogAPI,51,170,119,1993
390,InventoryCheckAPI,172,262,90,603
390,FraudDetectionAPI,263,331,68,1138
390,PaymentGatewayAPI,335,413,78,1268
390,ShippingServiceAPI,415,519,104,1399
390,NotificationAPI,520,579,59,1661
391,UserAuthAPI,1,74,73,879
391,ProductCatalogAPI,77,149,72,853
391,InventoryCheckAPI,151,200,49,1588
391,FraudDetectionAPI,201,245,44,1091
391,PaymentGatewayAPI,246,313,67,1234
391,ShippingServiceAPI,317,373,56,1892
391,NotificationAPI,368,421,53,1491
392,UserAuthAPI,1,104,103,1298
392,ProductCatalogAPI,107,219,112,1021
392,InventoryCheckAPI,222,338,116,814
392,FraudDetectionAPI,339,448,109,1543
392,PaymentGatewayAPI,451,492,41,1816
392,ShippingServiceAPI,487,580,93,1389
392,NotificationAPI,583,631,48,1481
393,UserAuthAPI,1,114,113,1301
393,ProductCatalogAPI,118,179,61,1653
393,InventoryCheckAPI,174,245,71,1629
393,FraudDetectionAPI,246,286,40,1083
393,PaymentGatewayAPI,290,342,52,552
393,ShippingServiceAPI,343,456,113,1848
393,NotificationAPI,457,534,77,1902
394,UserAuthAPI,1,83,82,1799
394,ProductCatalogAPI,85,181,96,677
394,InventoryCheckAPI,182,247,65,1724
394,FraudDetectionAPI,248,318,70,1258
394,PaymentGatewayAPI,320,420,100,1849
394,ShippingServiceAPI,415,471,56,774
394,NotificationAPI,474,583,109,976
395,UserAuthAPI,1,70,69,1676
395,ProductCatalogAPI,74,184,110,1165
395,InventoryCheckAPI,185,243,58,658
395,FraudDetectionAPI,238,318,80,522
395,PaymentGatewayAPI,321,426,105,643
395,ShippingServiceAPI,427,543,116,1942
395,NotificationAPI,545,615,70,584
396,UserAuthAPI,1,112,111,1326
396,ProductCatalogAPI,114,219,105,1753
396,InventoryCheckAPI,220,299,79,877
396,FraudDetectionAPI,300,404,104,829
396,PaymentGatewayAPI,405,454,49,1442
396,ShippingServiceAPI,458,535,77,895
396,NotificationAPI,536,655,119,949
397,UserAuthAPI,1,81,80,1808
397,ProductCatalogAPI,85,138,53,917
397,InventoryCheckAPI,140,210,70,1627
397,FraudDetectionAPI,205,274,69,1804
397,PaymentGatewayAPI,275,333,58,1211
397,ShippingServiceAPI,328,370,42,1759
397,NotificationAPI,365,421,56,998
398,UserAuthAPI,1,61,60,1662
398,ProductCatalogAPI,65,157,92,1633
398,InventoryCheckAPI,158,205,47,1527
398,FraudDetectionAPI,209,288,79,1369
398,PaymentGatewayAPI,290,373,83,1059
398,ShippingServiceAPI,368,459,91,1351
398,NotificationAPI,462,512,50,704
399,UserAuthAPI,1,44,43,1599
399,ProductCatalogAPI,45,132,87,1267
399,InventoryCheckAPI,135,251,116,1050
399,FraudDetectionAPI,253,311,58,587
399,PaymentGatewayAPI,315,431,116,1600
399,ShippingServiceAPI,432,537,105,1905
399,NotificationAPI,538,635,97,641
400,UserAuthAPI,1,55,54,851
400,ProductCatalogAPI,56,119,63,1681
400,InventoryCheckAPI,120,221,101,1262
400,FraudDetectionAPI,225,280,55,949
400,PaymentGatewayAPI,281,363,82,763
400,ShippingServiceAPI,358,409,51,1095
400,NotificationAPI,410,529,119,1582
401,UserAuthAPI,1,103,102,1457
401,ProductCatalogAPI,107,197,90,1769
401,InventoryCheckAPI,198,296,98,1855
401,FraudDetectionAPI,298,360,62,1105
401,PaymentGatewayAPI,361,462,101,1986
401,ShippingServiceAPI,464,549,85,563
401,NotificationAPI,544,639,95,748
402,UserAuthAPI,1,115,114,656
402,ProductCatalogAPI,118,209,91,1611
402,InventoryCheckAPI,204,309,105,1161
402,FraudDetectionAPI,311,422,111,1057
402,PaymentGatewayAPI,423,519,96,1866
402,ShippingServiceAPI,522,622,100,771
402,NotificationAPI,623,723,100,1204
403,UserAuthAPI,1,94,93,1815
403,ProductCatalogAPI,96,202,106,509
403,InventoryCheckAPI,203,307,104,1230
403,FraudDetectionAPI,309,423,114,632
403,PaymentGatewayAPI,426,522,96,875
403,ShippingServiceAPI,523,638,115,1681
403,NotificationAPI,639,681,42,828
404,UserAuthAPI,1,79,78,1421
404,ProductCatalogAPI,80,142,62,1262
404,InventoryCheckAPI,145,193,48,512
404,FraudDetectionAPI,188,278,90,1575
404,PaymentGatewayAPI,279,383,104,1925
404,ShippingServiceAPI,387,435,48,1152
404,NotificationAPI,437,555,118,1823
405,UserAuthAPI,1,73,72,1163
405,ProductCatalogAPI,74,123,49,1879
405,InventoryCheckAPI,125,239,114,901
405,FraudDetectionAPI,243,345,102,1036
405,PaymentGatewayAPI,348,412,64,1534
405,ShippingServiceAPI,414,503,89,1612
405,NotificationAPI,505,593,88,1537
406,UserAuthAPI,1,65,64,942
406,ProductCatalogAPI,68,112,44,1116
406,InventoryCheckAPI,116,178,62,1020
406,FraudDetectionAPI,180,269,89,643
406,PaymentGatewayAPI,272,325,53,756
406,ShippingServiceAPI,327,382,55,1730
406,NotificationAPI,384,467,83,963
407,UserAuthAPI,1,64,63,1122
407,ProductCatalogAPI,66,177,111,1941
407,InventoryCheckAPI,178,291,113,854
407,FraudDetectionAPI,293,404,111,1487
407,PaymentGatewayAPI,399,452,53,1970
407,ShippingServiceAPI,453,557,104,823
407,NotificationAPI,559,662,103,1218
408,UserAuthAPI,1,106,105,1903
408,ProductCatalogAPI,101,151,50,686
408,InventoryCheckAPI,152,201,49,1820
408,FraudDetectionAPI,205,317,112,1575
408,PaymentGatewayAPI,320,424,104,1540
408,ShippingServiceAPI,419,468,49,1752
408,NotificationAPI,471,557,86,1817
409,UserAuthAPI,1,110,109,1627
409,ProductCatalogAPI,111,228,117,1439
409,InventoryCheckAPI,232,325,93,1799
409,FraudDetectionAPI,326,372,46,1581
409,PaymentGatewayAPI,374,423,49,752
409,ShippingServiceAPI,425,494,69,1048
409,NotificationAPI,498,580,82,1986
410,UserAuthAPI,1,96,95,831
410,ProductCatalogAPI,99,147,48,1373
410,InventoryCheckAPI,150,212,62,946
410,FraudDetectionAPI,215,294,79,1958
410,PaymentGatewayAPI,296,368,72,777
410,ShippingServiceAPI,369,470,101,1509
410,NotificationAPI,474,584,110,1253
411,UserAuthAPI,1,110,109,529
411,ProductCatalogAPI,111,182,71,585
411,InventoryCheckAPI,185,281,96,864
411,FraudDetectionAPI,283,393,110,1404
411,PaymentGatewayAPI,394,436,42,1302
411,ShippingServiceAPI,437,540,103,850
411,NotificationAPI,541,615,74,1619
412,UserAuthAPI,1,72,71,1959
412,ProductCatalogAPI,74,141,67,1234
412,InventoryCheckAPI,142,245,103,1090
412,FraudDetectionAPI,248,302,54,889
412,PaymentGatewayAPI,303,380,77,1733
412,ShippingServiceAPI,382,472,90,1596
412,NotificationAPI,474,566,92,1359
413,UserAuthAPI,1,53,52,798
413,ProductCatalogAPI,56,114,58,648
413,InventoryCheckAPI,117,180,63,1037
413,FraudDetectionAPI,184,252,68,1796
413,PaymentGatewayAPI,256,356,100,622
413,ShippingServiceAPI,359,472,113,1932
413,NotificationAPI,476,517,41,1612
414,UserAuthAPI,1,66,65,1211
414,ProductCatalogAPI,68,125,57,756
414,InventoryCheckAPI,126,168,42,1308
414,FraudDetectionAPI,169,223,54,1049
414,PaymentGatewayAPI,227,322,95,1485
414,ShippingServiceAPI,325,442,117,1692
414,NotificationAPI,443,487,44,1386
415,UserAuthAPI,1,71,70,1242
415,ProductCatalogAPI,73,135,62,1632
415,InventoryCheckAPI,137,214,77,1180
415,FraudDetectionAPI,216,330,114,824
415,PaymentGatewayAPI,333,443,110,1486
415,ShippingServiceAPI,445,563,118,1536
415,NotificationAPI,564,627,63,1744
416,UserAuthAPI,1,44,43,1569
416,ProductCatalogAPI,45,127,82,707
416,InventoryCheckAPI,122,171,49,1852
416,FraudDetectionAPI,174,241,67,559
416,PaymentGatewayAPI,242,336,94,1281
416,ShippingServiceAPI,338,392,54,1525
416,NotificationAPI,395,498,103,1507
417,UserAuthAPI,1,64,63,1688
417,ProductCatalogAPI,59,137,78,1458
417,InventoryCheckAPI,139,243,104,1015
417,FraudDetectionAPI,246,286,40,1246
417,PaymentGatewayAPI,287,337,50,1597
417,ShippingServiceAPI,338,413,75,1122
417,NotificationAPI,417,477,60,640
418,UserAuthAPI,1,115,114,569
418,ProductCatalogAPI,118,227,109,704
418,InventoryCheckAPI,228,298,70,1481
418,FraudDetectionAPI,293,410,117,1139
418,PaymentGatewayAPI,411,519,108,941
418,ShippingServiceAPI,523,626,103,1466
418,NotificationAPI,621,734,113,997
419,UserAuthAPI,1,61,60,559
419,ProductCatalogAPI,64,168,104,738
419,InventoryCheckAPI,170,234,64,909
419,FraudDetectionAPI,235,307,72,856
419,PaymentGatewayAPI,308,377,69,1068
419,ShippingServiceAPI,379,490,111,932
419,NotificationAPI,494,598,104,767
420,UserAuthAPI,1,46,45,1972
420,ProductCatalogAPI,48,119,71,989
420,InventoryCheckAPI,123,211,88,815
420,FraudDetectionAPI,212,301,89,1525
420,PaymentGatewayAPI,304,360,56,1889
420,ShippingServiceAPI,361,417,56,1343
420,NotificationAPI,412,501,89,1142
421,UserAuthAPI,1,90,89,1463
421,ProductCatalogAPI,92,168,76,545
421,InventoryCheckAPI,170,242,72,1347
421,FraudDetectionAPI,243,302,59,729
421,PaymentGatewayAPI,304,407,103,873
421,ShippingServiceAPI,409,513,104,587
421,NotificationAPI,517,632,115,1905
422,UserAuthAPI,1,101,100,1038
422,ProductCatalogAPI,104,204,100,1197
422,InventoryCheckAPI,205,256,51,1313
422,FraudDetectionAPI,258,329,71,1500
422,PaymentGatewayAPI,330,422,92,1057
422,ShippingServiceAPI,426,545,119,1146
422,NotificationAPI,549,640,91,972
423,UserAuthAPI,1,76,75,882
423,ProductCatalogAPI,78,192,114,1425
423,InventoryCheckAPI,193,254,61,616
423,FraudDetectionAPI,257,323,66,1313
423,PaymentGatewayAPI,318,361,43,1859
423,ShippingServiceAPI,363,428,65,646
423,NotificationAPI,432,516,84,1161
424,UserAuthAPI,1,103,102,1003
424,ProductCatalogAPI,104,187,83,1367
424,InventoryCheckAPI,188,293,105,1179
424,FraudDetectionAPI,294,394,100,960
424,PaymentGatewayAPI,396,515,119,1411
424,ShippingServiceAPI,517,628,111,1950
424,NotificationAPI,630,746,116,836
425,UserAuthAPI,1,107,106,1511
425,ProductCatalogAPI,108,154,46,1404
425,InventoryCheckAPI,156,249,93,1115
425,FraudDetectionAPI,252,352,100,1098
425,PaymentGatewayAPI,354,468,114,1985
425,ShippingServiceAPI,472,544,72,1265
425,NotificationAPI,546,616,70,1187
426,UserAuthAPI,1,87,86,1999
426,ProductCatalogAPI,90,209,119,622
426,InventoryCheckAPI,204,292,88,1340
426,FraudDetectionAPI,287,338,51,522
426,PaymentGatewayAPI,340,448,108,734
426,ShippingServiceAPI,449,524,75,1325
426,NotificationAPI,525,621,96,1156
427,UserAuthAPI,1,108,107,810
427,ProductCatalogAPI,109,149,40,1032
427,InventoryCheckAPI,150,241,91,1861
427,FraudDetectionAPI,244,350,106,799
427,PaymentGatewayAPI,351,454,103,731
427,ShippingServiceAPI,456,563,107,527
427,NotificationAPI,565,655,90,1783
428,UserAuthAPI,1,107,106,1085
428,ProductCatalogAPI,109,204,95,1546
428,InventoryCheckAPI,205,279,74,1000
428,FraudDetectionAPI,281,379,98,991
428,PaymentGatewayAPI,382,488,106,966
428,ShippingServiceAPI,489,561,72,1623
428,NotificationAPI,562,605,43,740
429,UserAuthAPI,1,73,72,675
429,ProductCatalogAPI,76,138,62,951
429,InventoryCheckAPI,140,222,82,712
429,FraudDetectionAPI,225,302,77,1099
429,PaymentGatewayAPI,304,372,68,950
429,ShippingServiceAPI,374,474,100,1670
429,NotificationAPI,478,539,61,833
430,UserAuthAPI,1,54,53,543
430,ProductCatalogAPI,55,171,116,1497
430,InventoryCheckAPI,174,268,94,1830
430,FraudDetectionAPI,270,342,72,1296
430,PaymentGatewayAPI,343,413,70,579
430,ShippingServiceAPI,408,493,85,1364
430,NotificationAPI,495,544,49,971
431,UserAuthAPI,1,117,116,1910
431,ProductCatalogAPI,112,203,91,1956
431,InventoryCheckAPI,205,257,52,1236
431,FraudDetectionAPI,260,368,108,1643
431,PaymentGatewayAPI,370,469,99,1850
431,ShippingServiceAPI,470,570,100,1162
431,NotificationAPI,572,629,57,811
432,UserAuthAPI,1,109,108,1636
432,ProductCatalogAPI,110,221,111,1986
432,InventoryCheckAPI,223,296,73,1464
432,FraudDetectionAPI,297,405,108,1133
432,PaymentGatewayAPI,409,452,43,1562
432,ShippingServiceAPI,453,525,72,788
432,NotificationAPI,526,581,55,1416
433,UserAuthAPI,1,102,101,1298
433,ProductCatalogAPI,103,154,51,1332
433,InventoryCheckAPI,157,199,42,1638
433,FraudDetectionAPI,202,292,90,1027
433,PaymentGatewayAPI,295,412,117,1392
433,ShippingServiceAPI,414,477,63,1980
433,NotificationAPI,479,589,110,1138
434,UserAuthAPI,1,87,86,1417
434,ProductCatalogAPI,89,160,71,1971
434,InventoryCheckAPI,163,241,78,883
434,FraudDetectionAPI,242,323,81,1496
434,PaymentGatewayAPI,324,365,41,774
434,ShippingServiceAPI,367,476,109,1028
434,NotificationAPI,479,586,107,849
435,UserAuthAPI,1,91,90,1677
435,ProductCatalogAPI,93,196,103,763
435,InventoryCheckAPI,198,274,76,992
435,FraudDetectionAPI,276,342,66,672
435,PaymentGatewayAPI,343,419,76,1082
435,ShippingServiceAPI,422,516,94,880
435,NotificationAPI,519,630,111,665
436,UserAuthAPI,1,59,58,1479
436,ProductCatalogAPI,61,133,72,1533
436,InventoryCheckAPI,134,237,103,1079
436,FraudDetectionAPI,239,321,82,1582
436,PaymentGatewayAPI,324,382,58,1160
436,ShippingServiceAPI,385,433,48,956
436,NotificationAPI,436,519,83,1531
437,UserAuthAPI,1,73,72,703
437,ProductCatalogAPI,74,168,94,1016
437,InventoryCheckAPI,171,228,57,1188
437,FraudDetectionAPI,229,322,93,1968
437,PaymentGatewayAPI,323,387,64,1005
437,ShippingServiceAPI,388,467,79,1861
437,NotificationAPI,470,542,72,1122
438,UserAuthAPI,1,97,96,1754
438,ProductCatalogAPI,98,217,119,994
438,InventoryCheckAPI,218,264,46,1246
438,FraudDetectionAPI,265,336,71,1049
438,PaymentGatewayAPI,338,393,55,1319
438,ShippingServiceAPI,395,510,115,1156
438,NotificationAPI,514,566,52,1195
439,UserAuthAPI,1,81,80,532
439,ProductCatalogAPI,83,172,89,1963
439,InventoryCheckAPI,175,264,89,1552
439,FraudDetectionAPI,267,351,84,1540
439,PaymentGatewayAPI,353,438,85,566
439,ShippingServiceAPI,441,547,106,1546
439,NotificationAPI,551,651,100,1418
440,UserAuthAPI,1,50,49,972
440,ProductCatalogAPI,54,134,80,1194
440,InventoryCheckAPI,135,235,100,1097
440,FraudDetectionAPI,237,325,88,1724
440,PaymentGatewayAPI,327,416,89,1256
440,ShippingServiceAPI,419,501,82,1582
440,NotificationAPI,504,555,51,759
441,UserAuthAPI,1,81,80,753
441,ProductCatalogAPI,76,184,108,568
441,InventoryCheckAPI,186,298,112,1785
441,FraudDetectionAPI,299,418,119,712
441,PaymentGatewayAPI,420,475,55,792
441,ShippingServiceAPI,476,592,116,1811
441,NotificationAPI,594,705,111,926
442,UserAuthAPI,1,76,75,653
442,ProductCatalogAPI,80,148,68,1784
442,InventoryCheckAPI,143,185,42,1078
442,FraudDetectionAPI,187,261,74,1538
442,PaymentGatewayAPI,263,332,69,858
442,ShippingServiceAPI,333,415,82,996
442,NotificationAPI,417,496,79,1972
443,UserAuthAPI,1,59,58,758
443,ProductCatalogAPI,61,115,54,1246
443,InventoryCheckAPI,117,236,119,1687
443,FraudDetectionAPI,237,353,116,1172
443,PaymentGatewayAPI,348,465,117,1281
443,ShippingServiceAPI,467,553,86,1399
443,NotificationAPI,555,603,48,1576
444,UserAuthAPI,1,100,99,1321
444,ProductCatalogAPI,102,178,76,1802
444,InventoryCheckAPI,179,284,105,1888
444,FraudDetectionAPI,286,376,90,1829
444,PaymentGatewayAPI,378,418,40,1819
444,ShippingServiceAPI,419,524,105,1051
444,NotificationAPI,519,613,94,1086
445,UserAuthAPI,1,91,90,606
445,ProductCatalogAPI,94,201,107,1979
445,InventoryCheckAPI,202,243,41,835
445,FraudDetectionAPI,246,344,98,902
445,PaymentGatewayAPI,346,399,53,523
445,ShippingServiceAPI,401,496,95,1485
445,NotificationAPI,499,589,90,1299
446,UserAuthAPI,1,106,105,1292
446,ProductCatalogAPI,101,201,100,1309
446,InventoryCheckAPI,203,318,115,1148
446,FraudDetectionAPI,321,398,77,1940
446,PaymentGatewayAPI,400,485,85,969
446,ShippingServiceAPI,489,546,57,1593
446,NotificationAPI,548,667,119,1026
447,UserAuthAPI,1,53,52,1310
447,ProductCatalogAPI,56,152,96,1210
447,InventoryCheckAPI,154,225,71,998
447,FraudDetectionAPI,226,312,86,586
447,PaymentGatewayAPI,314,382,68,1545
447,ShippingServiceAPI,383,470,87,1261
447,NotificationAPI,471,584,113,966
448,UserAuthAPI,1,86,85,1174
448,ProductCatalogAPI,88,137,49,1077
448,InventoryCheckAPI,139,203,64,1183
448,FraudDetectionAPI,198,277,79,1734
448,PaymentGatewayAPI,280,332,52,1776
448,ShippingServiceAPI,334,392,58,1904
448,NotificationAPI,393,436,43,1757
449,UserAuthAPI,1,92,91,1238
449,ProductCatalogAPI,93,202,109,1962
449,InventoryCheckAPI,204,259,55,523
449,FraudDetectionAPI,261,377,116,1698
449,PaymentGatewayAPI,378,448,70,1871
449,ShippingServiceAPI,451,534,83,654
449,NotificationAPI,529,628,99,1925
450,UserAuthAPI,1,96,95,530
450,ProductCatalogAPI,98,139,41,1876
450,InventoryCheckAPI,141,243,102,1029
450,FraudDetectionAPI,244,322,78,1373
450,PaymentGatewayAPI,324,439,115,1046
450,ShippingServiceAPI,440,523,83,1644
450,NotificationAPI,524,611,87,659
451,UserAuthAPI,1,44,43,1001
451,ProductCatalogAPI,47,149,102,1698
451,InventoryCheckAPI,151,252,101,819
451,FraudDetectionAPI,253,370,117,1841
451,PaymentGatewayAPI,371,423,52,1397
451,ShippingServiceAPI,425,541,116,1779
451,NotificationAPI,544,599,55,890
452,UserAuthAPI,1,81,80,1489
452,ProductCatalogAPI,83,129,46,770
452,InventoryCheckAPI,132,208,76,1205
452,FraudDetectionAPI,210,304,94,1344
452,PaymentGatewayAPI,306,425,119,1245
452,ShippingServiceAPI,420,503,83,1196
452,NotificationAPI,504,575,71,863
453,UserAuthAPI,1,58,57,1335
453,ProductCatalogAPI,59,105,46,1125
453,InventoryCheckAPI,108,154,46,540
453,FraudDetectionAPI,155,211,56,1474
453,PaymentGatewayAPI,213,304,91,1417
453,ShippingServiceAPI,306,351,45,665
453,NotificationAPI,354,410,56,1227
454,UserAuthAPI,1,71,70,1728
454,ProductCatalogAPI,74,129,55,1730
454,InventoryCheckAPI,130,231,101,1764
454,FraudDetectionAPI,233,307,74,1696
454,PaymentGatewayAPI,309,376,67,1882
454,ShippingServiceAPI,379,427,48,1686
454,NotificationAPI,429,519,90,1862
455,UserAuthAPI,1,117,116,626
455,ProductCatalogAPI,112,231,119,1932
455,InventoryCheckAPI,234,320,86,1987
455,FraudDetectionAPI,323,400,77,638
455,PaymentGatewayAPI,402,442,40,1146
455,ShippingServiceAPI,437,549,112,912
455,NotificationAPI,551,635,84,734
456,UserAuthAPI,1,111,110,895
456,ProductCatalogAPI,115,174,59,1574
456,InventoryCheckAPI,175,281,106,1140
456,FraudDetectionAPI,282,361,79,967
456,PaymentGatewayAPI,364,472,108,1994
456,ShippingServiceAPI,474,592,118,1401
456,NotificationAPI,594,652,58,626
457,UserAuthAPI,1,101,100,1465
457,ProductCatalogAPI,104,167,63,650
457,InventoryCheckAPI,169,262,93,1628
457,FraudDetectionAPI,263,319,56,996
457,PaymentGatewayAPI,323,407,84,657
457,ShippingServiceAPI,411,524,113,1834
457,NotificationAPI,526,567,41,1175
458,UserAuthAPI,1,66,65,1986
458,ProductCatalogAPI,68,145,77,1142
458,InventoryCheckAPI,148,267,119,949
458,FraudDetectionAPI,270,380,110,977
458,PaymentGatewayAPI,381,482,101,1210
458,ShippingServiceAPI,484,547,63,1255
458,NotificationAPI,551,634,83,632
459,UserAuthAPI,1,70,69,909
459,ProductCatalogAPI,74,150,76,1486
459,InventoryCheckAPI,145,237,92,758
459,FraudDetectionAPI,241,323,82,1904
459,PaymentGatewayAPI,324,436,112,796
459,ShippingServiceAPI,439,557,118,1961
459,NotificationAPI,558,624,66,507
460,UserAuthAPI,1,104,103,1917
460,ProductCatalogAPI,105,179,74,560
460,InventoryCheckAPI,182,250,68,1618
460,FraudDetectionAPI,252,312,60,1215
460,PaymentGatewayAPI,314,403,89,693
460,ShippingServiceAPI,404,523,119,1958
460,NotificationAPI,525,589,64,1169
461,UserAuthAPI,1,51,50,720
461,ProductCatalogAPI,55,117,62,1963
461,InventoryCheckAPI,112,171,59,1504
461,FraudDetectionAPI,166,236,70,1422
461,PaymentGatewayAPI,231,348,117,1271
461,ShippingServiceAPI,351,425,74,1759
461,NotificationAPI,427,538,111,1401
462,UserAuthAPI,1,50,49,991
462,ProductCatalogAPI,53,166,113,1290
462,InventoryCheckAPI,169,228,59,1469
462,FraudDetectionAPI,230,321,91,661
462,PaymentGatewayAPI,324,424,100,624
462,ShippingServiceAPI,426,535,109,965
462,NotificationAPI,536,638,102,1032
463,UserAuthAPI,1,50,49,1422
463,ProductCatalogAPI,54,110,56,948
463,InventoryCheckAPI,111,176,65,1007
463,FraudDetectionAPI,179,265,86,1106
463,PaymentGatewayAPI,260,371,111,1390
463,ShippingServiceAPI,373,437,64,1555
463,NotificationAPI,441,543,102,500
464,UserAuthAPI,1,48,47,1719
464,ProductCatalogAPI,50,128,78,1847
464,InventoryCheckAPI,129,215,86,1262
464,FraudDetectionAPI,219,314,95,1628
464,PaymentGatewayAPI,309,355,46,548
464,ShippingServiceAPI,358,472,114,1428
464,NotificationAPI,475,577,102,1610
465,UserAuthAPI,1,98,97,1346
465,ProductCatalogAPI,100,181,81,1616
465,InventoryCheckAPI,185,241,56,1788
465,FraudDetectionAPI,244,356,112,1987
465,PaymentGatewayAPI,358,448,90,596
465,ShippingServiceAPI,450,559,109,573
465,NotificationAPI,560,621,61,1600
466,UserAuthAPI,1,46,45,909
466,ProductCatalogAPI,48,90,42,573
466,InventoryCheckAPI,91,193,102,1319
466,FraudDetectionAPI,196,311,115,1921
466,PaymentGatewayAPI,312,419,107,954
466,ShippingServiceAPI,423,519,96,1517
466,NotificationAPI,520,609,89,1517
467,UserAuthAPI,1,83,82,541
467,ProductCatalogAPI,85,146,61,1335
467,InventoryCheckAPI,147,225,78,1519
467,FraudDetectionAPI,228,321,93,908
467,PaymentGatewayAPI,324,386,62,1896
467,ShippingServiceAPI,388,466,78,604
467,NotificationAPI,461,563,102,1491
468,UserAuthAPI,1,101,100,1830
468,ProductCatalogAPI,103,218,115,757
468,InventoryCheckAPI,220,321,101,1703
468,FraudDetectionAPI,323,367,44,942
468,PaymentGatewayAPI,368,416,48,592
468,ShippingServiceAPI,418,467,49,1731
468,NotificationAPI,468,568,100,806
469,UserAuthAPI,1,102,101,1636
469,ProductCatalogAPI,105,214,109,690
469,InventoryCheckAPI,215,313,98,1330
469,FraudDetectionAPI,314,412,98,1318
469,PaymentGatewayAPI,414,457,43,1371
469,ShippingServiceAPI,460,531,71,1899
469,NotificationAPI,534,647,113,1557
470,UserAuthAPI,1,83,82,1889
470,ProductCatalogAPI,86,178,92,518
470,InventoryCheckAPI,179,259,80,674
470,FraudDetectionAPI,254,347,93,1194
470,PaymentGatewayAPI,350,451,101,848
470,ShippingServiceAPI,452,559,107,781
470,NotificationAPI,561,655,94,1391
471,UserAuthAPI,1,41,40,1531
471,ProductCatalogAPI,42,106,64,748
471,InventoryCheckAPI,101,150,49,1323
471,FraudDetectionAPI,154,264,110,1028
471,PaymentGatewayAPI,268,317,49,1839
471,ShippingServiceAPI,318,407,89,1733
471,NotificationAPI,408,527,119,1211
472,UserAuthAPI,1,69,68,1939
472,ProductCatalogAPI,71,121,50,979
472,InventoryCheckAPI,122,196,74,517
472,FraudDetectionAPI,197,310,113,1240
472,PaymentGatewayAPI,313,416,103,818
472,ShippingServiceAPI,418,467,49,1223
472,NotificationAPI,471,590,119,912
473,UserAuthAPI,1,57,56,1223
473,ProductCatalogAPI,58,109,51,797
473,InventoryCheckAPI,113,206,93,1045
473,FraudDetectionAPI,201,275,74,770
473,PaymentGatewayAPI,276,340,64,1757
473,ShippingServiceAPI,344,462,118,585
473,NotificationAPI,464,555,91,1218
474,UserAuthAPI,1,111,110,620
474,ProductCatalogAPI,112,183,71,1832
474,InventoryCheckAPI,186,294,108,1969
474,FraudDetectionAPI,296,353,57,1750
474,PaymentGatewayAPI,356,451,95,1845
474,ShippingServiceAPI,453,546,93,898
474,NotificationAPI,548,624,76,792
475,UserAuthAPI,1,103,102,1302
475,ProductCatalogAPI,106,173,67,1389
475,InventoryCheckAPI,175,247,72,1459
475,FraudDetectionAPI,250,329,79,772
475,PaymentGatewayAPI,333,429,96,1019
475,ShippingServiceAPI,432,527,95,1137
475,NotificationAPI,528,625,97,1151
476,UserAuthAPI,1,103,102,1085
476,ProductCatalogAPI,105,164,59,1880
476,InventoryCheckAPI,166,276,110,1705
476,FraudDetectionAPI,279,393,114,1552
476,PaymentGatewayAPI,395,507,112,1367
476,ShippingServiceAPI,510,605,95,594
476,NotificationAPI,606,679,73,1440
477,UserAuthAPI,1,47,46,1542
477,ProductCatalogAPI,48,98,50,1215
477,InventoryCheckAPI,102,183,81,754
477,FraudDetectionAPI,185,244,59,1175
477,PaymentGatewayAPI,239,347,108,536
477,ShippingServiceAPI,350,401,51,1366
477,NotificationAPI,405,498,93,1701
478,UserAuthAPI,1,49,48,689
478,ProductCatalogAPI,52,138,86,1528
478,InventoryCheckAPI,133,216,83,1161
478,FraudDetectionAPI,217,275,58,914
478,PaymentGatewayAPI,278,359,81,1902
478,ShippingServiceAPI,360,412,52,645
478,NotificationAPI,416,458,42,810
479,UserAuthAPI,1,98,97,1074
479,ProductCatalogAPI,100,163,63,571
479,InventoryCheckAPI,165,241,76,1617
479,FraudDetectionAPI,242,334,92,1859
479,PaymentGatewayAPI,337,397,60,539
479,ShippingServiceAPI,399,500,101,1777
479,NotificationAPI,502,555,53,669
480,UserAuthAPI,1,44,43,1083
480,ProductCatalogAPI,45,101,56,840
480,InventoryCheckAPI,104,191,87,1230
480,FraudDetectionAPI,186,258,72,1554
480,PaymentGatewayAPI,253,298,45,607
480,ShippingServiceAPI,301,374,73,1320
480,NotificationAPI,377,459,82,1639
481,UserAuthAPI,1,52,51,1651
481,ProductCatalogAPI,53,133,80,680
481,InventoryCheckAPI,135,233,98,1356
481,FraudDetectionAPI,237,300,63,1996
481,PaymentGatewayAPI,301,420,119,633
481,ShippingServiceAPI,422,465,43,981
481,NotificationAPI,467,547,80,847
482,UserAuthAPI,1,111,110,1225
482,ProductCatalogAPI,106,197,91,1490
482,InventoryCheckAPI,198,316,118,965
482,FraudDetectionAPI,318,387,69,1109
482,PaymentGatewayAPI,388,454,66,1419
482,ShippingServiceAPI,456,567,111,742
482,NotificationAPI,569,653,84,1995
483,UserAuthAPI,1,52,51,1188
483,ProductCatalogAPI,53,114,61,671
483,InventoryCheckAPI,117,233,116,1804
483,FraudDetectionAPI,235,281,46,1376
483,PaymentGatewayAPI,276,334,58,1239
483,ShippingServiceAPI,335,410,75,1369
483,NotificationAPI,411,474,63,803
484,UserAuthAPI,1,93,92,937
484,ProductCatalogAPI,97,181,84,880
484,InventoryCheckAPI,183,251,68,999
484,FraudDetectionAPI,254,330,76,1064
484,PaymentGatewayAPI,325,402,77,1908
484,ShippingServiceAPI,403,486,83,1314
484,NotificationAPI,489,588,99,1101
485,UserAuthAPI,1,48,47,1267
485,ProductCatalogAPI,49,129,80,630
485,InventoryCheckAPI,130,183,53,1107
485,FraudDetectionAPI,187,296,109,1134
485,PaymentGatewayAPI,299,378,79,1574
485,ShippingServiceAPI,380,496,116,1683
485,NotificationAPI,499,615,116,510
486,UserAuthAPI,1,65,64,1435
486,ProductCatalogAPI,67,134,67,1504
486,InventoryCheckAPI,136,254,118,1841
486,FraudDetectionAPI,257,341,84,847
486,PaymentGatewayAPI,343,443,100,1567
486,ShippingServiceAPI,445,530,85,1665
486,NotificationAPI,533,586,53,948
487,UserAuthAPI,1,47,46,1355
487,ProductCatalogAPI,49,143,94,1664
487,InventoryCheckAPI,147,242,95,1196
487,FraudDetectionAPI,243,298,55,1531
487,PaymentGatewayAPI,301,385,84,1051
487,ShippingServiceAPI,386,439,53,1198
487,NotificationAPI,443,535,92,730
488,UserAuthAPI,1,87,86,1347
488,ProductCatalogAPI,91,185,94,1492
488,InventoryCheckAPI,180,235,55,511
488,FraudDetectionAPI,230,333,103,731
488,PaymentGatewayAPI,336,397,61,1876
488,ShippingServiceAPI,400,486,86,1040
488,NotificationAPI,481,597,116,1519
489,UserAuthAPI,1,55,54,1175
489,ProductCatalogAPI,58,141,83,1850
489,InventoryCheckAPI,144,261,117,877
489,FraudDetectionAPI,262,362,100,1499
489,PaymentGatewayAPI,365,431,66,756
489,ShippingServiceAPI,435,542,107,843
489,NotificationAPI,544,590,46,1972
490,UserAuthAPI,1,91,90,1618
490,ProductCatalogAPI,92,205,113,745
490,InventoryCheckAPI,206,304,98,1424
490,FraudDetectionAPI,305,404,99,1929
490,PaymentGatewayAPI,408,498,90,1701
490,ShippingServiceAPI,500,610,110,1693
490,NotificationAPI,605,692,87,880
491,UserAuthAPI,1,60,59,824
491,ProductCatalogAPI,61,176,115,1073
491,InventoryCheckAPI,179,255,76,1145
491,FraudDetectionAPI,256,303,47,1468
491,PaymentGatewayAPI,305,365,60,648
491,ShippingServiceAPI,367,421,54,1444
491,NotificationAPI,423,499,76,1708
492,UserAuthAPI,1,101,100,897
492,ProductCatalogAPI,104,177,73,575
492,InventoryCheckAPI,179,238,59,1208
492,FraudDetectionAPI,239,285,46,1049
492,PaymentGatewayAPI,288,342,54,1441
492,ShippingServiceAPI,345,428,83,1666
492,NotificationAPI,432,520,88,1800
493,UserAuthAPI,1,82,81,1503
493,ProductCatalogAPI,84,186,102,526
493,InventoryCheckAPI,187,279,92,551
493,FraudDetectionAPI,282,374,92,1643
493,PaymentGatewayAPI,377,459,82,1146
493,ShippingServiceAPI,454,497,43,696
493,NotificationAPI,498,617,119,1489
494,UserAuthAPI,1,42,41,741
494,ProductCatalogAPI,37,119,82,1256
494,InventoryCheckAPI,120,228,108,1916
494,FraudDetectionAPI,223,288,65,1093
494,PaymentGatewayAPI,291,403,112,1111
494,ShippingServiceAPI,404,492,88,562
494,NotificationAPI,493,566,73,1628
495,UserAuthAPI,1,55,54,758
495,ProductCatalogAPI,58,100,42,1113
495,InventoryCheckAPI,102,172,70,1568
495,FraudDetectionAPI,175,289,114,664
495,PaymentGatewayAPI,284,340,56,1897
495,ShippingServiceAPI,342,407,65,1938
495,NotificationAPI,410,479,69,1789
496,UserAuthAPI,1,104,103,898
496,ProductCatalogAPI,99,194,95,1516
496,InventoryCheckAPI,195,281,86,1098
496,FraudDetectionAPI,285,325,40,813
496,PaymentGatewayAPI,329,446,117,985
496,ShippingServiceAPI,450,516,66,1552
496,NotificationAPI,511,551,40,559
497,UserAuthAPI,1,97,96,1270
497,ProductCatalogAPI,100,191,91,1045
497,InventoryCheckAPI,194,293,99,730
497,FraudDetectionAPI,295,356,61,916
497,PaymentGatewayAPI,358,432,74,1118
497,ShippingServiceAPI,434,483,49,974
497,NotificationAPI,485,548,63,1856
498,UserAuthAPI,1,44,43,1536
498,ProductCatalogAPI,46,122,76,1524
498,InventoryCheckAPI,125,176,51,648
498,FraudDetectionAPI,177,274,97,1567
498,PaymentGatewayAPI,276,349,73,752
498,ShippingServiceAPI,351,406,55,1632
498,NotificationAPI,408,453,45,774
499,UserAuthAPI,1,48,47,1021
499,ProductCatalogAPI,43,111,68,1282
499,InventoryCheckAPI,113,198,85,1990
499,FraudDetectionAPI,202,251,49,674
499,PaymentGatewayAPI,253,358,105,1658
499,ShippingServiceAPI,359,429,70,1679
499,NotificationAPI,430,488,58,1098
500,UserAuthAPI,1,117,116,1406
500,ProductCatalogAPI,120,176,56,1449
500,InventoryCheckAPI,178,221,43,1481
500,FraudDetectionAPI,222,300,78,1301
500,PaymentGatewayAPI,302,383,81,795
500,ShippingServiceAPI,386,427,41,1518
500,NotificationAPI,428,534,106,954
501,UserAuthAPI,1,116,115,1238
501,ProductCatalogAPI,118,167,49,1523
501,InventoryCheckAPI,170,246,76,1472
501,FraudDetectionAPI,249,367,118,585
501,PaymentGatewayAPI,362,441,79,863
501,ShippingServiceAPI,442,529,87,616
501,NotificationAPI,532,590,58,1467
502,UserAuthAPI,1,84,83,1008
502,ProductCatalogAPI,85,160,75,1348
502,InventoryCheckAPI,162,203,41,1298
502,FraudDetectionAPI,206,275,69,1727
502,PaymentGatewayAPI,278,368,90,620
502,ShippingServiceAPI,370,433,63,1517
502,NotificationAPI,434,486,52,1102
503,UserAuthAPI,1,112,111,947
503,ProductCatalogAPI,116,228,112,1594
503,InventoryCheckAPI,230,271,41,1388
503,FraudDetectionAPI,272,324,52,1224
503,PaymentGatewayAPI,325,399,74,1034
503,ShippingServiceAPI,400,454,54,1638
503,NotificationAPI,449,540,91,1431
504,UserAuthAPI,1,107,106,1260
504,ProductCatalogAPI,108,149,41,1695
504,InventoryCheckAPI,150,267,117,783
504,FraudDetectionAPI,271,384,113,1943
504,PaymentGatewayAPI,385,487,102,908
504,ShippingServiceAPI,489,567,78,1058
504,NotificationAPI,568,637,69,847
505,UserAuthAPI,1,66,65,1758
505,ProductCatalogAPI,69,109,40,1176
505,InventoryCheckAPI,110,195,85,1404
505,FraudDetectionAPI,196,294,98,1065
505,PaymentGatewayAPI,289,392,103,1529
505,ShippingServiceAPI,393,437,44,1084
505,NotificationAPI,438,491,53,1439
506,UserAuthAPI,1,92,91,615
506,ProductCatalogAPI,93,161,68,1542
506,InventoryCheckAPI,163,225,62,1117
506,FraudDetectionAPI,228,320,92,1363
506,PaymentGatewayAPI,321,376,55,1796
506,ShippingServiceAPI,378,469,91,519
506,NotificationAPI,471,576,105,1991
507,UserAuthAPI,1,41,40,557
507,ProductCatalogAPI,43,126,83,1755
507,InventoryCheckAPI,127,216,89,873
507,FraudDetectionAPI,218,277,59,1513
507,PaymentGatewayAPI,278,358,80,1557
507,ShippingServiceAPI,359,443,84,1722
507,NotificationAPI,445,511,66,1601
508,UserAuthAPI,1,73,72,1512
508,ProductCatalogAPI,76,122,46,1683
508,InventoryCheckAPI,124,202,78,1035
508,FraudDetectionAPI,206,299,93,1305
508,PaymentGatewayAPI,300,414,114,1811
508,ShippingServiceAPI,415,524,109,1739
508,NotificationAPI,525,615,90,831
509,UserAuthAPI,1,78,77,817
509,ProductCatalogAPI,81,184,103,872
509,InventoryCheckAPI,187,275,88,1692
509,FraudDetectionAPI,277,350,73,1879
509,PaymentGatewayAPI,351,415,64,1205
509,ShippingServiceAPI,410,467,57,1030
509,NotificationAPI,469,540,71,1160
510,UserAuthAPI,1,89,88,1865
510,ProductCatalogAPI,91,147,56,1788
510,InventoryCheckAPI,151,268,117,545
510,FraudDetectionAPI,272,348,76,1970
510,PaymentGatewayAPI,350,460,110,1262
510,ShippingServiceAPI,463,548,85,1057
510,NotificationAPI,551,653,102,1339
511,UserAuthAPI,1,69,68,1354
511,ProductCatalogAPI,71,187,116,1186
511,InventoryCheckAPI,182,296,114,1773
511,FraudDetectionAPI,297,395,98,738
511,PaymentGatewayAPI,396,448,52,833
511,ShippingServiceAPI,450,522,72,596
511,NotificationAPI,523,578,55,1055
512,UserAuthAPI,1,46,45,1119
512,ProductCatalogAPI,48,91,43,1323
512,InventoryCheckAPI,92,165,73,1998
512,FraudDetectionAPI,169,240,71,730
512,PaymentGatewayAPI,242,344,102,1723
512,ShippingServiceAPI,346,406,60,1834
512,NotificationAPI,407,448,41,1957
513,UserAuthAPI,1,118,117,1808
513,ProductCatalogAPI,120,200,80,1497
513,InventoryCheckAPI,204,245,41,1883
513,FraudDetectionAPI,240,285,45,1245
513,PaymentGatewayAPI,280,380,100,979
513,ShippingServiceAPI,382,434,52,1670
513,NotificationAPI,435,533,98,792
514,UserAuthAPI,1,78,77,1438
514,ProductCatalogAPI,80,133,53,1484
514,InventoryCheckAPI,134,233,99,990
514,FraudDetectionAPI,234,279,45,1074
514,PaymentGatewayAPI,280,369,89,1777
514,ShippingServiceAPI,372,419,47,1019
514,NotificationAPI,420,493,73,735
515,UserAuthAPI,1,100,99,982
515,ProductCatalogAPI,101,180,79,1696
515,InventoryCheckAPI,183,227,44,850
515,FraudDetectionAPI,231,350,119,1329
515,PaymentGatewayAPI,353,416,63,1365
515,ShippingServiceAPI,418,494,76,1749
515,NotificationAPI,496,540,44,947
516,UserAuthAPI,1,55,54,1234
516,ProductCatalogAPI,57,149,92,1932
516,InventoryCheckAPI,152,200,48,649
516,FraudDetectionAPI,195,283,88,1079
516,PaymentGatewayAPI,285,389,104,1321
516,ShippingServiceAPI,384,443,59,1812
516,NotificationAPI,445,561,116,1915
517,UserAuthAPI,1,113,112,716
517,ProductCatalogAPI,116,229,113,510
517,InventoryCheckAPI,231,282,51,1391
517,FraudDetectionAPI,285,375,90,1317
517,PaymentGatewayAPI,377,451,74,1190
517,ShippingServiceAPI,453,496,43,1354
517,NotificationAPI,498,600,102,1343
518,UserAuthAPI,1,57,56,1691
518,ProductCatalogAPI,58,155,97,959
518,InventoryCheckAPI,158,276,118,1045
518,FraudDetectionAPI,278,337,59,1468
518,PaymentGatewayAPI,339,411,72,1217
518,ShippingServiceAPI,413,453,40,768
518,NotificationAPI,448,557,109,1198
519,UserAuthAPI,1,63,62,1149
519,ProductCatalogAPI,64,154,90,1999
519,InventoryCheckAPI,156,237,81,1230
519,FraudDetectionAPI,238,345,107,1585
519,PaymentGatewayAPI,349,459,110,1701
519,ShippingServiceAPI,460,525,65,1257
519,NotificationAPI,527,627,100,1629
520,UserAuthAPI,1,120,119,745
520,ProductCatalogAPI,123,175,52,895
520,InventoryCheckAPI,176,245,69,763
520,FraudDetectionAPI,247,304,57,671
520,PaymentGatewayAPI,306,399,93,1549
520,ShippingServiceAPI,401,466,65,533
520,NotificationAPI,470,557,87,1374
521,UserAuthAPI,1,118,117,1691
521,ProductCatalogAPI,120,177,57,1369
521,InventoryCheckAPI,180,265,85,1098
521,FraudDetectionAPI,267,321,54,1576
521,PaymentGatewayAPI,324,426,102,975
521,ShippingServiceAPI,429,538,109,1205
521,NotificationAPI,539,625,86,1518
522,UserAuthAPI,1,74,73,708
522,ProductCatalogAPI,77,153,76,1950
522,InventoryCheckAPI,155,258,103,1163
522,FraudDetectionAPI,261,348,87,1791
522,PaymentGatewayAPI,351,403,52,1354
522,ShippingServiceAPI,406,490,84,869
522,NotificationAPI,493,579,86,1325
523,UserAuthAPI,1,117,116,617
523,ProductCatalogAPI,121,181,60,1139
523,InventoryCheckAPI,176,236,60,1321
523,FraudDetectionAPI,238,337,99,1580
523,PaymentGatewayAPI,332,394,62,1673
523,ShippingServiceAPI,395,504,109,1874
523,NotificationAPI,505,586,81,1013
524,UserAuthAPI,1,105,104,1849
524,ProductCatalogAPI,106,205,99,746
524,InventoryCheckAPI,208,259,51,1114
524,FraudDetectionAPI,260,364,104,1355
524,PaymentGatewayAPI,366,424,58,1454
524,ShippingServiceAPI,428,514,86,752
524,NotificationAPI,516,594,78,659
525,UserAuthAPI,1,117,116,1790
525,ProductCatalogAPI,119,217,98,1357
525,InventoryCheckAPI,220,279,59,1220
525,FraudDetectionAPI,280,324,44,1418
525,PaymentGatewayAPI,326,375,49,1697
525,ShippingServiceAPI,377,459,82,1677
525,NotificationAPI,461,548,87,1808
526,UserAuthAPI,1,100,99,701
526,ProductCatalogAPI,101,209,108,869
526,InventoryCheckAPI,210,252,42,1106
526,FraudDetectionAPI,254,295,41,1333
526,PaymentGatewayAPI,298,379,81,735
526,ShippingServiceAPI,381,440,59,1876
526,NotificationAPI,442,556,114,1058
527,UserAuthAPI,1,89,88,1647
527,ProductCatalogAPI,91,203,112,1977
527,InventoryCheckAPI,205,263,58,705
527,FraudDetectionAPI,264,363,99,1366
527,PaymentGatewayAPI,366,477,111,564
527,ShippingServiceAPI,478,524,46,1547
527,NotificationAPI,519,575,56,728
528,UserAuthAPI,1,77,76,1410
528,ProductCatalogAPI,80,127,47,1014
528,InventoryCheckAPI,129,199,70,1372
528,FraudDetectionAPI,200,295,95,1557
528,PaymentGatewayAPI,297,349,52,1268
528,ShippingServiceAPI,352,438,86,1271
528,NotificationAPI,433,524,91,1021
529,UserAuthAPI,1,46,45,747
529,ProductCatalogAPI,49,140,91,1699
529,InventoryCheckAPI,142,255,113,850
529,FraudDetectionAPI,258,333,75,1921
529,PaymentGatewayAPI,336,453,117,1142
529,ShippingServiceAPI,455,561,106,1905
529,NotificationAPI,565,680,115,1449
530,UserAuthAPI,1,73,72,896
530,ProductCatalogAPI,68,158,90,787
530,InventoryCheckAPI,160,223,63,1814
530,FraudDetectionAPI,227,306,79,1449
530,PaymentGatewayAPI,307,408,101,989
530,ShippingServiceAPI,410,482,72,1216
530,NotificationAPI,483,576,93,1502
531,UserAuthAPI,1,52,51,510
531,ProductCatalogAPI,55,106,51,1230
531,InventoryCheckAPI,109,151,42,1526
531,FraudDetectionAPI,154,216,62,1699
531,PaymentGatewayAPI,211,290,79,633
531,ShippingServiceAPI,292,358,66,776
531,NotificationAPI,360,412,52,841
532,UserAuthAPI,1,68,67,904
532,ProductCatalogAPI,69,139,70,1455
532,InventoryCheckAPI,140,216,76,1484
532,FraudDetectionAPI,219,318,99,778
532,PaymentGatewayAPI,319,387,68,930
532,ShippingServiceAPI,390,467,77,859
532,NotificationAPI,468,522,54,1454
533,UserAuthAPI,1,119,118,619
533,ProductCatalogAPI,122,172,50,824
533,InventoryCheckAPI,173,226,53,1573
533,FraudDetectionAPI,227,335,108,890
533,PaymentGatewayAPI,337,431,94,1345
533,ShippingServiceAPI,434,477,43,1771
533,NotificationAPI,478,553,75,1872
534,UserAuthAPI,1,102,101,1571
534,ProductCatalogAPI,105,180,75,912
534,InventoryCheckAPI,182,265,83,1067
534,FraudDetectionAPI,267,319,52,1697
534,PaymentGatewayAPI,321,393,72,1800
534,ShippingServiceAPI,395,491,96,568
534,NotificationAPI,494,600,106,803
535,UserAuthAPI,1,73,72,1940
535,ProductCatalogAPI,75,141,66,1486
535,InventoryCheckAPI,143,244,101,595
535,FraudDetectionAPI,247,352,105,1919
535,PaymentGatewayAPI,355,401,46,1079
535,ShippingServiceAPI,402,479,77,894
535,NotificationAPI,481,562,81,1703
536,UserAuthAPI,1,96,95,1860
536,ProductCatalogAPI,100,184,84,1038
536,InventoryCheckAPI,185,240,55,1528
536,FraudDetectionAPI,242,361,119,614
536,PaymentGatewayAPI,362,415,53,1945
536,ShippingServiceAPI,418,504,86,611
536,NotificationAPI,508,576,68,684
537,UserAuthAPI,1,100,99,1640
537,ProductCatalogAPI,102,211,109,1121
537,InventoryCheckAPI,212,307,95,942
537,FraudDetectionAPI,310,352,42,717
537,PaymentGatewayAPI,353,393,40,556
537,ShippingServiceAPI,395,450,55,1574
537,NotificationAPI,451,545,94,1780
538,UserAuthAPI,1,93,92,941
538,ProductCatalogAPI,95,193,98,1375
538,InventoryCheckAPI,194,282,88,1422
538,FraudDetectionAPI,283,347,64,1305
538,PaymentGatewayAPI,350,413,63,1263
538,ShippingServiceAPI,408,497,89,1378
538,NotificationAPI,500,592,92,605
539,UserAuthAPI,1,88,87,667
539,ProductCatalogAPI,91,207,116,1727
539,InventoryCheckAPI,202,267,65,1566
539,FraudDetectionAPI,269,371,102,548
539,PaymentGatewayAPI,372,420,48,1002
539,ShippingServiceAPI,423,533,110,1485
539,NotificationAPI,528,574,46,1859
540,UserAuthAPI,1,50,49,1466
540,ProductCatalogAPI,45,141,96,1102
540,InventoryCheckAPI,143,209,66,1449
540,FraudDetectionAPI,211,273,62,675
540,PaymentGatewayAPI,274,316,42,1270
540,ShippingServiceAPI,318,388,70,637
540,NotificationAPI,383,443,60,1832
541,UserAuthAPI,1,116,115,1868
541,ProductCatalogAPI,119,178,59,1501
541,InventoryCheckAPI,179,266,87,768
541,FraudDetectionAPI,268,323,55,1105
541,PaymentGatewayAPI,325,409,84,1656
541,ShippingServiceAPI,410,481,71,1828
541,NotificationAPI,485,549,64,815
542,UserAuthAPI,1,68,67,1507
542,ProductCatalogAPI,70,143,73,888
542,InventoryCheckAPI,146,228,82,1580
542,FraudDetectionAPI,230,323,93,1220
542,PaymentGatewayAPI,324,400,76,803
542,ShippingServiceAPI,401,494,93,1315
542,NotificationAPI,496,541,45,1429
543,UserAuthAPI,1,88,87,778
543,ProductCatalogAPI,92,144,52,802
543,InventoryCheckAPI,146,217,71,653
543,FraudDetectionAPI,218,271,53,1703
543,PaymentGatewayAPI,274,321,47,1691
543,ShippingServiceAPI,322,377,55,1614
543,NotificationAPI,378,477,99,1789
544,UserAuthAPI,1,61,60,1230
544,ProductCatalogAPI,63,133,70,997
544,InventoryCheckAPI,135,195,60,1047
544,FraudDetectionAPI,198,305,107,1357
544,PaymentGatewayAPI,308,356,48,529
544,ShippingServiceAPI,360,403,43,1848
544,NotificationAPI,405,467,62,515
545,UserAuthAPI,1,112,111,1969
545,ProductCatalogAPI,113,212,99,1753
545,InventoryCheckAPI,214,258,44,762
545,FraudDetectionAPI,261,309,48,1861
545,PaymentGatewayAPI,310,396,86,1462
545,ShippingServiceAPI,397,446,49,828
545,NotificationAPI,449,523,74,937
546,UserAuthAPI,1,111,110,515
546,ProductCatalogAPI,113,172,59,1483
546,InventoryCheckAPI,175,259,84,505
546,FraudDetectionAPI,262,370,108,1956
546,PaymentGatewayAPI,372,413,41,1118
546,ShippingServiceAPI,417,477,60,1496
546,NotificationAPI,472,565,93,1251
547,UserAuthAPI,1,77,76,1377
547,ProductCatalogAPI,79,125,46,577
547,InventoryCheckAPI,127,233,106,1368
547,FraudDetectionAPI,228,310,82,1600
547,PaymentGatewayAPI,311,411,100,1021
547,ShippingServiceAPI,413,514,101,1127
547,NotificationAPI,515,598,83,1058
548,UserAuthAPI,1,93,92,1359
548,ProductCatalogAPI,95,178,83,655
548,InventoryCheckAPI,179,275,96,1301
548,FraudDetectionAPI,270,361,91,992
548,PaymentGatewayAPI,362,476,114,1443
548,ShippingServiceAPI,471,585,114,828
548,NotificationAPI,587,635,48,803
549,UserAuthAPI,1,76,75,1978
549,ProductCatalogAPI,77,160,83,1777
549,InventoryCheckAPI,161,263,102,1912
549,FraudDetectionAPI,264,379,115,1030
549,PaymentGatewayAPI,380,486,106,974
549,ShippingServiceAPI,489,558,69,1905
549,NotificationAPI,560,641,81,1991
550,UserAuthAPI,1,45,44,1957
550,ProductCatalogAPI,47,165,118,1735
550,InventoryCheckAPI,160,230,70,1791
550,FraudDetectionAPI,232,333,101,1247
550,PaymentGatewayAPI,328,393,65,1997
550,ShippingServiceAPI,396,500,104,1794
550,NotificationAPI,502,552,50,1578
551,UserAuthAPI,1,84,83,1795
551,ProductCatalogAPI,85,142,57,1442
551,InventoryCheckAPI,145,194,49,1238
551,FraudDetectionAPI,195,314,119,1657
551,PaymentGatewayAPI,315,397,82,712
551,ShippingServiceAPI,398,495,97,526
551,NotificationAPI,497,558,61,907
552,UserAuthAPI,1,114,113,1077
552,ProductCatalogAPI,115,172,57,1348
552,InventoryCheckAPI,175,244,69,877
552,FraudDetectionAPI,239,288,49,875
552,PaymentGatewayAPI,289,404,115,1532
552,ShippingServiceAPI,406,469,63,1392
552,NotificationAPI,470,570,100,1436
553,UserAuthAPI,1,90,89,1063
553,ProductCatalogAPI,91,138,47,1892
553,InventoryCheckAPI,140,207,67,1898
553,FraudDetectionAPI,208,312,104,1348
553,PaymentGatewayAPI,315,416,101,921
553,ShippingServiceAPI,417,480,63,1050
553,NotificationAPI,482,568,86,1638
554,UserAuthAPI,1,53,52,1398
554,ProductCatalogAPI,55,113,58,1409
554,InventoryCheckAPI,115,222,107,672
554,FraudDetectionAPI,226,329,103,1624
554,PaymentGatewayAPI,331,436,105,957
554,ShippingServiceAPI,437,479,42,1949
554,NotificationAPI,481,570,89,779
555,UserAuthAPI,1,80,79,701
555,ProductCatalogAPI,75,137,62,1717
555,InventoryCheckAPI,139,213,74,1892
555,FraudDetectionAPI,217,309,92,1290
555,PaymentGatewayAPI,311,426,115,993
555,ShippingServiceAPI,428,546,118,616
555,NotificationAPI,550,636,86,1245
556,UserAuthAPI,1,79,78,1517
556,ProductCatalogAPI,83,128,45,1544
556,InventoryCheckAPI,130,205,75,1756
556,FraudDetectionAPI,207,324,117,925
556,PaymentGatewayAPI,319,391,72,1993
556,ShippingServiceAPI,394,503,109,1094
556,NotificationAPI,504,569,65,1993
557,UserAuthAPI,1,42,41,1119
557,ProductCatalogAPI,37,147,110,1927
557,InventoryCheckAPI,148,210,62,1920
557,FraudDetectionAPI,205,258,53,775
557,PaymentGatewayAPI,253,295,42,1477
557,ShippingServiceAPI,297,383,86,1908
557,NotificationAPI,386,460,74,513
558,UserAuthAPI,1,87,86,1829
558,ProductCatalogAPI,90,155,65,502
558,InventoryCheckAPI,159,266,107,1246
558,FraudDetectionAPI,268,340,72,1914
558,PaymentGatewayAPI,341,432,91,1899
558,ShippingServiceAPI,435,488,53,1609
558,NotificationAPI,492,607,115,1508
559,UserAuthAPI,1,64,63,1072
559,ProductCatalogAPI,65,113,48,1412
559,InventoryCheckAPI,114,211,97,1408
559,FraudDetectionAPI,213,258,45,1352
559,PaymentGatewayAPI,261,371,110,1879
559,ShippingServiceAPI,373,456,83,1248
559,NotificationAPI,458,547,89,1272
560,UserAuthAPI,1,109,108,877
560,ProductCatalogAPI,110,206,96,1273
560,InventoryCheckAPI,207,258,51,1598
560,FraudDetectionAPI,261,364,103,774
560,PaymentGatewayAPI,366,448,82,828
560,ShippingServiceAPI,449,560,111,1847
560,NotificationAPI,562,681,119,1821
561,UserAuthAPI,1,118,117,1010
561,ProductCatalogAPI,120,230,110,831
561,InventoryCheckAPI,231,274,43,1141
561,FraudDetectionAPI,276,359,83,950
561,PaymentGatewayAPI,360,475,115,957
561,ShippingServiceAPI,470,526,56,1795
561,NotificationAPI,528,620,92,1724
562,UserAuthAPI,1,49,48,1642
562,ProductCatalogAPI,53,158,105,830
562,InventoryCheckAPI,159,253,94,979
562,FraudDetectionAPI,256,315,59,1434
562,PaymentGatewayAPI,316,389,73,1324
562,ShippingServiceAPI,390,448,58,826
562,NotificationAPI,450,529,79,1921
563,UserAuthAPI,1,77,76,927
563,ProductCatalogAPI,72,131,59,1632
563,InventoryCheckAPI,126,215,89,1415
563,FraudDetectionAPI,217,283,66,1467
563,PaymentGatewayAPI,285,341,56,1516
563,ShippingServiceAPI,342,426,84,1788
563,NotificationAPI,428,505,77,815
564,UserAuthAPI,1,45,44,562
564,ProductCatalogAPI,46,150,104,1724
564,InventoryCheckAPI,151,194,43,1125
564,FraudDetectionAPI,196,303,107,1725
564,PaymentGatewayAPI,304,350,46,1757
564,ShippingServiceAPI,352,434,82,1580
564,NotificationAPI,435,488,53,1221
565,UserAuthAPI,1,67,66,1139
565,ProductCatalogAPI,71,181,110,589
565,InventoryCheckAPI,182,300,118,1107
565,FraudDetectionAPI,303,358,55,902
565,PaymentGatewayAPI,362,452,90,1965
565,ShippingServiceAPI,454,509,55,1460
565,NotificationAPI,511,606,95,1626
566,UserAuthAPI,1,45,44,1117
566,ProductCatalogAPI,49,101,52,899
566,InventoryCheckAPI,102,205,103,1555
566,FraudDetectionAPI,209,327,118,673
566,PaymentGatewayAPI,328,430,102,575
566,ShippingServiceAPI,433,527,94,1196
566,NotificationAPI,529,639,110,1468
567,UserAuthAPI,1,52,51,1594
567,ProductCatalogAPI,55,173,118,1945
567,InventoryCheckAPI,176,217,41,955
567,FraudDetectionAPI,218,327,109,1368
567,PaymentGatewayAPI,328,373,45,743
567,ShippingServiceAPI,377,453,76,1856
567,NotificationAPI,454,551,97,1029
568,UserAuthAPI,1,78,77,787
568,ProductCatalogAPI,79,195,116,714
568,InventoryCheckAPI,190,287,97,1982
568,FraudDetectionAPI,290,395,105,657
568,PaymentGatewayAPI,397,470,73,1625
568,ShippingServiceAPI,471,579,108,1190
568,NotificationAPI,581,651,70,1383
569,UserAuthAPI,1,88,87,1610
569,ProductCatalogAPI,89,140,51,833
569,InventoryCheckAPI,144,210,66,783
569,FraudDetectionAPI,213,304,91,1283
569,PaymentGatewayAPI,308,356,48,1884
569,ShippingServiceAPI,351,426,75,1532
569,NotificationAPI,427,517,90,744
570,UserAuthAPI,1,72,71,1497
570,ProductCatalogAPI,76,172,96,809
570,InventoryCheckAPI,174,275,101,1491
570,FraudDetectionAPI,276,332,56,963
570,PaymentGatewayAPI,327,396,69,1772
570,ShippingServiceAPI,397,514,117,1033
570,NotificationAPI,518,572,54,869
571,UserAuthAPI,1,117,116,1636
571,ProductCatalogAPI,119,215,96,1709
571,InventoryCheckAPI,216,271,55,853
571,FraudDetectionAPI,275,355,80,1426
571,PaymentGatewayAPI,356,428,72,660
571,ShippingServiceAPI,432,494,62,943
571,NotificationAPI,495,613,118,1553
572,UserAuthAPI,1,120,119,1562
572,ProductCatalogAPI,123,240,117,1860
572,InventoryCheckAPI,241,312,71,1803
572,FraudDetectionAPI,314,373,59,834
572,PaymentGatewayAPI,375,482,107,1193
572,ShippingServiceAPI,486,575,89,885
572,NotificationAPI,577,642,65,1702
573,UserAuthAPI,1,115,114,701
573,ProductCatalogAPI,118,194,76,796
573,InventoryCheckAPI,195,283,88,1422
573,FraudDetectionAPI,285,390,105,1291
573,PaymentGatewayAPI,392,459,67,1461
573,ShippingServiceAPI,462,570,108,1125
573,NotificationAPI,565,647,82,558
574,UserAuthAPI,1,77,76,698
574,ProductCatalogAPI,78,152,74,661
574,InventoryCheckAPI,155,225,70,1394
574,FraudDetectionAPI,227,334,107,1291
574,PaymentGatewayAPI,336,429,93,1434
574,ShippingServiceAPI,433,520,87,1174
574,NotificationAPI,521,607,86,1779
575,UserAuthAPI,1,75,74,849
575,ProductCatalogAPI,79,147,68,1465
575,InventoryCheckAPI,148,201,53,1419
575,FraudDetectionAPI,204,300,96,1712
575,PaymentGatewayAPI,301,395,94,1363
575,ShippingServiceAPI,396,472,76,1507
575,NotificationAPI,474,544,70,1852
576,UserAuthAPI,1,84,83,1545
576,ProductCatalogAPI,87,198,111,1825
576,InventoryCheckAPI,199,249,50,1298
576,FraudDetectionAPI,244,339,95,537
576,PaymentGatewayAPI,341,390,49,1933
576,ShippingServiceAPI,393,440,47,1967
576,NotificationAPI,435,508,73,1010
577,UserAuthAPI,1,53,52,1215
577,ProductCatalogAPI,55,116,61,1252
577,InventoryCheckAPI,120,161,41,1293
577,FraudDetectionAPI,162,270,108,1108
577,PaymentGatewayAPI,273,320,47,1305
577,ShippingServiceAPI,324,428,104,1185
577,NotificationAPI,430,541,111,1054
578,UserAuthAPI,1,112,111,1392
578,ProductCatalogAPI,107,197,90,1527
578,InventoryCheckAPI,200,316,116,967
578,FraudDetectionAPI,318,412,94,775
578,PaymentGatewayAPI,414,487,73,1901
578,ShippingServiceAPI,489,582,93,1429
578,NotificationAPI,586,630,44,682
579,UserAuthAPI,1,112,111,1742
579,ProductCatalogAPI,113,165,52,1795
579,InventoryCheckAPI,167,219,52,1543
579,FraudDetectionAPI,221,307,86,646
579,PaymentGatewayAPI,311,404,93,1017
579,ShippingServiceAPI,405,499,94,1242
579,NotificationAPI,500,566,66,762
580,UserAuthAPI,1,42,41,1757
580,ProductCatalogAPI,37,136,99,1474
580,InventoryCheckAPI,139,192,53,1401
580,FraudDetectionAPI,195,252,57,775
580,PaymentGatewayAPI,255,374,119,1819
580,ShippingServiceAPI,375,446,71,1647
580,NotificationAPI,448,514,66,1377
581,UserAuthAPI,1,103,102,1597
581,ProductCatalogAPI,104,192,88,983
581,InventoryCheckAPI,193,255,62,1621
581,FraudDetectionAPI,257,319,62,1836
581,PaymentGatewayAPI,320,379,59,1865
581,ShippingServiceAPI,380,442,62,1628
581,NotificationAPI,444,517,73,1057
582,UserAuthAPI,1,59,58,1745
582,ProductCatalogAPI,62,179,117,1845
582,InventoryCheckAPI,180,237,57,1267
582,FraudDetectionAPI,239,310,71,776
582,PaymentGatewayAPI,313,379,66,1013
582,ShippingServiceAPI,380,458,78,1323
582,NotificationAPI,453,505,52,1905
583,UserAuthAPI,1,118,117,555
583,ProductCatalogAPI,120,187,67,1221
583,InventoryCheckAPI,188,268,80,1898
583,FraudDetectionAPI,270,313,43,940
583,PaymentGatewayAPI,314,399,85,939
583,ShippingServiceAPI,394,440,46,1485
583,NotificationAPI,441,488,47,1706
584,UserAuthAPI,1,53,52,1360
584,ProductCatalogAPI,48,119,71,1455
584,InventoryCheckAPI,122,186,64,1831
584,FraudDetectionAPI,187,244,57,794
584,PaymentGatewayAPI,245,322,77,1955
584,ShippingServiceAPI,317,428,111,527
584,NotificationAPI,430,485,55,1046
585,UserAuthAPI,1,92,91,1989
585,ProductCatalogAPI,94,181,87,878
585,InventoryCheckAPI,176,264,88,1575
585,FraudDetectionAPI,266,371,105,1531
585,PaymentGatewayAPI,373,478,105,1267
585,ShippingServiceAPI,479,591,112,1984
585,NotificationAPI,592,710,118,936
586,UserAuthAPI,1,111,110,1901
586,ProductCatalogAPI,113,190,77,1126
586,InventoryCheckAPI,192,305,113,863
586,FraudDetectionAPI,306,384,78,1318
586,PaymentGatewayAPI,379,482,103,594
586,ShippingServiceAPI,484,536,52,1669
586,NotificationAPI,531,635,104,1751
587,UserAuthAPI,1,88,87,1255
587,ProductCatalogAPI,91,157,66,1286
587,InventoryCheckAPI,158,247,89,1958
587,FraudDetectionAPI,249,339,90,1885
587,PaymentGatewayAPI,341,421,80,1083
587,ShippingServiceAPI,424,515,91,1060
587,NotificationAPI,516,627,111,1786
588,UserAuthAPI,1,117,116,561
588,ProductCatalogAPI,120,197,77,624
588,InventoryCheckAPI,198,270,72,1040
588,FraudDetectionAPI,265,327,62,605
588,PaymentGatewayAPI,330,414,84,1275
588,ShippingServiceAPI,409,477,68,501
588,NotificationAPI,480,569,89,1631
589,UserAuthAPI,1,77,76,1083
589,ProductCatalogAPI,80,125,45,943
589,InventoryCheckAPI,127,184,57,1131
589,FraudDetectionAPI,187,253,66,1914
589,PaymentGatewayAPI,255,323,68,1311
589,ShippingServiceAPI,324,382,58,1785
589,NotificationAPI,384,432,48,1991
590,UserAuthAPI,1,67,66,1536
590,ProductCatalogAPI,70,175,105,1492
590,InventoryCheckAPI,179,262,83,1885
590,FraudDetectionAPI,266,314,48,885
590,PaymentGatewayAPI,315,384,69,1801
590,ShippingServiceAPI,385,437,52,1338
590,NotificationAPI,439,523,84,1844
591,UserAuthAPI,1,60,59,854
591,ProductCatalogAPI,64,115,51,1969
591,InventoryCheckAPI,118,199,81,1350
591,FraudDetectionAPI,203,247,44,1372
591,PaymentGatewayAPI,251,316,65,974
591,ShippingServiceAPI,318,378,60,1001
591,NotificationAPI,380,477,97,1194
592,UserAuthAPI,1,65,64,1600
592,ProductCatalogAPI,69,180,111,1336
592,InventoryCheckAPI,181,250,69,1217
592,FraudDetectionAPI,251,301,50,1938
592,PaymentGatewayAPI,296,412,116,1522
592,ShippingServiceAPI,414,519,105,1064
592,NotificationAPI,523,598,75,1924
593,UserAuthAPI,1,62,61,770
593,ProductCatalogAPI,66,129,63,1462
593,InventoryCheckAPI,130,235,105,816
593,FraudDetectionAPI,238,328,90,1951
593,PaymentGatewayAPI,323,375,52,991
593,ShippingServiceAPI,379,427,48,1060
593,NotificationAPI,428,507,79,1291
594,UserAuthAPI,1,73,72,1546
594,ProductCatalogAPI,75,167,92,548
594,InventoryCheckAPI,168,287,119,1881
594,FraudDetectionAPI,288,392,104,1939
594,PaymentGatewayAPI,393,453,60,1669
594,ShippingServiceAPI,456,508,52,907
594,NotificationAPI,509,573,64,549
595,UserAuthAPI,1,116,115,1095
595,ProductCatalogAPI,117,186,69,813
595,InventoryCheckAPI,188,284,96,1687
595,FraudDetectionAPI,288,343,55,1867
595,PaymentGatewayAPI,344,455,111,769
595,ShippingServiceAPI,457,564,107,1716
595,NotificationAPI,566,683,117,1691
596,UserAuthAPI,1,65,64,1336
596,ProductCatalogAPI,68,133,65,921
596,InventoryCheckAPI,135,204,69,619
596,FraudDetectionAPI,199,273,74,987
596,PaymentGatewayAPI,274,391,117,1561
596,ShippingServiceAPI,393,460,67,961
596,NotificationAPI,461,516,55,1416
597,UserAuthAPI,1,46,45,1180
597,ProductCatalogAPI,47,89,42,1310
597,InventoryCheckAPI,91,144,53,693
597,FraudDetectionAPI,146,211,65,1638
597,PaymentGatewayAPI,214,270,56,1523
597,ShippingServiceAPI,272,354,82,514
597,NotificationAPI,355,454,99,504
598,UserAuthAPI,1,58,57,1672
598,ProductCatalogAPI,60,173,113,668
598,InventoryCheckAPI,174,237,63,1515
598,FraudDetectionAPI,239,316,77,543
598,PaymentGatewayAPI,318,416,98,1764
598,ShippingServiceAPI,420,482,62,1097
598,NotificationAPI,477,556,79,802
599,UserAuthAPI,1,60,59,1984
599,ProductCatalogAPI,61,168,107,779
599,InventoryCheckAPI,169,253,84,1397
599,FraudDetectionAPI,254,316,62,1218
599,PaymentGatewayAPI,318,363,45,1882
599,ShippingServiceAPI,365,478,113,1873
599,NotificationAPI,479,556,77,1232
600,UserAuthAPI,1,83,82,1370
600,ProductCatalogAPI,84,128,44,567
600,InventoryCheckAPI,129,213,84,835
600,FraudDetectionAPI,215,265,50,1685
600,PaymentGatewayAPI,267,330,63,1966
600,ShippingServiceAPI,332,414,82,1303
600,NotificationAPI,415,470,55,1133
601,UserAuthAPI,1,46,45,853
601,ProductCatalogAPI,47,113,66,1466
601,InventoryCheckAPI,114,199,85,1474
601,FraudDetectionAPI,203,260,57,586
601,PaymentGatewayAPI,261,339,78,1868
601,ShippingServiceAPI,340,453,113,1493
601,NotificationAPI,454,547,93,1936
602,UserAuthAPI,1,49,48,690
602,ProductCatalogAPI,51,104,53,1596
602,InventoryCheckAPI,99,178,79,1065
602,FraudDetectionAPI,180,252,72,1363
602,PaymentGatewayAPI,255,328,73,1473
602,ShippingServiceAPI,330,416,86,801
602,NotificationAPI,419,509,90,1833
603,UserAuthAPI,1,68,67,1286
603,ProductCatalogAPI,70,128,58,980
603,InventoryCheckAPI,130,198,68,568
603,FraudDetectionAPI,193,290,97,1403
603,PaymentGatewayAPI,294,375,81,512
603,ShippingServiceAPI,376,457,81,550
603,NotificationAPI,452,507,55,856
604,UserAuthAPI,1,119,118,755
604,ProductCatalogAPI,122,183,61,778
604,InventoryCheckAPI,178,285,107,1254
604,FraudDetectionAPI,280,342,62,866
604,PaymentGatewayAPI,345,439,94,1219
604,ShippingServiceAPI,434,528,94,676
604,NotificationAPI,529,641,112,1346
605,UserAuthAPI,1,105,104,508
605,ProductCatalogAPI,107,174,67,1184
605,InventoryCheckAPI,177,256,79,526
605,FraudDetectionAPI,259,373,114,584
605,PaymentGatewayAPI,375,417,42,1713
605,ShippingServiceAPI,412,481,69,1561
605,NotificationAPI,484,561,77,1883
606,UserAuthAPI,1,92,91,1296
606,ProductCatalogAPI,94,193,99,1544
606,InventoryCheckAPI,194,251,57,940
606,FraudDetectionAPI,253,352,99,1689
606,PaymentGatewayAPI,355,467,112,884
606,ShippingServiceAPI,468,570,102,1416
606,NotificationAPI,573,667,94,865
607,UserAuthAPI,1,102,101,1742
607,ProductCatalogAPI,104,219,115,526
607,InventoryCheckAPI,222,294,72,1359
607,FraudDetectionAPI,296,385,89,1671
607,PaymentGatewayAPI,380,477,97,914
607,ShippingServiceAPI,478,562,84,540
607,NotificationAPI,565,613,48,1202
608,UserAuthAPI,1,62,61,1043
608,ProductCatalogAPI,64,117,53,1774
608,InventoryCheckAPI,118,165,47,983
608,FraudDetectionAPI,169,254,85,1054
608,PaymentGatewayAPI,258,343,85,1759
608,ShippingServiceAPI,344,414,70,1684
608,NotificationAPI,415,462,47,1397
609,UserAuthAPI,1,85,84,792
609,ProductCatalogAPI,86,163,77,1366
609,InventoryCheckAPI,166,211,45,1079
609,FraudDetectionAPI,213,287,74,1197
609,PaymentGatewayAPI,288,333,45,1536
609,ShippingServiceAPI,336,405,69,1781
609,NotificationAPI,400,511,111,997
610,UserAuthAPI,1,105,104,1856
610,ProductCatalogAPI,106,177,71,542
610,InventoryCheckAPI,179,296,117,1058
610,FraudDetectionAPI,297,391,94,1936
610,PaymentGatewayAPI,394,452,58,1870
610,ShippingServiceAPI,456,532,76,591
610,NotificationAPI,534,601,67,871
611,UserAuthAPI,1,75,74,1719
611,ProductCatalogAPI,70,117,47,1995
611,InventoryCheckAPI,121,175,54,1786
611,FraudDetectionAPI,177,280,103,1221
611,PaymentGatewayAPI,282,368,86,1267
611,ShippingServiceAPI,370,425,55,1781
611,NotificationAPI,426,519,93,1810
612,UserAuthAPI,1,87,86,1566
612,ProductCatalogAPI,89,129,40,1964
612,InventoryCheckAPI,133,200,67,1289
612,FraudDetectionAPI,203,261,58,1336
612,PaymentGatewayAPI,262,340,78,1250
612,ShippingServiceAPI,343,434,91,1319
612,NotificationAPI,436,499,63,1549
613,UserAuthAPI,1,50,49,516
613,ProductCatalogAPI,53,94,41,1216
613,InventoryCheckAPI,96,206,110,1725
613,FraudDetectionAPI,207,255,48,1097
613,PaymentGatewayAPI,250,362,112,526
613,ShippingServiceAPI,365,475,110,1274
613,NotificationAPI,477,579,102,1607
614,UserAuthAPI,1,80,79,1146
614,ProductCatalogAPI,82,180,98,1408
614,InventoryCheckAPI,181,282,101,1275
614,FraudDetectionAPI,277,334,57,755
614,PaymentGatewayAPI,338,437,99,1870
614,ShippingServiceAPI,438,533,95,1279
614,NotificationAPI,528,622,94,1935
615,UserAuthAPI,1,44,43,973
615,ProductCatalogAPI,39,81,42,1540
615,InventoryCheckAPI,85,172,87,1585
615,FraudDetectionAPI,174,247,73,1444
615,PaymentGatewayAPI,242,328,86,1358
615,ShippingServiceAPI,331,420,89,1933
615,NotificationAPI,421,474,53,1729
616,UserAuthAPI,1,44,43,1474
616,ProductCatalogAPI,45,162,117,1261
616,InventoryCheckAPI,163,263,100,1799
616,FraudDetectionAPI,266,339,73,944
616,PaymentGatewayAPI,340,419,79,692
616,ShippingServiceAPI,420,527,107,1082
616,NotificationAPI,528,572,44,1930
617,UserAuthAPI,1,97,96,1280
617,ProductCatalogAPI,100,150,50,1063
617,InventoryCheckAPI,151,227,76,512
617,FraudDetectionAPI,228,275,47,811
617,PaymentGatewayAPI,277,386,109,799
617,ShippingServiceAPI,389,469,80,1672
617,NotificationAPI,464,545,81,701
618,UserAuthAPI,1,69,68,963
618,ProductCatalogAPI,70,139,69,1293
618,InventoryCheckAPI,140,198,58,1064
618,FraudDetectionAPI,193,278,85,1371
618,PaymentGatewayAPI,282,385,103,1903
618,ShippingServiceAPI,387,491,104,1048
618,NotificationAPI,492,557,65,1070
619,UserAuthAPI,1,45,44,1304
619,ProductCatalogAPI,40,127,87,1273
619,InventoryCheckAPI,129,229,100,771
619,FraudDetectionAPI,230,313,83,925
619,PaymentGatewayAPI,315,388,73,563
619,ShippingServiceAPI,390,438,48,958
619,NotificationAPI,439,520,81,1005
620,UserAuthAPI,1,99,98,1544
620,ProductCatalogAPI,102,170,68,1852
620,InventoryCheckAPI,171,279,108,1179
620,FraudDetectionAPI,280,384,104,1645
620,PaymentGatewayAPI,386,485,99,905
620,ShippingServiceAPI,486,595,109,1683
620,NotificationAPI,590,639,49,994
621,UserAuthAPI,1,71,70,1766
621,ProductCatalogAPI,72,149,77,1334
621,InventoryCheckAPI,151,195,44,1005
621,FraudDetectionAPI,196,270,74,1432
621,PaymentGatewayAPI,273,387,114,1107
621,ShippingServiceAPI,390,501,111,691
621,NotificationAPI,503,546,43,806
622,UserAuthAPI,1,49,48,1091
622,ProductCatalogAPI,51,115,64,1975
622,InventoryCheckAPI,116,200,84,1052
622,FraudDetectionAPI,201,259,58,1650
622,PaymentGatewayAPI,260,302,42,1304
622,ShippingServiceAPI,303,388,85,1027
622,NotificationAPI,392,438,46,1921
623,UserAuthAPI,1,55,54,935
623,ProductCatalogAPI,50,90,40,1363
623,InventoryCheckAPI,93,201,108,1745
623,FraudDetectionAPI,196,315,119,634
623,PaymentGatewayAPI,318,359,41,1826
623,ShippingServiceAPI,354,443,89,1712
623,NotificationAPI,444,488,44,1982
624,UserAuthAPI,1,104,103,1424
624,ProductCatalogAPI,106,181,75,578
624,InventoryCheckAPI,183,244,61,1173
624,FraudDetectionAPI,246,361,115,1484
624,PaymentGatewayAPI,363,476,113,975
624,ShippingServiceAPI,479,536,57,928
624,NotificationAPI,538,633,95,1603
625,UserAuthAPI,1,58,57,1731
625,ProductCatalogAPI,62,108,46,1493
625,InventoryCheckAPI,112,154,42,1606
625,FraudDetectionAPI,157,266,109,1409
625,PaymentGatewayAPI,270,327,57,1104
625,ShippingServiceAPI,329,406,77,1671
625,NotificationAPI,408,491,83,1030
626,UserAuthAPI,1,106,105,640
626,ProductCatalogAPI,101,201,100,657
626,InventoryCheckAPI,203,293,90,745
626,FraudDetectionAPI,295,367,72,1884
626,PaymentGatewayAPI,362,420,58,1594
626,ShippingServiceAPI,421,539,118,668
626,NotificationAPI,541,632,91,759
627,UserAuthAPI,1,45,44,796
627,ProductCatalogAPI,47,147,100,938
627,InventoryCheckAPI,142,195,53,1711
627,FraudDetectionAPI,196,279,83,1759
627,PaymentGatewayAPI,280,390,110,1573
627,ShippingServiceAPI,392,446,54,1169
627,NotificationAPI,448,518,70,1507
628,UserAuthAPI,1,89,88,869
628,ProductCatalogAPI,92,192,100,1991
628,InventoryCheckAPI,193,240,47,923
628,FraudDetectionAPI,243,314,71,592
628,PaymentGatewayAPI,315,360,45,1743
628,ShippingServiceAPI,363,438,75,915
628,NotificationAPI,433,525,92,865
629,UserAuthAPI,1,115,114,1188
629,ProductCatalogAPI,119,169,50,1317
629,InventoryCheckAPI,170,224,54,1758
629,FraudDetectionAPI,228,329,101,911
629,PaymentGatewayAPI,331,395,64,830
629,ShippingServiceAPI,399,439,40,1454
629,NotificationAPI,440,521,81,1429
630,UserAuthAPI,1,58,57,1344
630,ProductCatalogAPI,60,119,59,1973
630,InventoryCheckAPI,120,221,101,977
630,FraudDetectionAPI,222,319,97,1194
630,PaymentGatewayAPI,322,383,61,966
630,ShippingServiceAPI,384,459,75,1645
630,NotificationAPI,461,552,91,1423
631,UserAuthAPI,1,76,75,1849
631,ProductCatalogAPI,79,139,60,1331
631,InventoryCheckAPI,140,219,79,683
631,FraudDetectionAPI,214,280,66,685
631,PaymentGatewayAPI,283,391,108,1337
631,ShippingServiceAPI,393,440,47,1788
631,NotificationAPI,441,487,46,1506
632,UserAuthAPI,1,77,76,1606
632,ProductCatalogAPI,80,176,96,1860
632,InventoryCheckAPI,178,280,102,1170
632,FraudDetectionAPI,282,331,49,1610
632,PaymentGatewayAPI,334,376,42,1669
632,ShippingServiceAPI,377,436,59,1197
632,NotificationAPI,438,527,89,1346
633,UserAuthAPI,1,61,60,1770
633,ProductCatalogAPI,63,131,68,1875
633,InventoryCheckAPI,134,186,52,650
633,FraudDetectionAPI,189,232,43,871
633,PaymentGatewayAPI,227,333,106,1864
633,ShippingServiceAPI,328,435,107,692
633,NotificationAPI,437,546,109,646
634,UserAuthAPI,1,105,104,1818
634,ProductCatalogAPI,100,165,65,1183
634,InventoryCheckAPI,160,276,116,1743
634,FraudDetectionAPI,277,346,69,1011
634,PaymentGatewayAPI,348,425,77,1693
634,ShippingServiceAPI,427,529,102,1712
634,NotificationAPI,532,605,73,1306
635,UserAuthAPI,1,77,76,820
635,ProductCatalogAPI,80,151,71,763
635,InventoryCheckAPI,154,238,84,851
635,FraudDetectionAPI,240,353,113,1905
635,PaymentGatewayAPI,355,417,62,504
635,ShippingServiceAPI,418,474,56,850
635,NotificationAPI,475,536,61,1794
636,UserAuthAPI,1,65,64,552
636,ProductCatalogAPI,66,171,105,718
636,InventoryCheckAPI,173,233,60,951
636,FraudDetectionAPI,237,342,105,1741
636,PaymentGatewayAPI,344,398,54,903
636,ShippingServiceAPI,393,441,48,1210
636,NotificationAPI,442,544,102,1942
637,UserAuthAPI,1,86,85,1788
637,ProductCatalogAPI,87,162,75,872
637,InventoryCheckAPI,166,224,58,1423
637,FraudDetectionAPI,227,273,46,1776
637,PaymentGatewayAPI,275,329,54,1974
637,ShippingServiceAPI,331,378,47,1592
637,NotificationAPI,381,483,102,1591
638,UserAuthAPI,1,64,63,1017
638,ProductCatalogAPI,65,135,70,982
638,InventoryCheckAPI,136,242,106,886
638,FraudDetectionAPI,237,324,87,1859
638,PaymentGatewayAPI,326,398,72,1462
638,ShippingServiceAPI,400,496,96,799
638,NotificationAPI,499,582,83,1324
639,UserAuthAPI,1,61,60,806
639,ProductCatalogAPI,63,153,90,520
639,InventoryCheckAPI,156,201,45,1596
639,FraudDetectionAPI,202,299,97,1089
639,PaymentGatewayAPI,302,375,73,1067
639,ShippingServiceAPI,378,459,81,1529
639,NotificationAPI,461,520,59,904
640,UserAuthAPI,1,96,95,509
640,ProductCatalogAPI,99,208,109,1674
640,InventoryCheckAPI,209,278,69,627
640,FraudDetectionAPI,273,367,94,804
640,PaymentGatewayAPI,369,452,83,521
640,ShippingServiceAPI,455,515,60,1795
640,NotificationAPI,517,600,83,546
641,UserAuthAPI,1,88,87,706
641,ProductCatalogAPI,89,207,118,1424
641,InventoryCheckAPI,202,309,107,1508
641,FraudDetectionAPI,304,358,54,1633
641,PaymentGatewayAPI,361,474,113,667
641,ShippingServiceAPI,475,528,53,1348
641,NotificationAPI,529,647,118,941
642,UserAuthAPI,1,95,94,1002
642,ProductCatalogAPI,96,177,81,743
642,InventoryCheckAPI,178,228,50,1392
642,FraudDetectionAPI,229,346,117,1414
642,PaymentGatewayAPI,347,439,92,745
642,ShippingServiceAPI,440,503,63,1915
642,NotificationAPI,504,591,87,585
643,UserAuthAPI,1,102,101,1119
643,ProductCatalogAPI,103,146,43,1944
643,InventoryCheckAPI,148,257,109,546
643,FraudDetectionAPI,260,374,114,1784
643,PaymentGatewayAPI,376,462,86,1285
643,ShippingServiceAPI,463,579,116,1784
643,NotificationAPI,581,666,85,530
644,UserAuthAPI,1,96,95,1484
644,ProductCatalogAPI,97,164,67,1027
644,InventoryCheckAPI,168,219,51,1861
644,FraudDetectionAPI,221,313,92,1203
644,PaymentGatewayAPI,316,382,66,612
644,ShippingServiceAPI,384,444,60,1701
644,NotificationAPI,446,488,42,1712
645,UserAuthAPI,1,46,45,655
645,ProductCatalogAPI,48,145,97,1723
645,InventoryCheckAPI,149,217,68,1122
645,FraudDetectionAPI,218,306,88,948
645,PaymentGatewayAPI,307,405,98,800
645,ShippingServiceAPI,406,456,50,713
645,NotificationAPI,458,503,45,1590
646,UserAuthAPI,1,49,48,1011
646,ProductCatalogAPI,51,167,116,752
646,InventoryCheckAPI,168,228,60,1486
646,FraudDetectionAPI,229,338,109,804
646,PaymentGatewayAPI,342,420,78,1338
646,ShippingServiceAPI,424,484,60,1524
646,NotificationAPI,485,532,47,1080
647,UserAuthAPI,1,48,47,774
647,ProductCatalogAPI,50,144,94,1425
647,InventoryCheckAPI,147,241,94,1567
647,FraudDetectionAPI,243,360,117,1961
647,PaymentGatewayAPI,363,441,78,738
647,ShippingServiceAPI,444,499,55,1183
647,NotificationAPI,501,567,66,1568
648,UserAuthAPI,1,75,74,706
648,ProductCatalogAPI,76,122,46,741
648,InventoryCheckAPI,123,213,90,801
648,FraudDetectionAPI,217,294,77,1200
648,PaymentGatewayAPI,297,362,65,922
648,ShippingServiceAPI,364,453,89,1730
648,NotificationAPI,455,516,61,1064
649,UserAuthAPI,1,83,82,1349
649,ProductCatalogAPI,78,181,103,1660
649,InventoryCheckAPI,182,262,80,1588
649,FraudDetectionAPI,263,380,117,531
649,PaymentGatewayAPI,375,478,103,1665
649,ShippingServiceAPI,473,561,88,1487
649,NotificationAPI,564,624,60,1098
650,UserAuthAPI,1,56,55,1629
650,ProductCatalogAPI,57,114,57,1558
650,InventoryCheckAPI,116,170,54,1458
650,FraudDetectionAPI,171,276,105,1892
650,PaymentGatewayAPI,278,378,100,1203
650,ShippingServiceAPI,373,446,73,1766
650,NotificationAPI,448,490,42,1601
651,UserAuthAPI,1,78,77,1302
651,ProductCatalogAPI,79,147,68,816
651,InventoryCheckAPI,148,215,67,1189
651,FraudDetectionAPI,217,290,73,517
651,PaymentGatewayAPI,293,359,66,1277
651,ShippingServiceAPI,360,421,61,1027
651,NotificationAPI,424,514,90,1140
652,UserAuthAPI,1,52,51,1553
652,ProductCatalogAPI,55,155,100,1833
652,InventoryCheckAPI,158,239,81,1090
652,FraudDetectionAPI,241,352,111,943
652,PaymentGatewayAPI,353,423,70,602
652,ShippingServiceAPI,426,523,97,1770
652,NotificationAPI,524,567,43,1758
653,UserAuthAPI,1,119,118,537
653,ProductCatalogAPI,121,208,87,1972
653,InventoryCheckAPI,209,274,65,1061
653,FraudDetectionAPI,276,325,49,797
653,PaymentGatewayAPI,327,378,51,967
653,ShippingServiceAPI,380,465,85,1808
653,NotificationAPI,468,551,83,1454
654,UserAuthAPI,1,58,57,1289
654,ProductCatalogAPI,60,152,92,500
654,InventoryCheckAPI,154,224,70,1810
654,FraudDetectionAPI,226,284,58,1981
654,PaymentGatewayAPI,286,347,61,1546
654,ShippingServiceAPI,348,402,54,909
654,NotificationAPI,404,463,59,880
655,UserAuthAPI,1,79,78,1643
655,ProductCatalogAPI,81,161,80,1209
655,InventoryCheckAPI,156,210,54,536
655,FraudDetectionAPI,212,324,112,1820
655,PaymentGatewayAPI,325,426,101,1421
655,ShippingServiceAPI,428,491,63,577
655,NotificationAPI,486,542,56,608
656,UserAuthAPI,1,47,46,828
656,ProductCatalogAPI,48,99,51,1864
656,InventoryCheckAPI,100,149,49,807
656,FraudDetectionAPI,151,219,68,1130
656,PaymentGatewayAPI,221,321,100,1975
656,ShippingServiceAPI,323,391,68,1752
656,NotificationAPI,393,473,80,1226
657,UserAuthAPI,1,105,104,1769
657,ProductCatalogAPI,108,210,102,1493
657,InventoryCheckAPI,211,287,76,1230
657,FraudDetectionAPI,288,332,44,1557
657,PaymentGatewayAPI,336,437,101,1355
657,ShippingServiceAPI,440,550,110,1100
657,NotificationAPI,553,671,118,933
658,UserAuthAPI,1,72,71,1610
658,ProductCatalogAPI,67,120,53,691
658,InventoryCheckAPI,122,175,53,1237
658,FraudDetectionAPI,177,255,78,783
658,PaymentGatewayAPI,256,327,71,1148
658,ShippingServiceAPI,328,384,56,616
658,NotificationAPI,385,479,94,1603
659,UserAuthAPI,1,115,114,615
659,ProductCatalogAPI,116,196,80,1346
659,InventoryCheckAPI,198,279,81,871
659,FraudDetectionAPI,281,391,110,655
659,PaymentGatewayAPI,392,446,54,1303
659,ShippingServiceAPI,447,561,114,555
659,NotificationAPI,562,653,91,1998
660,UserAuthAPI,1,85,84,1863
660,ProductCatalogAPI,87,179,92,1680
660,InventoryCheckAPI,180,269,89,611
660,FraudDetectionAPI,270,385,115,1392
660,PaymentGatewayAPI,387,444,57,777
660,ShippingServiceAPI,448,488,40,996
660,NotificationAPI,491,545,54,1559
661,UserAuthAPI,1,72,71,685
661,ProductCatalogAPI,75,147,72,1773
661,InventoryCheckAPI,148,226,78,778
661,FraudDetectionAPI,221,262,41,1717
661,PaymentGatewayAPI,265,333,68,1633
661,ShippingServiceAPI,335,445,110,784
661,NotificationAPI,448,532,84,1027
662,UserAuthAPI,1,74,73,1204
662,ProductCatalogAPI,75,176,101,1243
662,InventoryCheckAPI,177,231,54,1220
662,FraudDetectionAPI,235,294,59,1081
662,PaymentGatewayAPI,298,371,73,1235
662,ShippingServiceAPI,372,415,43,1253
662,NotificationAPI,417,480,63,1739
663,UserAuthAPI,1,65,64,1303
663,ProductCatalogAPI,66,163,97,994
663,InventoryCheckAPI,165,254,89,707
663,FraudDetectionAPI,249,356,107,1785
663,PaymentGatewayAPI,359,453,94,922
663,ShippingServiceAPI,456,509,53,1123
663,NotificationAPI,511,565,54,536
664,UserAuthAPI,1,112,111,851
664,ProductCatalogAPI,115,211,96,604
664,InventoryCheckAPI,212,309,97,1362
664,FraudDetectionAPI,311,354,43,798
664,PaymentGatewayAPI,355,397,42,1396
664,ShippingServiceAPI,399,453,54,1570
664,NotificationAPI,456,553,97,1490
665,UserAuthAPI,1,79,78,1775
665,ProductCatalogAPI,82,156,74,1261
665,InventoryCheckAPI,158,247,89,1969
665,FraudDetectionAPI,249,302,53,1430
665,PaymentGatewayAPI,303,372,69,1613
665,ShippingServiceAPI,375,483,108,1686
665,NotificationAPI,485,576,91,1153
666,UserAuthAPI,1,76,75,1614
666,ProductCatalogAPI,78,146,68,1320
666,InventoryCheckAPI,149,260,111,1794
666,FraudDetectionAPI,261,364,103,1015
666,PaymentGatewayAPI,365,446,81,1764
666,ShippingServiceAPI,449,558,109,1448
666,NotificationAPI,559,671,112,606
667,UserAuthAPI,1,67,66,768
667,ProductCatalogAPI,70,182,112,1720
667,InventoryCheckAPI,186,256,70,1782
667,FraudDetectionAPI,251,296,45,915
667,PaymentGatewayAPI,299,400,101,1740
667,ShippingServiceAPI,401,479,78,1843
667,NotificationAPI,480,582,102,1381
668,UserAuthAPI,1,80,79,1684
668,ProductCatalogAPI,81,156,75,1163
668,InventoryCheckAPI,151,229,78,1472
668,FraudDetectionAPI,231,302,71,911
668,PaymentGatewayAPI,304,361,57,635
668,ShippingServiceAPI,365,479,114,1209
668,NotificationAPI,480,595,115,1305
669,UserAuthAPI,1,98,97,1348
669,ProductCatalogAPI,99,146,47,617
669,InventoryCheckAPI,148,250,102,573
669,FraudDetectionAPI,251,364,113,919
669,PaymentGatewayAPI,366,462,96,829
669,ShippingServiceAPI,463,547,84,578
669,NotificationAPI,551,658,107,1061
670,UserAuthAPI,1,50,49,872
670,ProductCatalogAPI,53,152,99,735
670,InventoryCheckAPI,154,253,99,1262
670,FraudDetectionAPI,257,342,85,879
670,PaymentGatewayAPI,343,433,90,919
670,ShippingServiceAPI,436,526,90,704
670,NotificationAPI,527,567,40,684
671,UserAuthAPI,1,90,89,1537
671,ProductCatalogAPI,91,189,98,1860
671,InventoryCheckAPI,191,270,79,1100
671,FraudDetectionAPI,265,338,73,1485
671,PaymentGatewayAPI,339,399,60,1488
671,ShippingServiceAPI,402,485,83,1548
671,NotificationAPI,480,581,101,1759
672,UserAuthAPI,1,77,76,1283
672,ProductCatalogAPI,78,141,63,1293
672,InventoryCheckAPI,144,212,68,1042
672,FraudDetectionAPI,213,279,66,1361
672,PaymentGatewayAPI,281,355,74,612
672,ShippingServiceAPI,359,472,113,1778
672,NotificationAPI,474,526,52,1007
673,UserAuthAPI,1,96,95,1930
673,ProductCatalogAPI,97,170,73,1367
673,InventoryCheckAPI,165,232,67,1281
673,FraudDetectionAPI,234,348,114,1216
673,PaymentGatewayAPI,350,444,94,1973
673,ShippingServiceAPI,446,522,76,1712
673,NotificationAPI,525,638,113,1703
674,UserAuthAPI,1,103,102,1512
674,ProductCatalogAPI,106,146,40,761
674,InventoryCheckAPI,147,249,102,680
674,FraudDetectionAPI,251,308,57,520
674,PaymentGatewayAPI,311,427,116,965
674,ShippingServiceAPI,430,494,64,1451
674,NotificationAPI,498,600,102,1433
675,UserAuthAPI,1,41,40,1691
675,ProductCatalogAPI,42,96,54,549
675,InventoryCheckAPI,91,162,71,804
675,FraudDetectionAPI,164,248,84,1299
675,PaymentGatewayAPI,251,355,104,954
675,ShippingServiceAPI,359,478,119,1833
675,NotificationAPI,481,526,45,1589
676,UserAuthAPI,1,63,62,1257
676,ProductCatalogAPI,66,148,82,1574
676,InventoryCheckAPI,150,214,64,1091
676,FraudDetectionAPI,216,273,57,1678
676,PaymentGatewayAPI,268,376,108,1347
676,ShippingServiceAPI,377,450,73,803
676,NotificationAPI,445,494,49,1383
677,UserAuthAPI,1,66,65,1225
677,ProductCatalogAPI,68,169,101,1024
677,InventoryCheckAPI,171,230,59,1523
677,FraudDetectionAPI,233,329,96,1752
677,PaymentGatewayAPI,332,404,72,1415
677,ShippingServiceAPI,406,509,103,1809
677,NotificationAPI,511,567,56,1879
678,UserAuthAPI,1,111,110,1326
678,ProductCatalogAPI,113,196,83,1427
678,InventoryCheckAPI,197,238,41,1392
678,FraudDetectionAPI,239,318,79,970
678,PaymentGatewayAPI,320,363,43,1433
678,ShippingServiceAPI,364,422,58,784
678,NotificationAPI,425,499,74,871
679,UserAuthAPI,1,63,62,801
679,ProductCatalogAPI,64,151,87,1191
679,InventoryCheckAPI,152,257,105,1216
679,FraudDetectionAPI,259,329,70,599
679,PaymentGatewayAPI,324,415,91,1177
679,ShippingServiceAPI,417,511,94,1096
679,NotificationAPI,514,600,86,589
680,UserAuthAPI,1,62,61,1226
680,ProductCatalogAPI,64,121,57,1521
680,InventoryCheckAPI,124,237,113,1338
680,FraudDetectionAPI,239,343,104,545
680,PaymentGatewayAPI,338,402,64,1499
680,ShippingServiceAPI,397,468,71,834
680,NotificationAPI,470,557,87,1074
681,UserAuthAPI,1,55,54,1657
681,ProductCatalogAPI,56,158,102,1915
681,InventoryCheckAPI,159,230,71,877
681,FraudDetectionAPI,234,286,52,1035
681,PaymentGatewayAPI,288,402,114,1593
681,ShippingServiceAPI,403,503,100,756
681,NotificationAPI,498,569,71,1664
682,UserAuthAPI,1,96,95,1675
682,ProductCatalogAPI,98,160,62,1808
682,InventoryCheckAPI,162,231,69,647
682,FraudDetectionAPI,233,321,88,1069
682,PaymentGatewayAPI,323,387,64,1802
682,ShippingServiceAPI,391,431,40,898
682,NotificationAPI,432,523,91,685
683,UserAuthAPI,1,44,43,1006
683,ProductCatalogAPI,47,119,72,1812
683,InventoryCheckAPI,123,227,104,1629
683,FraudDetectionAPI,228,346,118,1203
683,PaymentGatewayAPI,341,389,48,1284
683,ShippingServiceAPI,390,442,52,630
683,NotificationAPI,444,490,46,1982
684,UserAuthAPI,1,50,49,1240
684,ProductCatalogAPI,52,135,83,1818
684,InventoryCheckAPI,139,197,58,1087
684,FraudDetectionAPI,200,286,86,1496
684,PaymentGatewayAPI,287,372,85,703
684,ShippingServiceAPI,375,489,114,1903
684,NotificationAPI,492,593,101,1069
685,UserAuthAPI,1,99,98,1486
685,ProductCatalogAPI,94,196,102,767
685,InventoryCheckAPI,197,297,100,1369
685,FraudDetectionAPI,298,362,64,1911
685,PaymentGatewayAPI,363,415,52,1437
685,ShippingServiceAPI,417,534,117,939
685,NotificationAPI,537,631,94,1797
686,UserAuthAPI,1,72,71,1515
686,ProductCatalogAPI,74,126,52,1137
686,InventoryCheckAPI,127,235,108,1879
686,FraudDetectionAPI,237,307,70,1725
686,PaymentGatewayAPI,309,424,115,787
686,ShippingServiceAPI,425,516,91,602
686,NotificationAPI,517,615,98,1728
687,UserAuthAPI,1,88,87,926
687,ProductCatalogAPI,83,157,74,1014
687,InventoryCheckAPI,160,204,44,807
687,FraudDetectionAPI,207,277,70,1589
687,PaymentGatewayAPI,272,380,108,1166
687,ShippingServiceAPI,381,488,107,686
687,NotificationAPI,490,573,83,1874
688,UserAuthAPI,1,89,88,1853
688,ProductCatalogAPI,90,195,105,1106
688,InventoryCheckAPI,196,239,43,678
688,FraudDetectionAPI,240,345,105,697
688,PaymentGatewayAPI,340,408,68,1608
688,ShippingServiceAPI,409,520,111,722
688,NotificationAPI,522,569,47,1769
689,UserAuthAPI,1,68,67,970
689,ProductCatalogAPI,69,177,108,1468
689,InventoryCheckAPI,180,223,43,1406
689,FraudDetectionAPI,224,327,103,1024
689,PaymentGatewayAPI,329,375,46,859
689,ShippingServiceAPI,379,482,103,1754
689,NotificationAPI,484,545,61,1420
690,UserAuthAPI,1,79,78,1400
690,ProductCatalogAPI,82,188,106,667
690,InventoryCheckAPI,192,300,108,1106
690,FraudDetectionAPI,304,386,82,1929
690,PaymentGatewayAPI,389,454,65,547
690,ShippingServiceAPI,455,503,48,1930
690,NotificationAPI,506,547,41,897
691,UserAuthAPI,1,103,102,1349
691,ProductCatalogAPI,105,219,114,633
691,InventoryCheckAPI,214,319,105,979
691,FraudDetectionAPI,320,426,106,1125
691,PaymentGatewayAPI,428,468,40,1439
691,ShippingServiceAPI,470,536,66,985
691,NotificationAPI,538,589,51,566
692,UserAuthAPI,1,106,105,1813
692,ProductCatalogAPI,108,186,78,1438
692,InventoryCheckAPI,188,230,42,1441
692,FraudDetectionAPI,225,267,42,748
692,PaymentGatewayAPI,268,370,102,1378
692,ShippingServiceAPI,372,478,106,1370
692,NotificationAPI,481,572,91,956
693,UserAuthAPI,1,86,85,943
693,ProductCatalogAPI,88,153,65,910
693,InventoryCheckAPI,155,220,65,952
693,FraudDetectionAPI,221,333,112,1638
693,PaymentGatewayAPI,337,394,57,709
693,ShippingServiceAPI,396,442,46,1492
693,NotificationAPI,446,530,84,1126
694,UserAuthAPI,1,49,48,1750
694,ProductCatalogAPI,53,154,101,1253
694,InventoryCheckAPI,156,272,116,1563
694,FraudDetectionAPI,267,313,46,1796
694,PaymentGatewayAPI,308,397,89,757
694,ShippingServiceAPI,400,472,72,648
694,NotificationAPI,474,566,92,1313
695,UserAuthAPI,1,46,45,733
695,ProductCatalogAPI,49,141,92,696
695,InventoryCheckAPI,142,255,113,1559
695,FraudDetectionAPI,250,310,60,1029
695,PaymentGatewayAPI,311,351,40,1153
695,ShippingServiceAPI,354,444,90,1090
695,NotificationAPI,447,522,75,1073
696,UserAuthAPI,1,82,81,1780
696,ProductCatalogAPI,86,179,93,599
696,InventoryCheckAPI,180,226,46,649
696,FraudDetectionAPI,230,314,84,1853
696,PaymentGatewayAPI,316,365,49,1646
696,ShippingServiceAPI,368,482,114,1017
696,NotificationAPI,485,543,58,1114
697,UserAuthAPI,1,102,101,1886
697,ProductCatalogAPI,106,198,92,555
697,InventoryCheckAPI,201,262,61,1079
697,FraudDetectionAPI,263,368,105,763
697,PaymentGatewayAPI,371,448,77,1502
697,ShippingServiceAPI,449,516,67,800
697,NotificationAPI,517,623,106,1144
698,UserAuthAPI,1,52,51,1160
698,ProductCatalogAPI,53,95,42,568
698,InventoryCheckAPI,96,199,103,676
698,FraudDetectionAPI,202,314,112,1683
698,PaymentGatewayAPI,316,376,60,1658
698,ShippingServiceAPI,377,443,66,693
698,NotificationAPI,438,487,49,1893
699,UserAuthAPI,1,43,42,1793
699,ProductCatalogAPI,44,144,100,663
699,InventoryCheckAPI,146,265,119,632
699,FraudDetectionAPI,267,344,77,1497
699,PaymentGatewayAPI,345,440,95,1842
699,ShippingServiceAPI,435,522,87,1116
699,NotificationAPI,524,640,116,998
700,UserAuthAPI,1,95,94,1066
700,ProductCatalogAPI,98,141,43,584
700,InventoryCheckAPI,144,236,92,1325
700,FraudDetectionAPI,238,344,106,1286
700,PaymentGatewayAPI,348,420,72,1642
700,ShippingServiceAPI,422,484,62,632
700,NotificationAPI,486,531,45,1188
701,UserAuthAPI,1,117,116,1015
701,ProductCatalogAPI,119,222,103,664
701,InventoryCheckAPI,223,307,84,1741
701,FraudDetectionAPI,311,390,79,1492
701,PaymentGatewayAPI,391,435,44,1256
701,ShippingServiceAPI,430,478,48,1909
701,NotificationAPI,481,571,90,1127
702,UserAuthAPI,1,47,46,1453
702,ProductCatalogAPI,51,146,95,572
702,InventoryCheckAPI,148,237,89,621
702,FraudDetectionAPI,239,279,40,1489
702,PaymentGatewayAPI,280,381,101,1090
702,ShippingServiceAPI,376,480,104,1707
702,NotificationAPI,483,530,47,1839
703,UserAuthAPI,1,102,101,1407
703,ProductCatalogAPI,103,196,93,1868
703,InventoryCheckAPI,198,297,99,823
703,FraudDetectionAPI,300,377,77,1467
703,PaymentGatewayAPI,372,418,46,983
703,ShippingServiceAPI,413,532,119,1292
703,NotificationAPI,533,601,68,1650
704,UserAuthAPI,1,41,40,1010
704,ProductCatalogAPI,43,145,102,1324
704,InventoryCheckAPI,147,251,104,1114
704,FraudDetectionAPI,252,321,69,1747
704,PaymentGatewayAPI,323,384,61,865
704,ShippingServiceAPI,388,482,94,927
704,NotificationAPI,486,604,118,1085
705,UserAuthAPI,1,92,91,592
705,ProductCatalogAPI,93,197,104,1533
705,InventoryCheckAPI,198,303,105,1979
705,FraudDetectionAPI,305,370,65,1916
705,PaymentGatewayAPI,374,476,102,1630
705,ShippingServiceAPI,471,524,53,570
705,NotificationAPI,526,640,114,1899
706,UserAuthAPI,1,91,90,1666
706,ProductCatalogAPI,94,172,78,759
706,InventoryCheckAPI,174,219,45,1708
706,FraudDetectionAPI,220,333,113,1133
706,PaymentGatewayAPI,335,441,106,1741
706,ShippingServiceAPI,444,501,57,1855
706,NotificationAPI,502,565,63,846
707,UserAuthAPI,1,55,54,930
707,ProductCatalogAPI,57,140,83,1607
707,InventoryCheckAPI,141,248,107,1832
707,FraudDetectionAPI,243,304,61,605
707,PaymentGatewayAPI,307,392,85,625
707,ShippingServiceAPI,394,512,118,888
707,NotificationAPI,514,614,100,573
708,UserAuthAPI,1,119,118,581
708,ProductCatalogAPI,121,181,60,777
708,InventoryCheckAPI,183,294,111,1591
708,FraudDetectionAPI,295,353,58,1139
708,PaymentGatewayAPI,356,448,92,1866
708,ShippingServiceAPI,449,535,86,1861
708,NotificationAPI,530,576,46,1638
709,UserAuthAPI,1,103,102,725
709,ProductCatalogAPI,106,176,70,1344
709,InventoryCheckAPI,178,286,108,1482
709,FraudDetectionAPI,287,359,72,1778
709,PaymentGatewayAPI,361,433,72,1454
709,ShippingServiceAPI,436,516,80,1468
709,NotificationAPI,520,570,50,596
710,UserAuthAPI,1,97,96,1565
710,ProductCatalogAPI,101,171,70,1191
710,InventoryCheckAPI,172,249,77,1811
710,FraudDetectionAPI,252,299,47,1229
710,PaymentGatewayAPI,302,361,59,1007
710,ShippingServiceAPI,362,410,48,1538
710,NotificationAPI,411,513,102,1742
711,UserAuthAPI,1,75,74,1864
711,ProductCatalogAPI,77,164,87,1347
711,InventoryCheckAPI,168,269,101,1383
711,FraudDetectionAPI,272,332,60,994
711,PaymentGatewayAPI,333,387,54,1785
711,ShippingServiceAPI,389,484,95,1060
711,NotificationAPI,479,583,104,1039
712,UserAuthAPI,1,88,87,1588
712,ProductCatalogAPI,90,172,82,1316
712,InventoryCheckAPI,174,289,115,1948
712,FraudDetectionAPI,292,392,100,511
712,PaymentGatewayAPI,394,502,108,882
712,ShippingServiceAPI,503,590,87,816
712,NotificationAPI,592,696,104,814
713,UserAuthAPI,1,76,75,1986
713,ProductCatalogAPI,71,152,81,902
713,InventoryCheckAPI,156,264,108,679
713,FraudDetectionAPI,266,352,86,1047
713,PaymentGatewayAPI,353,468,115,1605
713,ShippingServiceAPI,469,551,82,533
713,NotificationAPI,553,641,88,1157
714,UserAuthAPI,1,97,96,608
714,ProductCatalogAPI,101,164,63,720
714,InventoryCheckAPI,165,242,77,1533
714,FraudDetectionAPI,244,294,50,587
714,PaymentGatewayAPI,295,355,60,1671
714,ShippingServiceAPI,357,443,86,1410
714,NotificationAPI,444,545,101,1401
715,UserAuthAPI,1,116,115,877
715,ProductCatalogAPI,118,170,52,708
715,InventoryCheckAPI,172,252,80,1485
715,FraudDetectionAPI,254,305,51,1752
715,PaymentGatewayAPI,307,396,89,1973
715,ShippingServiceAPI,399,476,77,1712
715,NotificationAPI,479,577,98,519
716,UserAuthAPI,1,55,54,561
716,ProductCatalogAPI,57,99,42,1646
716,InventoryCheckAPI,103,177,74,954
716,FraudDetectionAPI,178,218,40,1222
716,PaymentGatewayAPI,219,334,115,1735
716,ShippingServiceAPI,336,434,98,560
716,NotificationAPI,435,492,57,1670
717,UserAuthAPI,1,105,104,796
717,ProductCatalogAPI,107,200,93,1979
717,InventoryCheckAPI,195,284,89,1754
717,FraudDetectionAPI,287,406,119,629
717,PaymentGatewayAPI,401,456,55,1899
717,ShippingServiceAPI,458,563,105,1238
717,NotificationAPI,566,674,108,1141
718,UserAuthAPI,1,102,101,1301
718,ProductCatalogAPI,97,192,95,1066
718,InventoryCheckAPI,196,260,64,839
718,FraudDetectionAPI,262,315,53,1967
718,PaymentGatewayAPI,317,399,82,1502
718,ShippingServiceAPI,400,515,115,1635
718,NotificationAPI,517,558,41,1449
719,UserAuthAPI,1,83,82,1456
719,ProductCatalogAPI,84,174,90,1949
719,InventoryCheckAPI,175,244,69,1432
719,FraudDetectionAPI,245,337,92,1202
719,PaymentGatewayAPI,340,457,117,1418
719,ShippingServiceAPI,459,548,89,584
719,NotificationAPI,550,593,43,1492
720,UserAuthAPI,1,118,117,1262
720,ProductCatalogAPI,120,177,57,1298
720,InventoryCheckAPI,181,241,60,1186
720,FraudDetectionAPI,242,349,107,1976
720,PaymentGatewayAPI,351,464,113,718
720,ShippingServiceAPI,465,581,116,584
720,NotificationAPI,582,666,84,1858
721,UserAuthAPI,1,85,84,1706
721,ProductCatalogAPI,87,158,71,849
721,InventoryCheckAPI,160,212,52,1720
721,FraudDetectionAPI,214,273,59,1258
721,PaymentGatewayAPI,275,387,112,904
721,ShippingServiceAPI,388,488,100,1479
721,NotificationAPI,490,583,93,894
722,UserAuthAPI,1,51,50,1361
722,ProductCatalogAPI,54,131,77,1968
722,InventoryCheckAPI,133,237,104,886
722,FraudDetectionAPI,240,293,53,785
722,PaymentGatewayAPI,296,404,108,868
722,ShippingServiceAPI,406,523,117,1153
722,NotificationAPI,527,574,47,1523
723,UserAuthAPI,1,72,71,594
723,ProductCatalogAPI,73,187,114,1678
723,InventoryCheckAPI,189,254,65,678
723,FraudDetectionAPI,257,305,48,1266
723,PaymentGatewayAPI,308,399,91,1705
723,ShippingServiceAPI,400,508,108,1025
723,NotificationAPI,511,574,63,1792
724,UserAuthAPI,1,112,111,1190
724,ProductCatalogAPI,114,216,102,1517
724,InventoryCheckAPI,218,264,46,611
724,FraudDetectionAPI,266,385,119,875
724,PaymentGatewayAPI,387,429,42,541
724,ShippingServiceAPI,430,520,90,1156
724,NotificationAPI,522,581,59,1665
725,UserAuthAPI,1,67,66,1566
725,ProductCatalogAPI,68,115,47,1097
725,InventoryCheckAPI,116,165,49,1936
725,FraudDetectionAPI,167,271,104,1511
725,PaymentGatewayAPI,273,336,63,956
725,ShippingServiceAPI,339,404,65,764
725,NotificationAPI,408,483,75,1769
726,UserAuthAPI,1,62,61,1592
726,ProductCatalogAPI,64,175,111,1501
726,InventoryCheckAPI,170,222,52,583
726,FraudDetectionAPI,224,300,76,722
726,PaymentGatewayAPI,303,363,60,1692
726,ShippingServiceAPI,365,446,81,1269
726,NotificationAPI,447,547,100,1025
727,UserAuthAPI,1,61,60,1419
727,ProductCatalogAPI,56,140,84,1971
727,InventoryCheckAPI,143,208,65,1683
727,FraudDetectionAPI,203,295,92,1684
727,PaymentGatewayAPI,299,356,57,1919
727,ShippingServiceAPI,359,408,49,1250
727,NotificationAPI,411,517,106,666
728,UserAuthAPI,1,69,68,1673
728,ProductCatalogAPI,70,170,100,1566
728,InventoryCheckAPI,173,243,70,1192
728,FraudDetectionAPI,245,322,77,940
728,PaymentGatewayAPI,317,358,41,1023
728,ShippingServiceAPI,361,472,111,1928
728,NotificationAPI,473,573,100,662
729,UserAuthAPI,1,111,110,898
729,ProductCatalogAPI,112,219,107,1555
729,InventoryCheckAPI,221,287,66,609
729,FraudDetectionAPI,288,371,83,1501
729,PaymentGatewayAPI,373,421,48,533
729,ShippingServiceAPI,422,476,54,1457
729,NotificationAPI,477,588,111,1069
730,UserAuthAPI,1,59,58,1027
730,ProductCatalogAPI,60,107,47,573
730,InventoryCheckAPI,108,182,74,1521
730,FraudDetectionAPI,185,227,42,1243
730,PaymentGatewayAPI,222,289,67,1075
730,ShippingServiceAPI,290,343,53,1402
730,NotificationAPI,345,415,70,720
731,UserAuthAPI,1,91,90,1808
731,ProductCatalogAPI,94,148,54,1395
731,InventoryCheckAPI,143,207,64,1456
731,FraudDetectionAPI,202,245,43,739
731,PaymentGatewayAPI,240,310,70,1206
731,ShippingServiceAPI,311,367,56,1845
731,NotificationAPI,368,431,63,854
732,UserAuthAPI,1,59,58,1845
732,ProductCatalogAPI,61,166,105,1026
732,InventoryCheckAPI,168,242,74,1208
732,FraudDetectionAPI,245,291,46,1529
732,PaymentGatewayAPI,293,365,72,1377
732,ShippingServiceAPI,366,477,111,1466
732,NotificationAPI,478,518,40,1858
733,UserAuthAPI,1,92,91,1174
733,ProductCatalogAPI,87,131,44,1751
733,InventoryCheckAPI,134,225,91,1153
733,FraudDetectionAPI,228,275,47,859
733,PaymentGatewayAPI,276,351,75,664
733,ShippingServiceAPI,353,445,92,1747
733,NotificationAPI,448,499,51,1575
734,UserAuthAPI,1,57,56,1650
734,ProductCatalogAPI,58,168,110,772
734,InventoryCheckAPI,170,238,68,521
734,FraudDetectionAPI,239,328,89,1257
734,PaymentGatewayAPI,331,400,69,1162
734,ShippingServiceAPI,401,487,86,904
734,NotificationAPI,488,595,107,1416
735,UserAuthAPI,1,55,54,550
735,ProductCatalogAPI,57,155,98,1094
735,InventoryCheckAPI,157,230,73,1785
735,FraudDetectionAPI,234,279,45,1641
735,PaymentGatewayAPI,283,399,116,896
735,ShippingServiceAPI,401,511,110,1895
735,NotificationAPI,513,569,56,1184
736,UserAuthAPI,1,98,97,1195
736,ProductCatalogAPI,99,167,68,601
736,InventoryCheckAPI,168,234,66,1640
736,FraudDetectionAPI,235,305,70,1175
736,PaymentGatewayAPI,300,376,76,1718
736,ShippingServiceAPI,377,421,44,1730
736,NotificationAPI,422,467,45,878
737,UserAuthAPI,1,63,62,1507
737,ProductCatalogAPI,64,147,83,1052
737,InventoryCheckAPI,151,248,97,1225
737,FraudDetectionAPI,243,352,109,1458
737,PaymentGatewayAPI,353,436,83,1120
737,ShippingServiceAPI,431,514,83,566
737,NotificationAPI,515,632,117,1285
738,UserAuthAPI,1,100,99,1597
738,ProductCatalogAPI,101,213,112,1207
738,InventoryCheckAPI,214,301,87,1595
738,FraudDetectionAPI,302,342,40,1320
738,PaymentGatewayAPI,344,395,51,1553
738,ShippingServiceAPI,396,442,46,1615
738,NotificationAPI,443,545,102,1913
739,UserAuthAPI,1,55,54,1722
739,ProductCatalogAPI,57,114,57,1417
739,InventoryCheckAPI,118,218,100,1832
739,FraudDetectionAPI,221,300,79,843
739,PaymentGatewayAPI,303,363,60,530
739,ShippingServiceAPI,365,431,66,572
739,NotificationAPI,433,505,72,1869
740,UserAuthAPI,1,83,82,786
740,ProductCatalogAPI,85,200,115,900
740,InventoryCheckAPI,202,321,119,1851
740,FraudDetectionAPI,324,442,118,527
740,PaymentGatewayAPI,446,502,56,1325
740,ShippingServiceAPI,503,551,48,1810
740,NotificationAPI,554,655,101,518
741,UserAuthAPI,1,114,113,810
741,ProductCatalogAPI,117,206,89,1076
741,InventoryCheckAPI,209,327,118,1447
741,FraudDetectionAPI,322,398,76,1866
741,PaymentGatewayAPI,401,514,113,619
741,ShippingServiceAPI,518,596,78,888
741,NotificationAPI,599,702,103,1211
742,UserAuthAPI,1,116,115,1148
742,ProductCatalogAPI,120,169,49,1724
742,InventoryCheckAPI,172,271,99,1490
742,FraudDetectionAPI,273,350,77,1145
742,PaymentGatewayAPI,352,438,86,1001
742,ShippingServiceAPI,441,533,92,949
742,NotificationAPI,534,617,83,1319
743,UserAuthAPI,1,87,86,1319
743,ProductCatalogAPI,90,175,85,1642
743,InventoryCheckAPI,177,266,89,1518
743,FraudDetectionAPI,268,363,95,1582
743,PaymentGatewayAPI,365,448,83,925
743,ShippingServiceAPI,450,546,96,959
743,NotificationAPI,541,624,83,1538
744,UserAuthAPI,1,91,90,808
744,ProductCatalogAPI,93,209,116,1134
744,InventoryCheckAPI,211,320,109,1753
744,FraudDetectionAPI,321,367,46,1613
744,PaymentGatewayAPI,368,456,88,1821
744,ShippingServiceAPI,458,576,118,1192
744,NotificationAPI,571,647,76,1669
745,UserAuthAPI,1,42,41,1642
745,ProductCatalogAPI,44,146,102,1526
745,InventoryCheckAPI,150,238,88,1780
745,FraudDetectionAPI,239,292,53,719
745,PaymentGatewayAPI,294,339,45,1001
745,ShippingServiceAPI,334,377,43,630
745,NotificationAPI,378,448,70,1429
746,UserAuthAPI,1,94,93,1774
746,ProductCatalogAPI,98,162,64,1794
746,InventoryCheckAPI,166,257,91,1717
746,FraudDetectionAPI,252,370,118,679
746,PaymentGatewayAPI,365,478,113,513
746,ShippingServiceAPI,480,533,53,598
746,NotificationAPI,537,577,40,533
747,UserAuthAPI,1,44,43,1088
747,ProductCatalogAPI,46,94,48,858
747,InventoryCheckAPI,96,202,106,1639
747,FraudDetectionAPI,205,306,101,1453
747,PaymentGatewayAPI,309,415,106,1996
747,ShippingServiceAPI,416,463,47,1468
747,NotificationAPI,465,557,92,1078
748,UserAuthAPI,1,53,52,1759
748,ProductCatalogAPI,57,115,58,1242
748,InventoryCheckAPI,117,219,102,903
748,FraudDetectionAPI,223,293,70,1853
748,PaymentGatewayAPI,296,355,59,1150
748,ShippingServiceAPI,350,433,83,1605
748,NotificationAPI,434,507,73,1066
749,UserAuthAPI,1,41,40,755
749,ProductCatalogAPI,43,91,48,1362
749,InventoryCheckAPI,92,183,91,645
749,FraudDetectionAPI,185,257,72,759
749,PaymentGatewayAPI,259,350,91,764
749,ShippingServiceAPI,354,401,47,731
749,NotificationAPI,403,505,102,1652
750,UserAuthAPI,1,78,77,1693
750,ProductCatalogAPI,80,172,92,1549
750,InventoryCheckAPI,176,282,106,1449
750,FraudDetectionAPI,283,382,99,1050
750,PaymentGatewayAPI,383,443,60,1315
750,ShippingServiceAPI,444,560,116,1163
750,NotificationAPI,564,624,60,1157
751,UserAuthAPI,1,46,45,670
751,ProductCatalogAPI,47,94,47,1424
751,InventoryCheckAPI,95,192,97,943
751,FraudDetectionAPI,193,263,70,1826
751,PaymentGatewayAPI,266,372,106,1105
751,ShippingServiceAPI,373,419,46,1215
751,NotificationAPI,420,474,54,1857
752,UserAuthAPI,1,54,53,630
752,ProductCatalogAPI,49,142,93,1401
752,InventoryCheckAPI,144,261,117,833
752,FraudDetectionAPI,265,364,99,854
752,PaymentGatewayAPI,368,463,95,1525
752,ShippingServiceAPI,464,543,79,867
752,NotificationAPI,544,650,106,1079
753,UserAuthAPI,1,94,93,1960
753,ProductCatalogAPI,97,168,71,628
753,InventoryCheckAPI,169,243,74,1318
753,FraudDetectionAPI,247,363,116,868
753,PaymentGatewayAPI,364,406,42,737
753,ShippingServiceAPI,408,495,87,637
753,NotificationAPI,497,609,112,1665
754,UserAuthAPI,1,80,79,1338
754,ProductCatalogAPI,75,180,105,1346
754,InventoryCheckAPI,182,273,91,1669
754,FraudDetectionAPI,274,325,51,1162
754,PaymentGatewayAPI,328,431,103,1741
754,ShippingServiceAPI,433,506,73,629
754,NotificationAPI,507,614,107,1977
755,UserAuthAPI,1,59,58,1907
755,ProductCatalogAPI,60,171,111,1626
755,InventoryCheckAPI,173,218,45,698
755,FraudDetectionAPI,222,288,66,578
755,PaymentGatewayAPI,290,377,87,1252
755,ShippingServiceAPI,381,488,107,671
755,NotificationAPI,483,560,77,893
756,UserAuthAPI,1,46,45,747
756,ProductCatalogAPI,47,101,54,1847
756,InventoryCheckAPI,104,199,95,506
756,FraudDetectionAPI,200,303,103,1888
756,PaymentGatewayAPI,305,402,97,1810
756,ShippingServiceAPI,397,449,52,1669
756,NotificationAPI,451,565,114,614
757,UserAuthAPI,1,97,96,881
757,ProductCatalogAPI,98,191,93,1656
757,InventoryCheckAPI,193,287,94,1600
757,FraudDetectionAPI,291,408,117,817
757,PaymentGatewayAPI,403,482,79,1677
757,ShippingServiceAPI,486,530,44,1744
757,NotificationAPI,525,613,88,1743
758,UserAuthAPI,1,87,86,1246
758,ProductCatalogAPI,88,165,77,947
758,InventoryCheckAPI,166,275,109,1588
758,FraudDetectionAPI,278,332,54,725
758,PaymentGatewayAPI,333,439,106,792
758,ShippingServiceAPI,440,517,77,1268
758,NotificationAPI,519,577,58,1575
759,UserAuthAPI,1,95,94,1537
759,ProductCatalogAPI,98,164,66,1612
759,InventoryCheckAPI,167,254,87,1791
759,FraudDetectionAPI,249,322,73,1518
759,PaymentGatewayAPI,323,368,45,1397
759,ShippingServiceAPI,371,426,55,1679
759,NotificationAPI,427,476,49,637
760,UserAuthAPI,1,113,112,655
760,ProductCatalogAPI,114,221,107,1707
760,InventoryCheckAPI,224,275,51,1657
760,FraudDetectionAPI,277,358,81,1461
760,PaymentGatewayAPI,361,442,81,789
760,ShippingServiceAPI,446,502,56,1936
760,NotificationAPI,503,618,115,1234
761,UserAuthAPI,1,101,100,1478
761,ProductCatalogAPI,96,152,56,1883
761,InventoryCheckAPI,153,246,93,1136
761,FraudDetectionAPI,247,293,46,891
761,PaymentGatewayAPI,295,372,77,1321
761,ShippingServiceAPI,373,462,89,1451
761,NotificationAPI,463,511,48,763
762,UserAuthAPI,1,91,90,1723
762,ProductCatalogAPI,92,199,107,530
762,InventoryCheckAPI,200,282,82,1789
762,FraudDetectionAPI,286,355,69,1873
762,PaymentGatewayAPI,356,427,71,1980
762,ShippingServiceAPI,428,530,102,1421
762,NotificationAPI,533,647,114,1085
763,UserAuthAPI,1,53,52,1296
763,ProductCatalogAPI,54,170,116,1132
763,InventoryCheckAPI,172,216,44,1601
763,FraudDetectionAPI,219,266,47,1827
763,PaymentGatewayAPI,261,379,118,1204
763,ShippingServiceAPI,380,470,90,1243
763,NotificationAPI,473,590,117,988
764,UserAuthAPI,1,95,94,1898
764,ProductCatalogAPI,98,179,81,1032
764,InventoryCheckAPI,181,245,64,1835
764,FraudDetectionAPI,247,347,100,1635
764,PaymentGatewayAPI,349,434,85,1233
764,ShippingServiceAPI,438,520,82,817
764,NotificationAPI,522,565,43,1588
765,UserAuthAPI,1,42,41,1660
765,ProductCatalogAPI,44,128,84,1157
765,InventoryCheckAPI,130,211,81,1308
765,FraudDetectionAPI,213,310,97,1751
765,PaymentGatewayAPI,311,388,77,1590
765,ShippingServiceAPI,389,478,89,1371
765,NotificationAPI,482,600,118,800
766,UserAuthAPI,1,57,56,1504
766,ProductCatalogAPI,60,176,116,1835
766,InventoryCheckAPI,179,259,80,1017
766,FraudDetectionAPI,260,374,114,729
766,PaymentGatewayAPI,369,417,48,507
766,ShippingServiceAPI,421,527,106,1792
766,NotificationAPI,529,617,88,963
767,UserAuthAPI,1,118,117,1681
767,ProductCatalogAPI,120,218,98,807
767,InventoryCheckAPI,219,273,54,620
767,FraudDetectionAPI,275,319,44,595
767,PaymentGatewayAPI,320,404,84,1039
767,ShippingServiceAPI,407,514,107,832
767,NotificationAPI,516,603,87,1952
768,UserAuthAPI,1,98,97,1013
768,ProductCatalogAPI,93,150,57,676
768,InventoryCheckAPI,152,206,54,1412
768,FraudDetectionAPI,207,316,109,1872
768,PaymentGatewayAPI,320,408,88,563
768,ShippingServiceAPI,410,513,103,829
768,NotificationAPI,515,598,83,1540
769,UserAuthAPI,1,92,91,943
769,ProductCatalogAPI,93,196,103,1768
769,InventoryCheckAPI,199,309,110,1369
769,FraudDetectionAPI,311,362,51,892
769,PaymentGatewayAPI,364,453,89,1243
769,ShippingServiceAPI,448,497,49,1535
769,NotificationAPI,501,555,54,527
770,UserAuthAPI,1,105,104,749
770,ProductCatalogAPI,107,193,86,1860
770,InventoryCheckAPI,196,279,83,678
770,FraudDetectionAPI,282,347,65,1249
770,PaymentGatewayAPI,350,390,40,808
770,ShippingServiceAPI,394,435,41,748
770,NotificationAPI,430,538,108,1485
771,UserAuthAPI,1,87,86,1589
771,ProductCatalogAPI,88,186,98,1230
771,InventoryCheckAPI,187,236,49,735
771,FraudDetectionAPI,239,293,54,1964
771,PaymentGatewayAPI,295,413,118,1088
771,ShippingServiceAPI,414,475,61,1633
771,NotificationAPI,479,558,79,1937
772,UserAuthAPI,1,85,84,1221
772,ProductCatalogAPI,88,154,66,1721
772,InventoryCheckAPI,149,196,47,1259
772,FraudDetectionAPI,198,255,57,1857
772,PaymentGatewayAPI,257,322,65,1448
772,ShippingServiceAPI,324,391,67,1519
772,NotificationAPI,394,465,71,1344
773,UserAuthAPI,1,110,109,1171
773,ProductCatalogAPI,112,191,79,1403
773,InventoryCheckAPI,195,303,108,1393
773,FraudDetectionAPI,304,421,117,648
773,PaymentGatewayAPI,423,479,56,1413
773,ShippingServiceAPI,481,536,55,759
773,NotificationAPI,537,622,85,704
774,UserAuthAPI,1,65,64,1626
774,ProductCatalogAPI,66,170,104,1640
774,InventoryCheckAPI,165,240,75,1605
774,FraudDetectionAPI,242,348,106,1761
774,PaymentGatewayAPI,350,437,87,1478
774,ShippingServiceAPI,439,556,117,566
774,NotificationAPI,559,642,83,1778
775,UserAuthAPI,1,59,58,691
775,ProductCatalogAPI,61,171,110,1377
775,InventoryCheckAPI,172,274,102,1820
775,FraudDetectionAPI,276,324,48,1271
775,PaymentGatewayAPI,325,440,115,1410
775,ShippingServiceAPI,443,548,105,683
775,NotificationAPI,550,657,107,659
776,UserAuthAPI,1,69,68,565
776,ProductCatalogAPI,71,137,66,1583
776,InventoryCheckAPI,138,221,83,535
776,FraudDetectionAPI,225,309,84,1740
776,PaymentGatewayAPI,311,422,111,1030
776,ShippingServiceAPI,426,493,67,1847
776,NotificationAPI,495,585,90,1981
777,UserAuthAPI,1,50,49,1980
777,ProductCatalogAPI,53,111,58,1075
777,InventoryCheckAPI,113,228,115,1841
777,FraudDetectionAPI,232,313,81,1384
777,PaymentGatewayAPI,315,359,44,580
777,ShippingServiceAPI,360,420,60,1737
777,NotificationAPI,421,466,45,1219
778,UserAuthAPI,1,41,40,1453
778,ProductCatalogAPI,43,119,76,1571
778,InventoryCheckAPI,121,179,58,1569
778,FraudDetectionAPI,180,275,95,1240
778,PaymentGatewayAPI,277,395,118,782
778,ShippingServiceAPI,396,467,71,1839
778,NotificationAPI,470,537,67,1679
779,UserAuthAPI,1,65,64,1352
779,ProductCatalogAPI,68,133,65,863
779,InventoryCheckAPI,135,245,110,965
779,FraudDetectionAPI,246,349,103,1159
779,PaymentGatewayAPI,353,450,97,1795
779,ShippingServiceAPI,445,511,66,1086
779,NotificationAPI,513,612,99,1134
780,UserAuthAPI,1,80,79,1334
780,ProductCatalogAPI,84,171,87,1191
780,InventoryCheckAPI,172,289,117,1477
780,FraudDetectionAPI,290,349,59,789
780,PaymentGatewayAPI,353,467,114,1998
780,ShippingServiceAPI,468,551,83,1334
780,NotificationAPI,553,622,69,1490
781,UserAuthAPI,1,81,80,1415
781,ProductCatalogAPI,83,197,114,982
781,InventoryCheckAPI,198,247,49,1360
781,FraudDetectionAPI,248,295,47,748
781,PaymentGatewayAPI,299,401,102,1940
781,ShippingServiceAPI,402,472,70,776
781,NotificationAPI,474,579,105,790
782,UserAuthAPI,1,56,55,1707
782,ProductCatalogAPI,59,157,98,1791
782,InventoryCheckAPI,159,210,51,788
782,FraudDetectionAPI,211,299,88,520
782,PaymentGatewayAPI,294,387,93,1946
782,ShippingServiceAPI,389,492,103,713
782,NotificationAPI,495,541,46,1467
783,UserAuthAPI,1,64,63,539
783,ProductCatalogAPI,67,153,86,1147
783,InventoryCheckAPI,154,196,42,1362
783,FraudDetectionAPI,198,305,107,1008
783,PaymentGatewayAPI,308,421,113,1374
783,ShippingServiceAPI,423,467,44,1662
783,NotificationAPI,469,587,118,569
784,UserAuthAPI,1,74,73,1583
784,ProductCatalogAPI,76,117,41,1859
784,InventoryCheckAPI,119,207,88,1601
784,FraudDetectionAPI,211,298,87,1107
784,PaymentGatewayAPI,301,389,88,1699
784,ShippingServiceAPI,391,459,68,1168
784,NotificationAPI,460,522,62,782
785,UserAuthAPI,1,47,46,804
785,ProductCatalogAPI,48,155,107,1729
785,InventoryCheckAPI,156,269,113,1710
785,FraudDetectionAPI,271,336,65,1930
785,PaymentGatewayAPI,331,378,47,1576
785,ShippingServiceAPI,379,425,46,1270
785,NotificationAPI,429,512,83,585
786,UserAuthAPI,1,98,97,1679
786,ProductCatalogAPI,101,149,48,1165
786,InventoryCheckAPI,151,224,73,794
786,FraudDetectionAPI,226,270,44,1034
786,PaymentGatewayAPI,271,339,68,610
786,ShippingServiceAPI,341,459,118,1268
786,NotificationAPI,454,555,101,737
787,UserAuthAPI,1,99,98,881
787,ProductCatalogAPI,100,170,70,1816
787,InventoryCheckAPI,171,262,91,1208
787,FraudDetectionAPI,265,315,50,1054
787,PaymentGatewayAPI,317,396,79,1074
787,ShippingServiceAPI,397,515,118,1354
787,NotificationAPI,519,605,86,1115
788,UserAuthAPI,1,99,98,1761
788,ProductCatalogAPI,102,171,69,1120
788,InventoryCheckAPI,172,270,98,1881
788,FraudDetectionAPI,271,362,91,645
788,PaymentGatewayAPI,365,462,97,744
788,ShippingServiceAPI,463,556,93,1367
788,NotificationAPI,560,645,85,979
789,UserAuthAPI,1,56,55,1825
789,ProductCatalogAPI,57,157,100,1313
789,InventoryCheckAPI,161,235,74,1092
789,FraudDetectionAPI,238,322,84,873
789,PaymentGatewayAPI,326,412,86,962
789,ShippingServiceAPI,413,518,105,926
789,NotificationAPI,519,619,100,920
790,UserAuthAPI,1,111,110,762
790,ProductCatalogAPI,112,203,91,927
790,InventoryCheckAPI,205,272,67,606
790,FraudDetectionAPI,267,307,40,542
790,PaymentGatewayAPI,308,397,89,687
790,ShippingServiceAPI,400,455,55,1690
790,NotificationAPI,458,530,72,586
791,UserAuthAPI,1,57,56,844
791,ProductCatalogAPI,60,105,45,1554
791,InventoryCheckAPI,100,179,79,913
791,FraudDetectionAPI,182,228,46,1024
791,PaymentGatewayAPI,230,319,89,1245
791,ShippingServiceAPI,320,424,104,1886
791,NotificationAPI,428,484,56,1723
792,UserAuthAPI,1,91,90,1796
792,ProductCatalogAPI,93,156,63,1193
792,InventoryCheckAPI,157,242,85,931
792,FraudDetectionAPI,244,310,66,1396
792,PaymentGatewayAPI,313,362,49,722
792,ShippingServiceAPI,363,459,96,1845
792,NotificationAPI,460,514,54,911
793,UserAuthAPI,1,54,53,949
793,ProductCatalogAPI,56,120,64,1891
793,InventoryCheckAPI,124,242,118,1791
793,FraudDetectionAPI,245,315,70,1857
793,PaymentGatewayAPI,316,398,82,955
793,ShippingServiceAPI,402,507,105,1411
793,NotificationAPI,509,564,55,786
794,UserAuthAPI,1,68,67,1149
794,ProductCatalogAPI,69,126,57,1314
794,InventoryCheckAPI,129,204,75,508
794,FraudDetectionAPI,206,261,55,847
794,PaymentGatewayAPI,262,367,105,879
794,ShippingServiceAPI,368,435,67,1450
794,NotificationAPI,430,500,70,1226
795,UserAuthAPI,1,86,85,1572
795,ProductCatalogAPI,88,150,62,1806
795,InventoryCheckAPI,153,195,42,1839
795,FraudDetectionAPI,199,317,118,1274
795,PaymentGatewayAPI,319,427,108,557
795,ShippingServiceAPI,428,515,87,1958
795,NotificationAPI,516,626,110,664
796,UserAuthAPI,1,114,113,1644
796,ProductCatalogAPI,109,189,80,1415
796,InventoryCheckAPI,184,257,73,1329
796,FraudDetectionAPI,259,317,58,926
796,PaymentGatewayAPI,320,369,49,1643
796,ShippingServiceAPI,370,422,52,1744
796,NotificationAPI,425,522,97,1983
797,UserAuthAPI,1,117,116,585
797,ProductCatalogAPI,119,235,116,1140
797,InventoryCheckAPI,237,329,92,1575
797,FraudDetectionAPI,331,428,97,1246
797,PaymentGatewayAPI,430,529,99,1254
797,ShippingServiceAPI,531,598,67,1938
797,NotificationAPI,599,643,44,1885
798,UserAuthAPI,1,57,56,921
798,ProductCatalogAPI,52,169,117,1281
798,InventoryCheckAPI,172,273,101,846
798,FraudDetectionAPI,276,351,75,1877
798,PaymentGatewayAPI,354,396,42,714
798,ShippingServiceAPI,397,494,97,1413
798,NotificationAPI,495,578,83,1232
799,UserAuthAPI,1,109,108,715
799,ProductCatalogAPI,112,218,106,757
799,InventoryCheckAPI,220,278,58,923
799,FraudDetectionAPI,273,377,104,689
799,PaymentGatewayAPI,379,463,84,1258
799,ShippingServiceAPI,458,546,88,1750
799,NotificationAPI,548,625,77,1911
800,UserAuthAPI,1,93,92,712
800,ProductCatalogAPI,97,167,70,1251
800,InventoryCheckAPI,168,241,73,642
800,FraudDetectionAPI,242,291,49,985
800,PaymentGatewayAPI,292,379,87,1042
800,ShippingServiceAPI,374,441,67,1170
800,NotificationAPI,443,498,55,1548
801,UserAuthAPI,1,78,77,1626
801,ProductCatalogAPI,81,160,79,734
801,InventoryCheckAPI,162,217,55,1605
801,FraudDetectionAPI,220,270,50,1720
801,PaymentGatewayAPI,273,325,52,1082
801,ShippingServiceAPI,327,437,110,871
801,NotificationAPI,440,510,70,1318
802,UserAuthAPI,1,73,72,1960
802,ProductCatalogAPI,76,187,111,916
802,InventoryCheckAPI,191,249,58,1992
802,FraudDetectionAPI,250,331,81,1131
802,PaymentGatewayAPI,332,404,72,1799
802,ShippingServiceAPI,408,499,91,659
802,NotificationAPI,502,609,107,898
803,UserAuthAPI,1,109,108,1080
803,ProductCatalogAPI,104,178,74,878
803,InventoryCheckAPI,179,281,102,1463
803,FraudDetectionAPI,284,349,65,733
803,PaymentGatewayAPI,351,451,100,1886
803,ShippingServiceAPI,454,567,113,715
803,NotificationAPI,568,679,111,1484
804,UserAuthAPI,1,47,46,1570
804,ProductCatalogAPI,48,88,40,880
804,InventoryCheckAPI,90,182,92,1103
804,FraudDetectionAPI,183,237,54,599
804,PaymentGatewayAPI,232,338,106,1715
804,ShippingServiceAPI,333,382,49,763
804,NotificationAPI,385,483,98,694
805,UserAuthAPI,1,63,62,1819
805,ProductCatalogAPI,66,183,117,1257
805,InventoryCheckAPI,187,303,116,1669
805,FraudDetectionAPI,306,346,40,1264
805,PaymentGatewayAPI,349,430,81,1290
805,ShippingServiceAPI,434,544,110,1170
805,NotificationAPI,548,617,69,1685
806,UserAuthAPI,1,109,108,632
806,ProductCatalogAPI,110,187,77,1072
806,InventoryCheckAPI,189,274,85,1041
806,FraudDetectionAPI,269,341,72,1245
806,PaymentGatewayAPI,343,424,81,1329
806,ShippingServiceAPI,425,465,40,857
806,NotificationAPI,467,575,108,1326
807,UserAuthAPI,1,74,73,600
807,ProductCatalogAPI,76,157,81,528
807,InventoryCheckAPI,159,252,93,1902
807,FraudDetectionAPI,255,361,106,1015
807,PaymentGatewayAPI,356,415,59,1034
807,ShippingServiceAPI,417,464,47,1824
807,NotificationAPI,466,512,46,777
808,UserAuthAPI,1,55,54,625
808,ProductCatalogAPI,57,152,95,1061
808,InventoryCheckAPI,155,244,89,559
808,FraudDetectionAPI,246,292,46,1435
808,PaymentGatewayAPI,295,409,114,1884
808,ShippingServiceAPI,411,515,104,1179
808,NotificationAPI,516,618,102,629
809,UserAuthAPI,1,90,89,1447
809,ProductCatalogAPI,92,151,59,1734
809,InventoryCheckAPI,153,222,69,1076
809,FraudDetectionAPI,225,311,86,1222
809,PaymentGatewayAPI,312,395,83,1241
809,ShippingServiceAPI,398,505,107,900
809,NotificationAPI,506,550,44,1011
810,UserAuthAPI,1,90,89,602
810,ProductCatalogAPI,94,179,85,1791
810,InventoryCheckAPI,182,229,47,1972
810,FraudDetectionAPI,231,272,41,1408
810,PaymentGatewayAPI,275,382,107,889
810,ShippingServiceAPI,377,419,42,893
810,NotificationAPI,422,475,53,648
811,UserAuthAPI,1,68,67,1672
811,ProductCatalogAPI,69,162,93,665
811,InventoryCheckAPI,163,247,84,1341
811,FraudDetectionAPI,242,342,100,793
811,PaymentGatewayAPI,337,419,82,914
811,ShippingServiceAPI,420,496,76,930
811,NotificationAPI,497,559,62,1943
812,UserAuthAPI,1,55,54,1399
812,ProductCatalogAPI,58,119,61,705
812,InventoryCheckAPI,121,232,111,1357
812,FraudDetectionAPI,233,352,119,1105
812,PaymentGatewayAPI,347,410,63,1751
812,ShippingServiceAPI,413,520,107,1477
812,NotificationAPI,522,602,80,1086
813,UserAuthAPI,1,120,119,1950
813,ProductCatalogAPI,121,216,95,1884
813,InventoryCheckAPI,220,316,96,1702
813,FraudDetectionAPI,318,430,112,714
813,PaymentGatewayAPI,433,535,102,1596
813,ShippingServiceAPI,538,640,102,1542
813,NotificationAPI,643,738,95,1800
814,UserAuthAPI,1,57,56,1604
814,ProductCatalogAPI,58,162,104,1566
814,InventoryCheckAPI,157,233,76,1187
814,FraudDetectionAPI,234,329,95,1130
814,PaymentGatewayAPI,332,402,70,1066
814,ShippingServiceAPI,405,517,112,1247
814,NotificationAPI,518,573,55,576
815,UserAuthAPI,1,93,92,939
815,ProductCatalogAPI,88,182,94,1831
815,InventoryCheckAPI,184,263,79,1753
815,FraudDetectionAPI,264,313,49,1114
815,PaymentGatewayAPI,315,389,74,1995
815,ShippingServiceAPI,393,452,59,1107
815,NotificationAPI,454,542,88,589
816,UserAuthAPI,1,83,82,1137
816,ProductCatalogAPI,78,193,115,1812
816,InventoryCheckAPI,195,279,84,800
816,FraudDetectionAPI,280,336,56,639
816,PaymentGatewayAPI,339,401,62,1010
816,ShippingServiceAPI,404,455,51,613
816,NotificationAPI,457,547,90,1136
817,UserAuthAPI,1,95,94,1374
817,ProductCatalogAPI,90,173,83,1441
817,InventoryCheckAPI,175,217,42,903
817,FraudDetectionAPI,218,313,95,1988
817,PaymentGatewayAPI,315,409,94,1686
817,ShippingServiceAPI,411,489,78,1606
817,NotificationAPI,491,571,80,1417
818,UserAuthAPI,1,67,66,1416
818,ProductCatalogAPI,70,136,66,664
818,InventoryCheckAPI,139,187,48,1862
818,FraudDetectionAPI,189,264,75,765
818,PaymentGatewayAPI,267,360,93,890
818,ShippingServiceAPI,361,476,115,675
818,NotificationAPI,479,591,112,1430
819,UserAuthAPI,1,108,107,1325
819,ProductCatalogAPI,110,211,101,1850
819,InventoryCheckAPI,213,296,83,726
819,FraudDetectionAPI,299,363,64,976
819,PaymentGatewayAPI,366,445,79,1337
819,ShippingServiceAPI,449,554,105,875
819,NotificationAPI,549,659,110,842
820,UserAuthAPI,1,76,75,803
820,ProductCatalogAPI,77,123,46,1230
820,InventoryCheckAPI,124,180,56,915
820,FraudDetectionAPI,175,236,61,896
820,PaymentGatewayAPI,237,347,110,500
820,ShippingServiceAPI,348,401,53,1774
820,NotificationAPI,403,485,82,1259
821,UserAuthAPI,1,108,107,1638
821,ProductCatalogAPI,103,183,80,981
821,InventoryCheckAPI,186,304,118,964
821,FraudDetectionAPI,308,356,48,1503
821,PaymentGatewayAPI,359,421,62,1449
821,ShippingServiceAPI,422,487,65,1409
821,NotificationAPI,482,595,113,564
822,UserAuthAPI,1,89,88,1573
822,ProductCatalogAPI,92,188,96,1865
822,InventoryCheckAPI,190,231,41,994
822,FraudDetectionAPI,233,352,119,1979
822,PaymentGatewayAPI,355,448,93,701
822,ShippingServiceAPI,451,521,70,1148
822,NotificationAPI,522,609,87,1541
823,UserAuthAPI,1,51,50,1969
823,ProductCatalogAPI,52,165,113,1792
823,InventoryCheckAPI,166,251,85,1687
823,FraudDetectionAPI,254,310,56,1699
823,PaymentGatewayAPI,313,376,63,1898
823,ShippingServiceAPI,377,417,40,1986
823,NotificationAPI,420,537,117,1194
824,UserAuthAPI,1,48,47,1741
824,ProductCatalogAPI,51,110,59,803
824,InventoryCheckAPI,113,208,95,1239
824,FraudDetectionAPI,203,294,91,933
824,PaymentGatewayAPI,296,396,100,1495
824,ShippingServiceAPI,398,455,57,1594
824,NotificationAPI,458,529,71,1310
825,UserAuthAPI,1,105,104,1942
825,ProductCatalogAPI,109,160,51,703
825,InventoryCheckAPI,163,260,97,946
825,FraudDetectionAPI,263,351,88,1651
825,PaymentGatewayAPI,354,447,93,1570
825,ShippingServiceAPI,449,520,71,1494
825,NotificationAPI,523,615,92,1171
826,UserAuthAPI,1,78,77,1197
826,ProductCatalogAPI,81,186,105,1702
826,InventoryCheckAPI,188,247,59,1048
826,FraudDetectionAPI,242,330,88,1286
826,PaymentGatewayAPI,332,378,46,1656
826,ShippingServiceAPI,379,466,87,1914
826,NotificationAPI,469,557,88,1425
827,UserAuthAPI,1,80,79,1830
827,ProductCatalogAPI,83,170,87,1850
827,InventoryCheckAPI,165,224,59,608
827,FraudDetectionAPI,226,289,63,1051
827,PaymentGatewayAPI,284,362,78,1712
827,ShippingServiceAPI,357,461,104,1073
827,NotificationAPI,456,501,45,1503
828,UserAuthAPI,1,83,82,709
828,ProductCatalogAPI,84,162,78,527
828,InventoryCheckAPI,164,266,102,999
828,FraudDetectionAPI,268,387,119,1574
828,PaymentGatewayAPI,389,473,84,1613
828,ShippingServiceAPI,476,525,49,1658
828,NotificationAPI,529,583,54,832
829,UserAuthAPI,1,101,100,1584
829,ProductCatalogAPI,96,147,51,715
829,InventoryCheckAPI,142,247,105,1193
829,FraudDetectionAPI,249,327,78,1894
829,PaymentGatewayAPI,329,416,87,1222
829,ShippingServiceAPI,418,482,64,1207
829,NotificationAPI,483,535,52,983
830,UserAuthAPI,1,82,81,1520
830,ProductCatalogAPI,83,189,106,1347
830,InventoryCheckAPI,192,287,95,858
830,FraudDetectionAPI,288,342,54,531
830,PaymentGatewayAPI,344,448,104,526
830,ShippingServiceAPI,452,503,51,1096
830,NotificationAPI,505,549,44,1415
831,UserAuthAPI,1,103,102,1481
831,ProductCatalogAPI,104,216,112,826
831,InventoryCheckAPI,219,274,55,632
831,FraudDetectionAPI,275,361,86,1374
831,PaymentGatewayAPI,356,473,117,1094
831,ShippingServiceAPI,477,576,99,1977
831,NotificationAPI,578,620,42,1685
832,UserAuthAPI,1,42,41,770
832,ProductCatalogAPI,43,142,99,1363
832,InventoryCheckAPI,145,236,91,1366
832,FraudDetectionAPI,240,320,80,1620
832,PaymentGatewayAPI,321,397,76,1051
832,ShippingServiceAPI,398,497,99,1251
832,NotificationAPI,498,556,58,1358
833,UserAuthAPI,1,45,44,1484
833,ProductCatalogAPI,48,117,69,983
833,InventoryCheckAPI,118,173,55,1267
833,FraudDetectionAPI,176,271,95,904
833,PaymentGatewayAPI,266,308,42,978
833,ShippingServiceAPI,303,350,47,1204
833,NotificationAPI,353,399,46,1659
834,UserAuthAPI,1,51,50,1890
834,ProductCatalogAPI,55,105,50,1052
834,InventoryCheckAPI,100,191,91,1205
834,FraudDetectionAPI,194,308,114,1846
834,PaymentGatewayAPI,312,373,61,1129
834,ShippingServiceAPI,377,427,50,543
834,NotificationAPI,428,520,92,1600
835,UserAuthAPI,1,101,100,566
835,ProductCatalogAPI,102,152,50,1150
835,InventoryCheckAPI,155,201,46,1827
835,FraudDetectionAPI,203,306,103,596
835,PaymentGatewayAPI,308,412,104,1941
835,ShippingServiceAPI,413,489,76,1297
835,NotificationAPI,490,576,86,1521
836,UserAuthAPI,1,88,87,1778
836,ProductCatalogAPI,90,209,119,1112
836,InventoryCheckAPI,211,309,98,1147
836,FraudDetectionAPI,311,354,43,500
836,PaymentGatewayAPI,358,406,48,959
836,ShippingServiceAPI,407,496,89,543
836,NotificationAPI,498,585,87,1482
837,UserAuthAPI,1,64,63,712
837,ProductCatalogAPI,67,164,97,860
837,InventoryCheckAPI,165,260,95,709
837,FraudDetectionAPI,264,374,110,988
837,PaymentGatewayAPI,377,422,45,1377
837,ShippingServiceAPI,425,532,107,912
837,NotificationAPI,535,596,61,626
838,UserAuthAPI,1,53,52,1422
838,ProductCatalogAPI,54,170,116,638
838,InventoryCheckAPI,172,228,56,723
838,FraudDetectionAPI,230,326,96,1657
838,PaymentGatewayAPI,321,364,43,1150
838,ShippingServiceAPI,368,481,113,874
838,NotificationAPI,483,601,118,1991
839,UserAuthAPI,1,61,60,820
839,ProductCatalogAPI,62,131,69,1371
839,InventoryCheckAPI,132,228,96,1219
839,FraudDetectionAPI,223,279,56,563
839,PaymentGatewayAPI,281,343,62,1169
839,ShippingServiceAPI,345,459,114,1621
839,NotificationAPI,462,553,91,1506
840,UserAuthAPI,1,52,51,1851
840,ProductCatalogAPI,55,123,68,662
840,InventoryCheckAPI,124,194,70,832
840,FraudDetectionAPI,197,297,100,1940
840,PaymentGatewayAPI,292,390,98,795
840,ShippingServiceAPI,392,463,71,1305
840,NotificationAPI,466,518,52,1096
841,UserAuthAPI,1,53,52,1050
841,ProductCatalogAPI,56,109,53,1668
841,InventoryCheckAPI,111,208,97,1202
841,FraudDetectionAPI,211,260,49,699
841,PaymentGatewayAPI,263,309,46,1091
841,ShippingServiceAPI,311,355,44,915
841,NotificationAPI,359,471,112,1673
842,UserAuthAPI,1,84,83,1504
842,ProductCatalogAPI,87,142,55,1566
842,InventoryCheckAPI,144,198,54,1259
842,FraudDetectionAPI,200,248,48,820
842,PaymentGatewayAPI,252,311,59,953
842,ShippingServiceAPI,313,385,72,1347
842,NotificationAPI,389,459,70,821
843,UserAuthAPI,1,68,67,751
843,ProductCatalogAPI,69,173,104,1762
843,InventoryCheckAPI,174,293,119,813
843,FraudDetectionAPI,295,386,91,884
843,PaymentGatewayAPI,389,503,114,1261
843,ShippingServiceAPI,505,619,114,843
843,NotificationAPI,621,738,117,1722
844,UserAuthAPI,1,62,61,727
844,ProductCatalogAPI,66,107,41,1190
844,InventoryCheckAPI,108,209,101,1850
844,FraudDetectionAPI,212,314,102,1378
844,PaymentGatewayAPI,316,433,117,1712
844,ShippingServiceAPI,434,480,46,805
844,NotificationAPI,484,595,111,1261
845,UserAuthAPI,1,54,53,601
845,ProductCatalogAPI,55,159,104,692
845,InventoryCheckAPI,160,219,59,1764
845,FraudDetectionAPI,220,303,83,1718
845,PaymentGatewayAPI,307,391,84,1278
845,ShippingServiceAPI,393,506,113,1173
845,NotificationAPI,510,581,71,1621
846,UserAuthAPI,1,45,44,1714
846,ProductCatalogAPI,49,104,55,1164
846,InventoryCheckAPI,108,176,68,1703
846,FraudDetectionAPI,178,240,62,1429
846,PaymentGatewayAPI,242,315,73,1683
846,ShippingServiceAPI,319,367,48,1973
846,NotificationAPI,368,414,46,635
847,UserAuthAPI,1,58,57,1377
847,ProductCatalogAPI,60,115,55,1800
847,InventoryCheckAPI,119,162,43,1567
847,FraudDetectionAPI,165,259,94,1307
847,PaymentGatewayAPI,261,309,48,1681
847,ShippingServiceAPI,311,394,83,942
847,NotificationAPI,396,505,109,1139
848,UserAuthAPI,1,120,119,973
848,ProductCatalogAPI,123,185,62,832
848,InventoryCheckAPI,187,283,96,625
848,FraudDetectionAPI,278,369,91,777
848,PaymentGatewayAPI,373,451,78,640
848,ShippingServiceAPI,453,558,105,609
848,NotificationAPI,559,612,53,1212
849,UserAuthAPI,1,111,110,1295
849,ProductCatalogAPI,114,199,85,1004
849,InventoryCheckAPI,200,256,56,814
849,FraudDetectionAPI,260,376,116,1477
849,PaymentGatewayAPI,380,456,76,1547
849,ShippingServiceAPI,457,498,41,1353
849,NotificationAPI,501,602,101,1208
850,UserAuthAPI,1,49,48,832
850,ProductCatalogAPI,52,143,91,1802
850,InventoryCheckAPI,144,251,107,798
850,FraudDetectionAPI,255,310,55,1034
850,PaymentGatewayAPI,314,384,70,1644
850,ShippingServiceAPI,385,489,104,1326
850,NotificationAPI,490,547,57,1483
851,UserAuthAPI,1,50,49,1786
851,ProductCatalogAPI,53,137,84,585
851,InventoryCheckAPI,141,194,53,1918
851,FraudDetectionAPI,196,269,73,1199
851,PaymentGatewayAPI,271,349,78,799
851,ShippingServiceAPI,351,406,55,1061
851,NotificationAPI,401,468,67,1847
852,UserAuthAPI,1,100,99,1151
852,ProductCatalogAPI,101,194,93,1060
852,InventoryCheckAPI,195,260,65,811
852,FraudDetectionAPI,262,323,61,1084
852,PaymentGatewayAPI,326,414,88,853
852,ShippingServiceAPI,416,462,46,1266
852,NotificationAPI,464,523,59,977
853,UserAuthAPI,1,107,106,1710
853,ProductCatalogAPI,109,151,42,1195
853,InventoryCheckAPI,153,244,91,762
853,FraudDetectionAPI,246,339,93,515
853,PaymentGatewayAPI,343,441,98,802
853,ShippingServiceAPI,436,539,103,1061
853,NotificationAPI,540,651,111,1033
854,UserAuthAPI,1,45,44,1156
854,ProductCatalogAPI,46,126,80,1871
854,InventoryCheckAPI,129,203,74,777
854,FraudDetectionAPI,204,296,92,1533
854,PaymentGatewayAPI,299,418,119,1253
854,ShippingServiceAPI,421,490,69,518
854,NotificationAPI,493,604,111,1220
855,UserAuthAPI,1,68,67,1518
855,ProductCatalogAPI,71,150,79,1222
855,InventoryCheckAPI,153,212,59,1010
855,FraudDetectionAPI,207,258,51,619
855,PaymentGatewayAPI,260,324,64,1676
855,ShippingServiceAPI,325,368,43,892
855,NotificationAPI,372,437,65,719
856,UserAuthAPI,1,116,115,1110
856,ProductCatalogAPI,117,188,71,1276
856,InventoryCheckAPI,190,285,95,1391
856,FraudDetectionAPI,287,356,69,1923
856,PaymentGatewayAPI,357,462,105,1029
856,ShippingServiceAPI,464,527,63,857
856,NotificationAPI,528,627,99,976
857,UserAuthAPI,1,41,40,810
857,ProductCatalogAPI,44,117,73,1557
857,InventoryCheckAPI,119,226,107,1681
857,FraudDetectionAPI,228,346,118,826
857,PaymentGatewayAPI,350,412,62,1941
857,ShippingServiceAPI,415,507,92,900
857,NotificationAPI,508,608,100,684
858,UserAuthAPI,1,77,76,1914
858,ProductCatalogAPI,79,196,117,776
858,InventoryCheckAPI,191,304,113,713
858,FraudDetectionAPI,305,424,119,1598
858,PaymentGatewayAPI,425,489,64,641
858,ShippingServiceAPI,490,583,93,960
858,NotificationAPI,585,642,57,553
859,UserAuthAPI,1,93,92,899
859,ProductCatalogAPI,96,190,94,1794
859,InventoryCheckAPI,194,249,55,1897
859,FraudDetectionAPI,252,324,72,696
859,PaymentGatewayAPI,326,423,97,663
859,ShippingServiceAPI,418,525,107,1354
859,NotificationAPI,527,572,45,1035
860,UserAuthAPI,1,116,115,1601
860,ProductCatalogAPI,117,168,51,1963
860,InventoryCheckAPI,170,249,79,668
860,FraudDetectionAPI,250,295,45,1226
860,PaymentGatewayAPI,298,370,72,926
860,ShippingServiceAPI,373,477,104,610
860,NotificationAPI,480,527,47,563
861,UserAuthAPI,1,68,67,1877
861,ProductCatalogAPI,70,122,52,1433
861,InventoryCheckAPI,123,224,101,1162
861,FraudDetectionAPI,226,319,93,1842
861,PaymentGatewayAPI,321,428,107,575
861,ShippingServiceAPI,429,543,114,1752
861,NotificationAPI,546,657,111,724
862,UserAuthAPI,1,43,42,859
862,ProductCatalogAPI,45,130,85,500
862,InventoryCheckAPI,133,207,74,1981
862,FraudDetectionAPI,202,295,93,981
862,PaymentGatewayAPI,296,363,67,777
862,ShippingServiceAPI,366,418,52,855
862,NotificationAPI,413,495,82,1098
863,UserAuthAPI,1,107,106,1358
863,ProductCatalogAPI,109,205,96,948
863,InventoryCheckAPI,206,278,72,1638
863,FraudDetectionAPI,279,388,109,879
863,PaymentGatewayAPI,383,446,63,1038
863,ShippingServiceAPI,449,511,62,1172
863,NotificationAPI,513,608,95,1936
864,UserAuthAPI,1,58,57,935
864,ProductCatalogAPI,61,142,81,1233
864,InventoryCheckAPI,144,193,49,1246
864,FraudDetectionAPI,197,305,108,1968
864,PaymentGatewayAPI,307,414,107,1597
864,ShippingServiceAPI,416,463,47,1444
864,NotificationAPI,465,537,72,1756
865,UserAuthAPI,1,42,41,810
865,ProductCatalogAPI,37,93,56,1437
865,InventoryCheckAPI,95,169,74,1992
865,FraudDetectionAPI,164,269,105,1927
865,PaymentGatewayAPI,272,317,45,1066
865,ShippingServiceAPI,319,379,60,806
865,NotificationAPI,382,429,47,567
866,UserAuthAPI,1,107,106,1722
866,ProductCatalogAPI,108,148,40,941
866,InventoryCheckAPI,143,189,46,1720
866,FraudDetectionAPI,190,247,57,1355
866,PaymentGatewayAPI,249,333,84,1981
866,ShippingServiceAPI,335,407,72,980
866,NotificationAPI,408,475,67,1098
867,UserAuthAPI,1,84,83,1347
867,ProductCatalogAPI,85,134,49,858
867,InventoryCheckAPI,129,186,57,515
867,FraudDetectionAPI,187,267,80,1266
867,PaymentGatewayAPI,269,316,47,1995
867,ShippingServiceAPI,318,375,57,1699
867,NotificationAPI,376,482,106,1413
868,UserAuthAPI,1,58,57,555
868,ProductCatalogAPI,59,104,45,1129
868,InventoryCheckAPI,106,206,100,846
868,FraudDetectionAPI,207,251,44,1075
868,PaymentGatewayAPI,254,320,66,1754
868,ShippingServiceAPI,322,396,74,525
868,NotificationAPI,399,441,42,1808
869,UserAuthAPI,1,68,67,970
869,ProductCatalogAPI,70,115,45,1150
869,InventoryCheckAPI,118,191,73,1334
869,FraudDetectionAPI,193,261,68,1071
869,PaymentGatewayAPI,263,371,108,1469
869,ShippingServiceAPI,372,420,48,881
869,NotificationAPI,421,470,49,1881
870,UserAuthAPI,1,98,97,1746
870,ProductCatalogAPI,99,172,73,1046
870,InventoryCheckAPI,173,245,72,1723
870,FraudDetectionAPI,248,295,47,897
870,PaymentGatewayAPI,299,409,110,1577
870,ShippingServiceAPI,404,518,114,1005
870,NotificationAPI,522,563,41,981
871,UserAuthAPI,1,57,56,1345
871,ProductCatalogAPI,59,106,47,1707
871,InventoryCheckAPI,107,158,51,1689
871,FraudDetectionAPI,153,218,65,668
871,PaymentGatewayAPI,221,336,115,1820
871,ShippingServiceAPI,338,378,40,1576
871,NotificationAPI,379,449,70,635
872,UserAuthAPI,1,120,119,1056
872,ProductCatalogAPI,121,205,84,902
872,InventoryCheckAPI,200,307,107,1094
872,FraudDetectionAPI,309,386,77,1766
872,PaymentGatewayAPI,387,462,75,823
872,ShippingServiceAPI,465,567,102,1139
872,NotificationAPI,571,668,97,707
873,UserAuthAPI,1,45,44,738
873,ProductCatalogAPI,47,111,64,1952
873,InventoryCheckAPI,112,158,46,1453
873,FraudDetectionAPI,153,258,105,1946
873,PaymentGatewayAPI,259,316,57,1114
873,ShippingServiceAPI,319,361,42,882
873,NotificationAPI,362,431,69,1790
874,UserAuthAPI,1,97,96,1681
874,ProductCatalogAPI,99,183,84,1641
874,InventoryCheckAPI,178,271,93,1591
874,FraudDetectionAPI,266,336,70,1296
874,PaymentGatewayAPI,338,454,116,860
874,ShippingServiceAPI,457,563,106,1523
874,NotificationAPI,564,629,65,1064
875,UserAuthAPI,1,120,119,530
875,ProductCatalogAPI,121,170,49,1805
875,InventoryCheckAPI,173,256,83,561
875,FraudDetectionAPI,258,306,48,1594
875,PaymentGatewayAPI,308,359,51,1839
875,ShippingServiceAPI,360,477,117,1027
875,NotificationAPI,480,554,74,542
876,UserAuthAPI,1,93,92,1755
876,ProductCatalogAPI,94,175,81,832
876,InventoryCheckAPI,177,232,55,568
876,FraudDetectionAPI,235,325,90,1493
876,PaymentGatewayAPI,328,400,72,1986
876,ShippingServiceAPI,403,481,78,562
876,NotificationAPI,476,567,91,1539
877,UserAuthAPI,1,93,92,1226
877,ProductCatalogAPI,94,186,92,673
877,InventoryCheckAPI,190,244,54,1838
877,FraudDetectionAPI,248,313,65,758
877,PaymentGatewayAPI,314,358,44,1095
877,ShippingServiceAPI,361,480,119,562
877,NotificationAPI,481,545,64,1353
878,UserAuthAPI,1,59,58,1881
878,ProductCatalogAPI,54,172,118,638
878,InventoryCheckAPI,175,238,63,697
878,FraudDetectionAPI,240,329,89,978
878,PaymentGatewayAPI,330,442,112,1021
878,ShippingServiceAPI,443,516,73,1362
878,NotificationAPI,517,599,82,894
879,UserAuthAPI,1,86,85,945
879,ProductCatalogAPI,88,189,101,1971
879,InventoryCheckAPI,192,304,112,1963
879,FraudDetectionAPI,305,366,61,937
879,PaymentGatewayAPI,368,458,90,1725
879,ShippingServiceAPI,459,534,75,1296
879,NotificationAPI,529,637,108,1122
880,UserAuthAPI,1,65,64,899
880,ProductCatalogAPI,67,147,80,1460
880,InventoryCheckAPI,150,209,59,1431
880,FraudDetectionAPI,211,308,97,547
880,PaymentGatewayAPI,309,428,119,1680
880,ShippingServiceAPI,430,504,74,1634
880,NotificationAPI,506,549,43,1124
881,UserAuthAPI,1,73,72,833
881,ProductCatalogAPI,76,140,64,1935
881,InventoryCheckAPI,143,218,75,1277
881,FraudDetectionAPI,213,270,57,740
881,PaymentGatewayAPI,272,318,46,601
881,ShippingServiceAPI,319,399,80,997
881,NotificationAPI,401,465,64,1448
882,UserAuthAPI,1,113,112,505
882,ProductCatalogAPI,115,163,48,1411
882,InventoryCheckAPI,164,258,94,1691
882,FraudDetectionAPI,259,333,74,970
882,PaymentGatewayAPI,334,387,53,1512
882,ShippingServiceAPI,390,500,110,541
882,NotificationAPI,501,606,105,1442
883,UserAuthAPI,1,78,77,1001
883,ProductCatalogAPI,80,163,83,1163
883,InventoryCheckAPI,164,273,109,1561
883,FraudDetectionAPI,275,337,62,1597
883,PaymentGatewayAPI,339,457,118,1775
883,ShippingServiceAPI,459,534,75,1266
883,NotificationAPI,529,640,111,758
884,UserAuthAPI,1,74,73,825
884,ProductCatalogAPI,75,165,90,1238
884,InventoryCheckAPI,167,254,87,1346
884,FraudDetectionAPI,257,312,55,1149
884,PaymentGatewayAPI,314,420,106,732
884,ShippingServiceAPI,423,542,119,508
884,NotificationAPI,546,634,88,880
885,UserAuthAPI,1,88,87,984
885,ProductCatalogAPI,90,185,95,656
885,InventoryCheckAPI,186,299,113,1698
885,FraudDetectionAPI,300,366,66,1969
885,PaymentGatewayAPI,367,451,84,1929
885,ShippingServiceAPI,452,558,106,788
885,NotificationAPI,560,645,85,829
886,UserAuthAPI,1,73,72,685
886,ProductCatalogAPI,76,141,65,1406
886,InventoryCheckAPI,142,208,66,1769
886,FraudDetectionAPI,211,251,40,701
886,PaymentGatewayAPI,254,323,69,1617
886,ShippingServiceAPI,325,367,42,554
886,NotificationAPI,362,407,45,1900
887,UserAuthAPI,1,58,57,729
887,ProductCatalogAPI,60,149,89,960
887,InventoryCheckAPI,144,195,51,725
887,FraudDetectionAPI,196,279,83,1227
887,PaymentGatewayAPI,281,368,87,1409
887,ShippingServiceAPI,370,476,106,729
887,NotificationAPI,478,526,48,776
888,UserAuthAPI,1,56,55,643
888,ProductCatalogAPI,58,148,90,1603
888,InventoryCheckAPI,143,234,91,673
888,FraudDetectionAPI,235,312,77,1059
888,PaymentGatewayAPI,307,405,98,848
888,ShippingServiceAPI,409,514,105,1678
888,NotificationAPI,516,565,49,667
889,UserAuthAPI,1,46,45,1946
889,ProductCatalogAPI,48,160,112,844
889,InventoryCheckAPI,161,204,43,1287
889,FraudDetectionAPI,205,309,104,1627
889,PaymentGatewayAPI,310,372,62,1452
889,ShippingServiceAPI,375,430,55,1229
889,NotificationAPI,433,537,104,964
890,UserAuthAPI,1,77,76,1191
890,ProductCatalogAPI,79,156,77,1055
890,InventoryCheckAPI,151,244,93,1380
890,FraudDetectionAPI,239,330,91,1465
890,PaymentGatewayAPI,332,430,98,1024
890,ShippingServiceAPI,431,520,89,1772
890,NotificationAPI,515,608,93,605
891,UserAuthAPI,1,100,99,1643
891,ProductCatalogAPI,102,213,111,1254
891,InventoryCheckAPI,215,267,52,1404
891,FraudDetectionAPI,268,359,91,1503
891,PaymentGatewayAPI,361,408,47,1762
891,ShippingServiceAPI,410,494,84,1832
891,NotificationAPI,496,592,96,1449
892,UserAuthAPI,1,86,85,1105
892,ProductCatalogAPI,88,145,57,1407
892,InventoryCheckAPI,146,247,101,1790
892,FraudDetectionAPI,248,343,95,1578
892,PaymentGatewayAPI,346,394,48,767
892,ShippingServiceAPI,396,473,77,1167
892,NotificationAPI,468,554,86,1815
893,UserAuthAPI,1,49,48,1244
893,ProductCatalogAPI,53,159,106,808
893,InventoryCheckAPI,162,218,56,1239
893,FraudDetectionAPI,219,321,102,898
893,PaymentGatewayAPI,323,432,109,546
893,ShippingServiceAPI,436,523,87,1724
893,NotificationAPI,525,639,114,1653
894,UserAuthAPI,1,76,75,888
894,ProductCatalogAPI,78,187,109,1131
894,InventoryCheckAPI,189,274,85,1691
894,FraudDetectionAPI,275,360,85,1223
894,PaymentGatewayAPI,363,437,74,1908
894,ShippingServiceAPI,439,487,48,1545
894,NotificationAPI,488,593,105,731
895,UserAuthAPI,1,95,94,896
895,ProductCatalogAPI,98,216,118,1940
895,InventoryCheckAPI,218,317,99,1054
895,FraudDetectionAPI,321,428,107,1296
895,PaymentGatewayAPI,432,515,83,1400
895,ShippingServiceAPI,516,562,46,1697
895,NotificationAPI,566,651,85,1917
896,UserAuthAPI,1,65,64,970
896,ProductCatalogAPI,66,166,100,665
896,InventoryCheckAPI,169,245,76,1526
896,FraudDetectionAPI,246,319,73,843
896,PaymentGatewayAPI,321,368,47,582
896,ShippingServiceAPI,370,487,117,1903
896,NotificationAPI,490,571,81,953
897,UserAuthAPI,1,117,116,809
897,ProductCatalogAPI,121,216,95,1623
897,InventoryCheckAPI,217,300,83,1909
897,FraudDetectionAPI,302,382,80,1141
897,PaymentGatewayAPI,384,424,40,629
897,ShippingServiceAPI,427,468,41,1773
897,NotificationAPI,469,518,49,1798
898,UserAuthAPI,1,53,52,1779
898,ProductCatalogAPI,55,166,111,933
898,InventoryCheckAPI,168,266,98,1946
898,FraudDetectionAPI,270,364,94,1515
898,PaymentGatewayAPI,366,446,80,1488
898,ShippingServiceAPI,449,537,88,927
898,NotificationAPI,539,583,44,954
899,UserAuthAPI,1,91,90,556
899,ProductCatalogAPI,93,168,75,1445
899,InventoryCheckAPI,170,246,76,611
899,FraudDetectionAPI,247,361,114,1901
899,PaymentGatewayAPI,364,459,95,1312
899,ShippingServiceAPI,461,557,96,1577
899,NotificationAPI,561,637,76,1512
900,UserAuthAPI,1,84,83,1309
900,ProductCatalogAPI,86,189,103,1295
900,InventoryCheckAPI,191,271,80,1199
900,FraudDetectionAPI,272,372,100,1126
900,PaymentGatewayAPI,375,420,45,710
900,ShippingServiceAPI,421,485,64,632
900,NotificationAPI,488,566,78,610
901,UserAuthAPI,1,113,112,1400
901,ProductCatalogAPI,117,157,40,1361
901,InventoryCheckAPI,159,263,104,1014
901,FraudDetectionAPI,265,360,95,1932
901,PaymentGatewayAPI,362,432,70,1297
901,ShippingServiceAPI,433,482,49,1722
901,NotificationAPI,477,567,90,743
902,UserAuthAPI,1,94,93,1969
902,ProductCatalogAPI,97,145,48,1112
902,InventoryCheckAPI,148,262,114,1676
902,FraudDetectionAPI,263,312,49,1896
902,PaymentGatewayAPI,307,426,119,1454
902,ShippingServiceAPI,421,466,45,1849
902,NotificationAPI,469,556,87,1024
903,UserAuthAPI,1,96,95,1707
903,ProductCatalogAPI,100,206,106,1599
903,InventoryCheckAPI,208,258,50,1379
903,FraudDetectionAPI,260,323,63,773
903,PaymentGatewayAPI,326,420,94,1387
903,ShippingServiceAPI,422,520,98,1382
903,NotificationAPI,521,618,97,1778
904,UserAuthAPI,1,58,57,1270
904,ProductCatalogAPI,59,104,45,1030
904,InventoryCheckAPI,105,187,82,1390
904,FraudDetectionAPI,191,282,91,1084
904,PaymentGatewayAPI,277,344,67,801
904,ShippingServiceAPI,346,393,47,1127
904,NotificationAPI,388,461,73,1031
905,UserAuthAPI,1,74,73,1822
905,ProductCatalogAPI,76,145,69,870
905,InventoryCheckAPI,148,244,96,1970
905,FraudDetectionAPI,247,357,110,583
905,PaymentGatewayAPI,360,445,85,1755
905,ShippingServiceAPI,447,496,49,917
905,NotificationAPI,497,591,94,1358
906,UserAuthAPI,1,119,118,1865
906,ProductCatalogAPI,114,217,103,1618
906,InventoryCheckAPI,221,322,101,1665
906,FraudDetectionAPI,325,379,54,1281
906,PaymentGatewayAPI,381,447,66,1096
906,ShippingServiceAPI,450,547,97,1090
906,NotificationAPI,542,638,96,1155
907,UserAuthAPI,1,48,47,1078
907,ProductCatalogAPI,52,158,106,919
907,InventoryCheckAPI,160,235,75,1278
907,FraudDetectionAPI,236,355,119,1706
907,PaymentGatewayAPI,356,457,101,669
907,ShippingServiceAPI,459,546,87,839
907,NotificationAPI,547,593,46,1534
908,UserAuthAPI,1,45,44,1400
908,ProductCatalogAPI,47,140,93,1322
908,InventoryCheckAPI,143,212,69,1547
908,FraudDetectionAPI,213,255,42,855
908,PaymentGatewayAPI,257,318,61,1827
908,ShippingServiceAPI,320,439,119,1763
908,NotificationAPI,441,551,110,1806
909,UserAuthAPI,1,68,67,826
909,ProductCatalogAPI,71,190,119,1165
909,InventoryCheckAPI,191,238,47,757
909,FraudDetectionAPI,240,331,91,1197
909,PaymentGatewayAPI,334,376,42,1403
909,ShippingServiceAPI,377,478,101,1894
909,NotificationAPI,479,538,59,1808
910,UserAuthAPI,1,62,61,761
910,ProductCatalogAPI,64,134,70,1201
910,InventoryCheckAPI,136,187,51,1714
910,FraudDetectionAPI,188,249,61,590
910,PaymentGatewayAPI,251,308,57,800
910,ShippingServiceAPI,310,417,107,1151
910,NotificationAPI,418,520,102,517
911,UserAuthAPI,1,67,66,1245
911,ProductCatalogAPI,68,185,117,917
911,InventoryCheckAPI,187,286,99,1098
911,FraudDetectionAPI,281,356,75,715
911,PaymentGatewayAPI,358,436,78,1465
911,ShippingServiceAPI,431,474,43,1853
911,NotificationAPI,476,555,79,986
912,UserAuthAPI,1,71,70,718
912,ProductCatalogAPI,72,188,116,1314
912,InventoryCheckAPI,191,250,59,1512
912,FraudDetectionAPI,252,335,83,907
912,PaymentGatewayAPI,336,378,42,1137
912,ShippingServiceAPI,373,477,104,1572
912,NotificationAPI,479,595,116,577
913,UserAuthAPI,1,106,105,1626
913,ProductCatalogAPI,107,177,70,749
913,InventoryCheckAPI,180,243,63,1984
913,FraudDetectionAPI,238,318,80,957
913,PaymentGatewayAPI,319,436,117,539
913,ShippingServiceAPI,437,480,43,607
913,NotificationAPI,483,561,78,760
914,UserAuthAPI,1,46,45,1774
914,ProductCatalogAPI,47,164,117,1663
914,InventoryCheckAPI,165,258,93,845
914,FraudDetectionAPI,259,372,113,1667
914,PaymentGatewayAPI,374,421,47,1312
914,ShippingServiceAPI,422,480,58,1924
914,NotificationAPI,481,585,104,1134
915,UserAuthAPI,1,54,53,1540
915,ProductCatalogAPI,56,158,102,1761
915,InventoryCheckAPI,159,235,76,602
915,FraudDetectionAPI,237,300,63,738
915,PaymentGatewayAPI,302,394,92,1381
915,ShippingServiceAPI,395,494,99,1387
915,NotificationAPI,495,562,67,1293
916,UserAuthAPI,1,48,47,1991
916,ProductCatalogAPI,49,120,71,1360
916,InventoryCheckAPI,124,234,110,1487
916,FraudDetectionAPI,235,278,43,1351
916,PaymentGatewayAPI,273,348,75,1746
916,ShippingServiceAPI,351,393,42,1785
916,NotificationAPI,394,440,46,1899
917,UserAuthAPI,1,105,104,1145
917,ProductCatalogAPI,108,192,84,1190
917,InventoryCheckAPI,193,277,84,1074
917,FraudDetectionAPI,278,342,64,1789
917,PaymentGatewayAPI,337,401,64,718
917,ShippingServiceAPI,396,447,51,1885
917,NotificationAPI,448,504,56,1468
918,UserAuthAPI,1,93,92,1863
918,ProductCatalogAPI,95,162,67,1507
918,InventoryCheckAPI,164,224,60,832
918,FraudDetectionAPI,225,318,93,1811
918,PaymentGatewayAPI,319,428,109,1241
918,ShippingServiceAPI,430,529,99,704
918,NotificationAPI,532,648,116,1442
919,UserAuthAPI,1,73,72,1423
919,ProductCatalogAPI,74,139,65,809
919,InventoryCheckAPI,140,247,107,613
919,FraudDetectionAPI,251,337,86,885
919,PaymentGatewayAPI,339,399,60,991
919,ShippingServiceAPI,400,441,41,1251
919,NotificationAPI,444,499,55,1415
920,UserAuthAPI,1,110,109,1034
920,ProductCatalogAPI,114,225,111,1401
920,InventoryCheckAPI,226,287,61,1555
920,FraudDetectionAPI,290,346,56,792
920,PaymentGatewayAPI,347,447,100,1700
920,ShippingServiceAPI,450,521,71,1906
920,NotificationAPI,522,568,46,1417
921,UserAuthAPI,1,101,100,1921
921,ProductCatalogAPI,103,151,48,1570
921,InventoryCheckAPI,153,234,81,925
921,FraudDetectionAPI,229,271,42,1652
921,PaymentGatewayAPI,274,384,110,630
921,ShippingServiceAPI,388,494,106,1322
921,NotificationAPI,495,600,105,1217
922,UserAuthAPI,1,71,70,1384
922,ProductCatalogAPI,72,142,70,1246
922,InventoryCheckAPI,144,229,85,1612
922,FraudDetectionAPI,230,330,100,1769
922,PaymentGatewayAPI,331,395,64,1628
922,ShippingServiceAPI,398,482,84,1600
922,NotificationAPI,486,564,78,1077
923,UserAuthAPI,1,98,97,1627
923,ProductCatalogAPI,100,206,106,1189
923,InventoryCheckAPI,209,286,77,734
923,FraudDetectionAPI,287,331,44,1931
923,PaymentGatewayAPI,333,411,78,611
923,ShippingServiceAPI,413,500,87,1828
923,NotificationAPI,503,549,46,1081
924,UserAuthAPI,1,74,73,1318
924,ProductCatalogAPI,77,184,107,641
924,InventoryCheckAPI,187,234,47,1022
924,FraudDetectionAPI,236,311,75,1409
924,PaymentGatewayAPI,314,433,119,709
924,ShippingServiceAPI,436,540,104,1524
924,NotificationAPI,543,642,99,1358
925,UserAuthAPI,1,52,51,531
925,ProductCatalogAPI,53,118,65,1957
925,InventoryCheckAPI,113,209,96,1653
925,FraudDetectionAPI,204,313,109,1298
925,PaymentGatewayAPI,308,401,93,1894
925,ShippingServiceAPI,402,460,58,997
925,NotificationAPI,462,512,50,1695
926,UserAuthAPI,1,99,98,875
926,ProductCatalogAPI,94,154,60,1309
926,InventoryCheckAPI,155,206,51,1710
926,FraudDetectionAPI,207,279,72,568
926,PaymentGatewayAPI,282,350,68,1413
926,ShippingServiceAPI,353,445,92,659
926,NotificationAPI,449,535,86,1682
927,UserAuthAPI,1,51,50,1231
927,ProductCatalogAPI,54,150,96,1888
927,InventoryCheckAPI,151,252,101,1671
927,FraudDetectionAPI,254,337,83,592
927,PaymentGatewayAPI,332,411,79,618
927,ShippingServiceAPI,406,474,68,1512
927,NotificationAPI,475,546,71,1661
928,UserAuthAPI,1,48,47,934
928,ProductCatalogAPI,49,143,94,1430
928,InventoryCheckAPI,144,239,95,1612
928,FraudDetectionAPI,241,342,101,1256
928,PaymentGatewayAPI,343,407,64,1763
928,ShippingServiceAPI,411,507,96,1636
928,NotificationAPI,502,593,91,1707
929,UserAuthAPI,1,60,59,732
929,ProductCatalogAPI,61,110,49,1958
929,InventoryCheckAPI,111,163,52,865
929,FraudDetectionAPI,164,246,82,1682
929,PaymentGatewayAPI,248,301,53,1878
929,ShippingServiceAPI,303,359,56,1928
929,NotificationAPI,362,459,97,1474
930,UserAuthAPI,1,78,77,1075
930,ProductCatalogAPI,82,153,71,1022
930,InventoryCheckAPI,156,213,57,1158
930,FraudDetectionAPI,214,290,76,581
930,PaymentGatewayAPI,293,375,82,1574
930,ShippingServiceAPI,370,486,116,1885
930,NotificationAPI,487,594,107,1511
931,UserAuthAPI,1,84,83,1666
931,ProductCatalogAPI,79,129,50,1278
931,InventoryCheckAPI,131,197,66,1769
931,FraudDetectionAPI,199,310,111,883
931,PaymentGatewayAPI,305,365,60,1595
931,ShippingServiceAPI,368,465,97,1743
931,NotificationAPI,466,563,97,516
932,UserAuthAPI,1,92,91,569
932,ProductCatalogAPI,95,186,91,1128
932,InventoryCheckAPI,187,234,47,1405
932,FraudDetectionAPI,236,339,103,1054
932,PaymentGatewayAPI,334,387,53,1358
932,ShippingServiceAPI,389,432,43,1525
932,NotificationAPI,434,474,40,830
933,UserAuthAPI,1,99,98,1267
933,ProductCatalogAPI,102,156,54,827
933,InventoryCheckAPI,160,246,86,589
933,FraudDetectionAPI,248,329,81,1558
933,PaymentGatewayAPI,331,411,80,623
933,ShippingServiceAPI,412,523,111,734
933,NotificationAPI,525,638,113,1866
934,UserAuthAPI,1,92,91,988
934,ProductCatalogAPI,95,204,109,1732
934,InventoryCheckAPI,205,268,63,1865
934,FraudDetectionAPI,269,386,117,1237
934,PaymentGatewayAPI,387,452,65,1775
934,ShippingServiceAPI,456,497,41,649
934,NotificationAPI,492,569,77,967
935,UserAuthAPI,1,92,91,1775
935,ProductCatalogAPI,93,158,65,791
935,InventoryCheckAPI,160,204,44,1382
935,FraudDetectionAPI,206,260,54,1008
935,PaymentGatewayAPI,262,338,76,859
935,ShippingServiceAPI,342,403,61,1959
935,NotificationAPI,404,494,90,1264
936,UserAuthAPI,1,68,67,1710
936,ProductCatalogAPI,70,151,81,1220
936,InventoryCheckAPI,152,208,56,745
936,FraudDetectionAPI,203,282,79,542
936,PaymentGatewayAPI,285,375,90,1980
936,ShippingServiceAPI,377,448,71,1767
936,NotificationAPI,450,547,97,1046
937,UserAuthAPI,1,93,92,678
937,ProductCatalogAPI,95,140,45,1301
937,InventoryCheckAPI,143,207,64,870
937,FraudDetectionAPI,209,314,105,877
937,PaymentGatewayAPI,315,429,114,1790
937,ShippingServiceAPI,430,513,83,968
937,NotificationAPI,515,556,41,1179
938,UserAuthAPI,1,89,88,1773
938,ProductCatalogAPI,91,166,75,1086
938,InventoryCheckAPI,161,234,73,1325
938,FraudDetectionAPI,237,336,99,1407
938,PaymentGatewayAPI,337,380,43,532
938,ShippingServiceAPI,384,432,48,725
938,NotificationAPI,433,492,59,666
939,UserAuthAPI,1,84,83,1904
939,ProductCatalogAPI,86,183,97,1315
939,InventoryCheckAPI,185,282,97,1624
939,FraudDetectionAPI,285,363,78,1075
939,PaymentGatewayAPI,358,459,101,593
939,ShippingServiceAPI,461,526,65,1958
939,NotificationAPI,528,603,75,1933
940,UserAuthAPI,1,108,107,828
940,ProductCatalogAPI,112,174,62,1066
940,InventoryCheckAPI,176,236,60,905
940,FraudDetectionAPI,231,329,98,1516
940,PaymentGatewayAPI,331,375,44,924
940,ShippingServiceAPI,377,484,107,1589
940,NotificationAPI,485,577,92,820
941,UserAuthAPI,1,108,107,946
941,ProductCatalogAPI,109,219,110,869
941,InventoryCheckAPI,222,335,113,1076
941,FraudDetectionAPI,330,391,61,1491
941,PaymentGatewayAPI,386,501,115,849
941,ShippingServiceAPI,505,586,81,826
941,NotificationAPI,587,697,110,943
942,UserAuthAPI,1,52,51,1188
942,ProductCatalogAPI,53,138,85,1694
942,InventoryCheckAPI,139,253,114,1749
942,FraudDetectionAPI,254,328,74,1063
942,PaymentGatewayAPI,323,434,111,1958
942,ShippingServiceAPI,436,537,101,1840
942,NotificationAPI,532,601,69,594
943,UserAuthAPI,1,93,92,1052
943,ProductCatalogAPI,95,147,52,1733
943,InventoryCheckAPI,148,231,83,1409
943,FraudDetectionAPI,232,327,95,679
943,PaymentGatewayAPI,328,379,51,1982
943,ShippingServiceAPI,381,493,112,701
943,NotificationAPI,488,542,54,1565
944,UserAuthAPI,1,93,92,1273
944,ProductCatalogAPI,94,154,60,1193
944,InventoryCheckAPI,158,218,60,1111
944,FraudDetectionAPI,220,323,103,1697
944,PaymentGatewayAPI,326,425,99,603
944,ShippingServiceAPI,428,498,70,1510
944,NotificationAPI,499,556,57,1707
945,UserAuthAPI,1,65,64,1811
945,ProductCatalogAPI,66,163,97,1997
945,InventoryCheckAPI,165,217,52,1108
945,FraudDetectionAPI,219,296,77,1524
945,PaymentGatewayAPI,300,375,75,659
945,ShippingServiceAPI,376,446,70,626
945,NotificationAPI,447,538,91,709
946,UserAuthAPI,1,113,112,801
946,ProductCatalogAPI,114,196,82,756
946,InventoryCheckAPI,198,246,48,1528
946,FraudDetectionAPI,249,297,48,1184
946,PaymentGatewayAPI,298,361,63,992
946,ShippingServiceAPI,363,444,81,1929
946,NotificationAPI,447,523,76,871
947,UserAuthAPI,1,114,113,701
947,ProductCatalogAPI,117,209,92,619
947,InventoryCheckAPI,210,264,54,687
947,FraudDetectionAPI,267,318,51,1086
947,PaymentGatewayAPI,321,362,41,554
947,ShippingServiceAPI,357,465,108,1822
947,NotificationAPI,469,532,63,829
948,UserAuthAPI,1,107,106,1062
948,ProductCatalogAPI,102,144,42,859
948,InventoryCheckAPI,145,262,117,1754
948,FraudDetectionAPI,257,368,111,1794
948,PaymentGatewayAPI,371,456,85,527
948,ShippingServiceAPI,458,568,110,1605
948,NotificationAPI,569,666,97,1079
949,UserAuthAPI,1,89,88,873
949,ProductCatalogAPI,92,137,45,717
949,InventoryCheckAPI,138,215,77,1447
949,FraudDetectionAPI,217,266,49,525
949,PaymentGatewayAPI,268,321,53,1710
949,ShippingServiceAPI,325,387,62,840
949,NotificationAPI,389,437,48,1106
950,UserAuthAPI,1,82,81,528
950,ProductCatalogAPI,84,180,96,1083
950,InventoryCheckAPI,181,259,78,1155
950,FraudDetectionAPI,260,374,114,601
950,PaymentGatewayAPI,376,461,85,1384
950,ShippingServiceAPI,462,521,59,894
950,NotificationAPI,522,579,57,666
951,UserAuthAPI,1,58,57,1698
951,ProductCatalogAPI,60,138,78,1561
951,InventoryCheckAPI,139,248,109,603
951,FraudDetectionAPI,251,303,52,1066
951,PaymentGatewayAPI,298,380,82,1911
951,ShippingServiceAPI,382,433,51,1472
951,NotificationAPI,435,490,55,1537
952,UserAuthAPI,1,98,97,1938
952,ProductCatalogAPI,93,173,80,1387
952,InventoryCheckAPI,176,225,49,1348
952,FraudDetectionAPI,227,296,69,1823
952,PaymentGatewayAPI,300,357,57,1346
952,ShippingServiceAPI,360,438,78,1772
952,NotificationAPI,439,508,69,1031
953,UserAuthAPI,1,82,81,1868
953,ProductCatalogAPI,84,173,89,1308
953,InventoryCheckAPI,175,253,78,1836
953,FraudDetectionAPI,254,330,76,1402
953,PaymentGatewayAPI,334,424,90,1117
953,ShippingServiceAPI,426,538,112,1022
953,NotificationAPI,541,602,61,853
954,UserAuthAPI,1,51,50,1455
954,ProductCatalogAPI,54,108,54,1177
954,InventoryCheckAPI,109,191,82,1289
954,FraudDetectionAPI,195,236,41,1584
954,PaymentGatewayAPI,237,314,77,1236
954,ShippingServiceAPI,317,362,45,1564
954,NotificationAPI,363,413,50,1496
955,UserAuthAPI,1,97,96,1441
955,ProductCatalogAPI,99,186,87,1586
955,InventoryCheckAPI,181,290,109,1972
955,FraudDetectionAPI,285,402,117,526
955,PaymentGatewayAPI,403,512,109,1348
955,ShippingServiceAPI,514,613,99,535
955,NotificationAPI,615,695,80,1295
956,UserAuthAPI,1,76,75,1707
956,ProductCatalogAPI,77,135,58,1964
956,InventoryCheckAPI,136,208,72,1898
956,FraudDetectionAPI,211,272,61,1206
956,PaymentGatewayAPI,274,372,98,652
956,ShippingServiceAPI,374,490,116,1871
956,NotificationAPI,491,569,78,779
957,UserAuthAPI,1,97,96,1303
957,ProductCatalogAPI,98,217,119,1487
957,InventoryCheckAPI,218,283,65,1406
957,FraudDetectionAPI,287,357,70,870
957,PaymentGatewayAPI,358,437,79,929
957,ShippingServiceAPI,439,516,77,919
957,NotificationAPI,517,613,96,1845
958,UserAuthAPI,1,50,49,1750
958,ProductCatalogAPI,54,129,75,1577
958,InventoryCheckAPI,132,175,43,1962
958,FraudDetectionAPI,178,281,103,1898
958,PaymentGatewayAPI,282,343,61,1757
958,ShippingServiceAPI,345,443,98,684
958,NotificationAPI,446,537,91,1599
959,UserAuthAPI,1,56,55,554
959,ProductCatalogAPI,60,178,118,576
959,InventoryCheckAPI,180,240,60,1245
959,FraudDetectionAPI,241,337,96,1399
959,PaymentGatewayAPI,339,441,102,670
959,ShippingServiceAPI,444,534,90,1067
959,NotificationAPI,535,608,73,1326
960,UserAuthAPI,1,50,49,1674
960,ProductCatalogAPI,52,167,115,1907
960,InventoryCheckAPI,169,222,53,580
960,FraudDetectionAPI,225,280,55,522
960,PaymentGatewayAPI,282,337,55,603
960,ShippingServiceAPI,338,410,72,823
960,NotificationAPI,412,522,110,773
961,UserAuthAPI,1,101,100,606
961,ProductCatalogAPI,103,221,118,929
961,InventoryCheckAPI,223,338,115,861
961,FraudDetectionAPI,339,413,74,1358
961,PaymentGatewayAPI,415,478,63,1845
961,ShippingServiceAPI,481,584,103,1588
961,NotificationAPI,585,649,64,1623
962,UserAuthAPI,1,45,44,1844
962,ProductCatalogAPI,48,141,93,1489
962,InventoryCheckAPI,145,200,55,1883
962,FraudDetectionAPI,201,255,54,1059
962,PaymentGatewayAPI,258,331,73,913
962,ShippingServiceAPI,335,393,58,1498
962,NotificationAPI,394,466,72,1875
963,UserAuthAPI,1,62,61,535
963,ProductCatalogAPI,63,165,102,1165
963,InventoryCheckAPI,168,212,44,1961
963,FraudDetectionAPI,207,271,64,1007
963,PaymentGatewayAPI,274,335,61,1916
963,ShippingServiceAPI,337,405,68,1183
963,NotificationAPI,406,472,66,554
964,UserAuthAPI,1,92,91,1280
964,ProductCatalogAPI,93,211,118,1541
964,InventoryCheckAPI,213,265,52,1058
964,FraudDetectionAPI,260,374,114,1445
964,PaymentGatewayAPI,377,428,51,1536
964,ShippingServiceAPI,431,515,84,1721
964,NotificationAPI,517,599,82,1853
965,UserAuthAPI,1,85,84,1112
965,ProductCatalogAPI,89,191,102,1120
965,InventoryCheckAPI,194,265,71,1433
965,FraudDetectionAPI,269,377,108,772
965,PaymentGatewayAPI,378,458,80,1059
965,ShippingServiceAPI,459,575,116,989
965,NotificationAPI,578,667,89,1542
966,UserAuthAPI,1,108,107,1118
966,ProductCatalogAPI,110,159,49,1807
966,InventoryCheckAPI,161,256,95,679
966,FraudDetectionAPI,260,302,42,522
966,PaymentGatewayAPI,305,370,65,1118
966,ShippingServiceAPI,371,456,85,1593
966,NotificationAPI,457,505,48,662
967,UserAuthAPI,1,116,115,1586
967,ProductCatalogAPI,118,205,87,944
967,InventoryCheckAPI,207,304,97,1041
967,FraudDetectionAPI,305,354,49,755
967,PaymentGatewayAPI,355,422,67,1436
967,ShippingServiceAPI,424,538,114,1348
967,NotificationAPI,540,625,85,815
968,UserAuthAPI,1,100,99,1782
968,ProductCatalogAPI,103,212,109,1127
968,InventoryCheckAPI,214,323,109,1104
968,FraudDetectionAPI,324,372,48,804
968,PaymentGatewayAPI,374,467,93,1635
968,ShippingServiceAPI,469,543,74,804
968,NotificationAPI,544,595,51,751
969,UserAuthAPI,1,48,47,1928
969,ProductCatalogAPI,43,110,67,1347
969,InventoryCheckAPI,113,167,54,1143
969,FraudDetectionAPI,171,289,118,1073
969,PaymentGatewayAPI,292,335,43,700
969,ShippingServiceAPI,337,404,67,1880
969,NotificationAPI,405,453,48,629
970,UserAuthAPI,1,88,87,1592
970,ProductCatalogAPI,83,201,118,1025
970,InventoryCheckAPI,196,248,52,1539
970,FraudDetectionAPI,249,360,111,1009
970,PaymentGatewayAPI,362,466,104,1764
970,ShippingServiceAPI,468,555,87,1828
970,NotificationAPI,558,611,53,1882
971,UserAuthAPI,1,57,56,1390
971,ProductCatalogAPI,58,167,109,1228
971,InventoryCheckAPI,168,271,103,1681
971,FraudDetectionAPI,273,375,102,1060
971,PaymentGatewayAPI,377,474,97,654
971,ShippingServiceAPI,469,527,58,986
971,NotificationAPI,529,615,86,706
972,UserAuthAPI,1,91,90,1423
972,ProductCatalogAPI,86,183,97,642
972,InventoryCheckAPI,184,270,86,690
972,FraudDetectionAPI,272,354,82,1863
972,PaymentGatewayAPI,356,444,88,1123
972,ShippingServiceAPI,446,551,105,586
972,NotificationAPI,553,618,65,1263
973,UserAuthAPI,1,87,86,1619
973,ProductCatalogAPI,82,143,61,516
973,InventoryCheckAPI,146,193,47,1506
973,FraudDetectionAPI,195,272,77,1008
973,PaymentGatewayAPI,273,359,86,1184
973,ShippingServiceAPI,360,448,88,1929
973,NotificationAPI,450,510,60,1515
974,UserAuthAPI,1,116,115,1943
974,ProductCatalogAPI,118,216,98,595
974,InventoryCheckAPI,211,325,114,1377
974,FraudDetectionAPI,327,371,44,899
974,PaymentGatewayAPI,372,446,74,611
974,ShippingServiceAPI,449,498,49,1759
974,NotificationAPI,500,565,65,1526
975,UserAuthAPI,1,43,42,1433
975,ProductCatalogAPI,45,101,56,1724
975,InventoryCheckAPI,102,214,112,1889
975,FraudDetectionAPI,215,256,41,1992
975,PaymentGatewayAPI,258,334,76,954
975,ShippingServiceAPI,338,391,53,597
975,NotificationAPI,395,499,104,1123
976,UserAuthAPI,1,118,117,1756
976,ProductCatalogAPI,122,216,94,1762
976,InventoryCheckAPI,219,308,89,1986
976,FraudDetectionAPI,309,382,73,1759
976,PaymentGatewayAPI,384,501,117,682
976,ShippingServiceAPI,505,574,69,1911
976,NotificationAPI,577,651,74,1504
977,UserAuthAPI,1,106,105,523
977,ProductCatalogAPI,107,190,83,1555
977,InventoryCheckAPI,192,282,90,1011
977,FraudDetectionAPI,283,324,41,1611
977,PaymentGatewayAPI,326,438,112,1088
977,ShippingServiceAPI,440,493,53,1318
977,NotificationAPI,494,613,119,509
978,UserAuthAPI,1,98,97,1644
978,ProductCatalogAPI,100,192,92,1797
978,InventoryCheckAPI,193,239,46,597
978,FraudDetectionAPI,241,325,84,1210
978,PaymentGatewayAPI,328,419,91,1637
978,ShippingServiceAPI,414,481,67,851
978,NotificationAPI,482,577,95,637
979,UserAuthAPI,1,92,91,1253
979,ProductCatalogAPI,93,187,94,1822
979,InventoryCheckAPI,189,261,72,561
979,FraudDetectionAPI,256,307,51,530
979,PaymentGatewayAPI,309,382,73,1692
979,ShippingServiceAPI,383,497,114,1708
979,NotificationAPI,499,595,96,1172
980,UserAuthAPI,1,79,78,1059
980,ProductCatalogAPI,81,199,118,1923
980,InventoryCheckAPI,200,243,43,618
980,FraudDetectionAPI,246,302,56,1593
980,PaymentGatewayAPI,305,352,47,1893
980,ShippingServiceAPI,355,399,44,1720
980,NotificationAPI,400,479,79,1133
981,UserAuthAPI,1,65,64,1950
981,ProductCatalogAPI,68,156,88,809
981,InventoryCheckAPI,157,268,111,1913
981,FraudDetectionAPI,272,380,108,1161
981,PaymentGatewayAPI,381,488,107,1555
981,ShippingServiceAPI,490,530,40,681
981,NotificationAPI,531,611,80,529
982,UserAuthAPI,1,92,91,1875
982,ProductCatalogAPI,94,194,100,1236
982,InventoryCheckAPI,189,268,79,1242
982,FraudDetectionAPI,263,346,83,1508
982,PaymentGatewayAPI,348,431,83,1059
982,ShippingServiceAPI,435,531,96,722
982,NotificationAPI,533,597,64,1313
983,UserAuthAPI,1,74,73,1518
983,ProductCatalogAPI,76,177,101,1324
983,InventoryCheckAPI,180,295,115,1656
983,FraudDetectionAPI,298,372,74,1991
983,PaymentGatewayAPI,373,477,104,529
983,ShippingServiceAPI,479,579,100,957
983,NotificationAPI,583,684,101,839
984,UserAuthAPI,1,97,96,1825
984,ProductCatalogAPI,99,215,116,1014
984,InventoryCheckAPI,219,277,58,591
984,FraudDetectionAPI,278,357,79,1189
984,PaymentGatewayAPI,359,449,90,1053
984,ShippingServiceAPI,451,507,56,608
984,NotificationAPI,509,600,91,922
985,UserAuthAPI,1,91,90,711
985,ProductCatalogAPI,94,147,53,967
985,InventoryCheckAPI,142,205,63,1374
985,FraudDetectionAPI,206,288,82,572
985,PaymentGatewayAPI,291,391,100,1105
985,ShippingServiceAPI,392,466,74,1334
985,NotificationAPI,467,535,68,633
986,UserAuthAPI,1,92,91,1803
986,ProductCatalogAPI,95,141,46,1022
986,InventoryCheckAPI,143,245,102,579
986,FraudDetectionAPI,248,317,69,913
986,PaymentGatewayAPI,318,379,61,1517
986,ShippingServiceAPI,382,458,76,745
986,NotificationAPI,460,534,74,1305
987,UserAuthAPI,1,110,109,1859
987,ProductCatalogAPI,111,177,66,744
987,InventoryCheckAPI,178,247,69,521
987,FraudDetectionAPI,249,308,59,1158
987,PaymentGatewayAPI,310,388,78,1102
987,ShippingServiceAPI,389,482,93,1294
987,NotificationAPI,484,601,117,698
988,UserAuthAPI,1,50,49,646
988,ProductCatalogAPI,54,123,69,1164
988,InventoryCheckAPI,124,229,105,1875
988,FraudDetectionAPI,230,340,110,826
988,PaymentGatewayAPI,342,424,82,682
988,ShippingServiceAPI,425,470,45,1856
988,NotificationAPI,472,513,41,710
989,UserAuthAPI,1,59,58,1509
989,ProductCatalogAPI,60,101,41,1574
989,InventoryCheckAPI,103,162,59,1290
989,FraudDetectionAPI,163,208,45,719
989,PaymentGatewayAPI,209,256,47,1068
989,ShippingServiceAPI,260,348,88,614
989,NotificationAPI,349,409,60,1764
990,UserAuthAPI,1,111,110,1592
990,ProductCatalogAPI,112,167,55,1913
990,InventoryCheckAPI,168,259,91,1781
990,FraudDetectionAPI,262,378,116,1903
990,PaymentGatewayAPI,379,494,115,1097
990,ShippingServiceAPI,496,572,76,776
990,NotificationAPI,575,672,97,1780
991,UserAuthAPI,1,87,86,1732
991,ProductCatalogAPI,89,135,46,1574
991,InventoryCheckAPI,136,225,89,1421
991,FraudDetectionAPI,228,329,101,1462
991,PaymentGatewayAPI,330,397,67,1567
991,ShippingServiceAPI,399,468,69,821
991,NotificationAPI,469,570,101,1598
992,UserAuthAPI,1,106,105,862
992,ProductCatalogAPI,108,160,52,606
992,InventoryCheckAPI,163,235,72,1510
992,FraudDetectionAPI,230,282,52,1566
992,PaymentGatewayAPI,284,397,113,849
992,ShippingServiceAPI,399,495,96,1505
992,NotificationAPI,496,545,49,1461
993,UserAuthAPI,1,79,78,1398
993,ProductCatalogAPI,82,159,77,1025
993,InventoryCheckAPI,160,253,93,1141
993,FraudDetectionAPI,256,348,92,886
993,PaymentGatewayAPI,349,463,114,1509
993,ShippingServiceAPI,465,583,118,1399
993,NotificationAPI,585,634,49,677
994,UserAuthAPI,1,87,86,1526
994,ProductCatalogAPI,88,144,56,615
994,InventoryCheckAPI,148,203,55,963
994,FraudDetectionAPI,205,296,91,1890
994,PaymentGatewayAPI,298,339,41,1306
994,ShippingServiceAPI,334,421,87,526
994,NotificationAPI,422,468,46,1888
995,UserAuthAPI,1,49,48,860
995,ProductCatalogAPI,51,147,96,1087
995,InventoryCheckAPI,148,241,93,1889
995,FraudDetectionAPI,243,341,98,762
995,PaymentGatewayAPI,344,455,111,501
995,ShippingServiceAPI,457,546,89,1669
995,NotificationAPI,548,639,91,1464
996,UserAuthAPI,1,63,62,851
996,ProductCatalogAPI,66,167,101,704
996,InventoryCheckAPI,168,284,116,1220
996,FraudDetectionAPI,286,369,83,975
996,PaymentGatewayAPI,372,446,74,1801
996,ShippingServiceAPI,449,563,114,537
996,NotificationAPI,564,667,103,856
997,UserAuthAPI,1,84,83,1855
997,ProductCatalogAPI,86,185,99,1524
997,InventoryCheckAPI,188,245,57,1119
997,FraudDetectionAPI,246,339,93,734
997,PaymentGatewayAPI,340,387,47,961
997,ShippingServiceAPI,390,435,45,884
997,NotificationAPI,436,550,114,1637
998,UserAuthAPI,1,63,62,643
998,ProductCatalogAPI,66,161,95,1119
998,InventoryCheckAPI,162,231,69,946
998,FraudDetectionAPI,232,322,90,1373
998,PaymentGatewayAPI,317,402,85,1928
998,ShippingServiceAPI,404,512,108,1279
998,NotificationAPI,514,626,112,1311
999,UserAuthAPI,1,105,104,1897
999,ProductCatalogAPI,106,191,85,1882
999,InventoryCheckAPI,194,270,76,1575
999,FraudDetectionAPI,271,323,52,1913
999,PaymentGatewayAPI,324,411,87,1427
999,ShippingServiceAPI,414,458,44,505
999,NotificationAPI,461,521,60,1604
1000,UserAuthAPI,1,100,99,720
1000,ProductCatalogAPI,103,191,88,727
1000,InventoryCheckAPI,193,274,81,1716
1000,FraudDetectionAPI,275,315,40,887
1000,PaymentGatewayAPI,317,374,57,789
1000,ShippingServiceAPI,375,436,61,1987
1000,NotificationAPI,431,520,89,1423
1001,UserAuthAPI,1,110,109,716
1001,ProductCatalogAPI,112,222,110,1896
1001,InventoryCheckAPI,225,284,59,863
1001,FraudDetectionAPI,286,374,88,959
1001,PaymentGatewayAPI,377,494,117,1909
1001,ShippingServiceAPI,497,596,99,742
1001,NotificationAPI,598,686,88,1653
1002,UserAuthAPI,1,60,59,1241
1002,ProductCatalogAPI,62,133,71,1574
1002,InventoryCheckAPI,136,238,102,1612
1002,FraudDetectionAPI,239,281,42,1100
1002,PaymentGatewayAPI,282,347,65,1699
1002,ShippingServiceAPI,348,392,44,982
1002,NotificationAPI,393,473,80,646
1003,UserAuthAPI,1,95,94,1387
1003,ProductCatalogAPI,97,182,85,901
1003,InventoryCheckAPI,183,240,57,639
1003,FraudDetectionAPI,244,329,85,938
1003,PaymentGatewayAPI,331,372,41,1020
1003,ShippingServiceAPI,375,419,44,1621
1003,NotificationAPI,422,500,78,946
1004,UserAuthAPI,1,60,59,1977
1004,ProductCatalogAPI,62,120,58,1043
1004,InventoryCheckAPI,122,185,63,523
1004,FraudDetectionAPI,187,244,57,1820
1004,PaymentGatewayAPI,246,333,87,1605
1004,ShippingServiceAPI,336,455,119,1495
1004,NotificationAPI,457,535,78,1547
1005,UserAuthAPI,1,101,100,583
1005,ProductCatalogAPI,103,182,79,685
1005,InventoryCheckAPI,183,296,113,1864
1005,FraudDetectionAPI,297,389,92,944
1005,PaymentGatewayAPI,390,503,113,1327
1005,ShippingServiceAPI,505,617,112,711
1005,NotificationAPI,618,697,79,1274
1006,UserAuthAPI,1,59,58,1666
1006,ProductCatalogAPI,60,155,95,893
1006,InventoryCheckAPI,156,275,119,1120
1006,FraudDetectionAPI,277,351,74,1851
1006,PaymentGatewayAPI,352,457,105,1960
1006,ShippingServiceAPI,459,551,92,1014
1006,NotificationAPI,554,627,73,1061
1007,UserAuthAPI,1,43,42,757
1007,ProductCatalogAPI,45,138,93,1788
1007,InventoryCheckAPI,133,224,91,709
1007,FraudDetectionAPI,219,318,99,1538
1007,PaymentGatewayAPI,320,382,62,1758
1007,ShippingServiceAPI,384,468,84,1523
1007,NotificationAPI,471,568,97,1325
1008,UserAuthAPI,1,97,96,1914
1008,ProductCatalogAPI,99,196,97,1535
1008,InventoryCheckAPI,197,277,80,801
1008,FraudDetectionAPI,281,349,68,1795
1008,PaymentGatewayAPI,350,419,69,1128
1008,ShippingServiceAPI,423,467,44,640
1008,NotificationAPI,462,551,89,1793
1009,UserAuthAPI,1,74,73,1594
1009,ProductCatalogAPI,75,188,113,1986
1009,InventoryCheckAPI,191,280,89,1772
1009,FraudDetectionAPI,282,380,98,1348
1009,PaymentGatewayAPI,384,448,64,1243
1009,ShippingServiceAPI,449,521,72,1798
1009,NotificationAPI,525,605,80,707
1010,UserAuthAPI,1,62,61,659
1010,ProductCatalogAPI,64,129,65,999
1010,InventoryCheckAPI,132,220,88,1108
1010,FraudDetectionAPI,221,331,110,931
1010,PaymentGatewayAPI,332,377,45,1589
1010,ShippingServiceAPI,380,461,81,616
1010,NotificationAPI,462,527,65,648
1011,UserAuthAPI,1,96,95,678
1011,ProductCatalogAPI,98,217,119,1068
1011,InventoryCheckAPI,220,273,53,779
1011,FraudDetectionAPI,275,366,91,1315
1011,PaymentGatewayAPI,369,468,99,1468
1011,ShippingServiceAPI,471,519,48,1111
1011,NotificationAPI,523,566,43,892
1012,UserAuthAPI,1,75,74,1725
1012,ProductCatalogAPI,78,195,117,1725
1012,InventoryCheckAPI,198,238,40,721
1012,FraudDetectionAPI,240,295,55,712
1012,PaymentGatewayAPI,298,342,44,1897
1012,ShippingServiceAPI,344,390,46,910
1012,NotificationAPI,394,446,52,1284
1013,UserAuthAPI,1,53,52,760
1013,ProductCatalogAPI,56,99,43,1999
1013,InventoryCheckAPI,100,155,55,1161
1013,FraudDetectionAPI,158,255,97,1450
1013,PaymentGatewayAPI,256,367,111,517
1013,ShippingServiceAPI,370,485,115,1620
1013,NotificationAPI,487,538,51,1534
1014,UserAuthAPI,1,67,66,1371
1014,ProductCatalogAPI,70,154,84,1469
1014,InventoryCheckAPI,157,263,106,1417
1014,FraudDetectionAPI,264,345,81,883
1014,PaymentGatewayAPI,346,455,109,984
1014,ShippingServiceAPI,459,537,78,510
1014,NotificationAPI,539,633,94,583
1015,UserAuthAPI,1,56,55,1490
1015,ProductCatalogAPI,58,170,112,664
1015,InventoryCheckAPI,172,227,55,902
1015,FraudDetectionAPI,222,319,97,1661
1015,PaymentGatewayAPI,321,379,58,792
1015,ShippingServiceAPI,381,498,117,1896
1015,NotificationAPI,502,585,83,1606
1016,UserAuthAPI,1,67,66,1361
1016,ProductCatalogAPI,71,181,110,588
1016,InventoryCheckAPI,183,240,57,1172
1016,FraudDetectionAPI,242,306,64,921
1016,PaymentGatewayAPI,310,411,101,837
1016,ShippingServiceAPI,412,474,62,716
1016,NotificationAPI,478,596,118,1491
1017,UserAuthAPI,1,57,56,1452
1017,ProductCatalogAPI,58,117,59,1395
1017,InventoryCheckAPI,112,196,84,786
1017,FraudDetectionAPI,198,289,91,995
1017,PaymentGatewayAPI,291,360,69,1134
1017,ShippingServiceAPI,355,464,109,1438
1017,NotificationAPI,465,562,97,574
1018,UserAuthAPI,1,72,71,1221
1018,ProductCatalogAPI,76,167,91,1203
1018,InventoryCheckAPI,169,248,79,1743
1018,FraudDetectionAPI,249,368,119,1552
1018,PaymentGatewayAPI,371,436,65,1491
1018,ShippingServiceAPI,437,535,98,676
1018,NotificationAPI,537,607,70,731
1019,UserAuthAPI,1,76,75,765
1019,ProductCatalogAPI,77,147,70,955
1019,InventoryCheckAPI,148,234,86,1905
1019,FraudDetectionAPI,236,320,84,1730
1019,PaymentGatewayAPI,324,378,54,1612
1019,ShippingServiceAPI,381,498,117,1639
1019,NotificationAPI,499,605,106,1144
1020,UserAuthAPI,1,51,50,821
1020,ProductCatalogAPI,55,154,99,1149
1020,InventoryCheckAPI,156,232,76,1330
1020,FraudDetectionAPI,233,310,77,788
1020,PaymentGatewayAPI,312,396,84,1951
1020,ShippingServiceAPI,398,484,86,973
1020,NotificationAPI,486,539,53,906
1021,UserAuthAPI,1,48,47,681
1021,ProductCatalogAPI,49,140,91,633
1021,InventoryCheckAPI,143,232,89,990
1021,FraudDetectionAPI,233,326,93,1338
1021,PaymentGatewayAPI,329,385,56,1519
1021,ShippingServiceAPI,386,485,99,1016
1021,NotificationAPI,487,596,109,680
1022,UserAuthAPI,1,49,48,1234
1022,ProductCatalogAPI,51,163,112,1454
1022,InventoryCheckAPI,164,216,52,838
1022,FraudDetectionAPI,217,266,49,1027
1022,PaymentGatewayAPI,267,325,58,1371
1022,ShippingServiceAPI,320,389,69,1618
1022,NotificationAPI,393,477,84,1560
1023,UserAuthAPI,1,75,74,802
1023,ProductCatalogAPI,76,132,56,1322
1023,InventoryCheckAPI,135,180,45,1900
1023,FraudDetectionAPI,182,258,76,1536
1023,PaymentGatewayAPI,260,300,40,1316
1023,ShippingServiceAPI,302,394,92,935
1023,NotificationAPI,395,481,86,542
1024,UserAuthAPI,1,56,55,762
1024,ProductCatalogAPI,57,132,75,1737
1024,InventoryCheckAPI,133,191,58,524
1024,FraudDetectionAPI,192,284,92,750
1024,PaymentGatewayAPI,285,372,87,1181
1024,ShippingServiceAPI,376,457,81,501
1024,NotificationAPI,458,543,85,1205
1025,UserAuthAPI,1,80,79,1069
1025,ProductCatalogAPI,81,194,113,1504
1025,InventoryCheckAPI,195,296,101,625
1025,FraudDetectionAPI,297,414,117,678
1025,PaymentGatewayAPI,416,487,71,992
1025,ShippingServiceAPI,489,588,99,801
1025,NotificationAPI,591,671,80,1476
1026,UserAuthAPI,1,58,57,714
1026,ProductCatalogAPI,59,149,90,1129
1026,InventoryCheckAPI,153,226,73,1919
1026,FraudDetectionAPI,228,307,79,1037
1026,PaymentGatewayAPI,311,361,50,921
1026,ShippingServiceAPI,362,458,96,1516
1026,NotificationAPI,461,577,116,1599
1027,UserAuthAPI,1,42,41,1449
1027,ProductCatalogAPI,43,138,95,1339
1027,InventoryCheckAPI,133,204,71,759
1027,FraudDetectionAPI,206,301,95,1539
1027,PaymentGatewayAPI,304,414,110,1533
1027,ShippingServiceAPI,418,481,63,811
1027,NotificationAPI,483,600,117,1761
1028,UserAuthAPI,1,90,89,1290
1028,ProductCatalogAPI,91,206,115,838
1028,InventoryCheckAPI,208,281,73,1584
1028,FraudDetectionAPI,283,327,44,575
1028,PaymentGatewayAPI,322,402,80,972
1028,ShippingServiceAPI,403,486,83,1337
1028,NotificationAPI,481,582,101,1981
1029,UserAuthAPI,1,60,59,1688
1029,ProductCatalogAPI,63,156,93,1394
1029,InventoryCheckAPI,158,277,119,1807
1029,FraudDetectionAPI,278,328,50,1437
1029,PaymentGatewayAPI,329,377,48,1743
1029,ShippingServiceAPI,379,446,67,715
1029,NotificationAPI,448,520,72,1314
1030,UserAuthAPI,1,62,61,656
1030,ProductCatalogAPI,65,156,91,802
1030,InventoryCheckAPI,157,241,84,1873
1030,FraudDetectionAPI,244,317,73,1160
1030,PaymentGatewayAPI,321,414,93,1420
1030,ShippingServiceAPI,416,476,60,756
1030,NotificationAPI,478,588,110,1792
1031,UserAuthAPI,1,63,62,1672
1031,ProductCatalogAPI,64,179,115,1179
1031,InventoryCheckAPI,180,247,67,1918
1031,FraudDetectionAPI,248,362,114,555
1031,PaymentGatewayAPI,357,431,74,1292
1031,ShippingServiceAPI,433,491,58,988
1031,NotificationAPI,494,583,89,1610
1032,UserAuthAPI,1,41,40,1904
1032,ProductCatalogAPI,42,89,47,1885
1032,InventoryCheckAPI,90,163,73,518
1032,FraudDetectionAPI,158,198,40,1699
1032,PaymentGatewayAPI,200,286,86,1607
1032,ShippingServiceAPI,290,398,108,1974
1032,NotificationAPI,400,500,100,1117
1033,UserAuthAPI,1,78,77,1207
1033,ProductCatalogAPI,79,135,56,1536
1033,InventoryCheckAPI,137,178,41,1733
1033,FraudDetectionAPI,181,286,105,1719
1033,PaymentGatewayAPI,287,383,96,712
1033,ShippingServiceAPI,384,425,41,1974
1033,NotificationAPI,429,475,46,1311
1034,UserAuthAPI,1,104,103,1687
1034,ProductCatalogAPI,106,168,62,1420
1034,InventoryCheckAPI,169,282,113,1678
1034,FraudDetectionAPI,277,395,118,1513
1034,PaymentGatewayAPI,397,505,108,1091
1034,ShippingServiceAPI,506,554,48,532
1034,NotificationAPI,557,646,89,779
1035,UserAuthAPI,1,64,63,1200
1035,ProductCatalogAPI,65,129,64,1422
1035,InventoryCheckAPI,124,232,108,1119
1035,FraudDetectionAPI,227,282,55,1238
1035,PaymentGatewayAPI,277,390,113,597
1035,ShippingServiceAPI,393,487,94,1804
1035,NotificationAPI,488,604,116,1634
1036,UserAuthAPI,1,52,51,1483
1036,ProductCatalogAPI,54,122,68,1135
1036,InventoryCheckAPI,125,172,47,1693
1036,FraudDetectionAPI,173,253,80,829
1036,PaymentGatewayAPI,254,355,101,1598
1036,ShippingServiceAPI,359,465,106,1616
1036,NotificationAPI,468,559,91,593
1037,UserAuthAPI,1,47,46,1220
1037,ProductCatalogAPI,48,98,50,1503
1037,InventoryCheckAPI,99,204,105,1166
1037,FraudDetectionAPI,207,257,50,1030
1037,PaymentGatewayAPI,261,370,109,766
1037,ShippingServiceAPI,373,472,99,1263
1037,NotificationAPI,473,514,41,1452
1038,UserAuthAPI,1,60,59,521
1038,ProductCatalogAPI,62,105,43,1232
1038,InventoryCheckAPI,107,211,104,1995
1038,FraudDetectionAPI,214,329,115,1542
1038,PaymentGatewayAPI,324,425,101,1261
1038,ShippingServiceAPI,427,534,107,578
1038,NotificationAPI,538,638,100,648
1039,UserAuthAPI,1,64,63,1578
1039,ProductCatalogAPI,67,158,91,1243
1039,InventoryCheckAPI,153,259,106,1616
1039,FraudDetectionAPI,261,310,49,1464
1039,PaymentGatewayAPI,305,393,88,1453
1039,ShippingServiceAPI,396,475,79,1265
1039,NotificationAPI,477,532,55,1315
1040,UserAuthAPI,1,41,40,1716
1040,ProductCatalogAPI,44,98,54,1767
1040,InventoryCheckAPI,101,154,53,1340
1040,FraudDetectionAPI,149,192,43,1556
1040,PaymentGatewayAPI,196,301,105,1184
1040,ShippingServiceAPI,303,392,89,1384
1040,NotificationAPI,394,496,102,1647
1041,UserAuthAPI,1,107,106,987
1041,ProductCatalogAPI,108,206,98,1536
1041,InventoryCheckAPI,207,283,76,584
1041,FraudDetectionAPI,285,380,95,1183
1041,PaymentGatewayAPI,381,493,112,867
1041,ShippingServiceAPI,495,587,92,856
1041,NotificationAPI,588,678,90,1948
1042,UserAuthAPI,1,80,79,1829
1042,ProductCatalogAPI,81,199,118,1327
1042,InventoryCheckAPI,202,246,44,645
1042,FraudDetectionAPI,248,288,40,1798
1042,PaymentGatewayAPI,289,357,68,814
1042,ShippingServiceAPI,352,453,101,1797
1042,NotificationAPI,455,521,66,761
1043,UserAuthAPI,1,99,98,1785
1043,ProductCatalogAPI,102,197,95,937
1043,InventoryCheckAPI,199,256,57,1866
1043,FraudDetectionAPI,257,332,75,780
1043,PaymentGatewayAPI,333,392,59,632
1043,ShippingServiceAPI,395,467,72,578
1043,NotificationAPI,470,574,104,827
1044,UserAuthAPI,1,90,89,883
1044,ProductCatalogAPI,93,162,69,1817
1044,InventoryCheckAPI,157,242,85,891
1044,FraudDetectionAPI,243,319,76,1608
1044,PaymentGatewayAPI,321,405,84,1040
1044,ShippingServiceAPI,407,462,55,565
1044,NotificationAPI,463,532,69,1995
1045,UserAuthAPI,1,63,62,1201
1045,ProductCatalogAPI,64,134,70,1320
1045,InventoryCheckAPI,136,224,88,676
1045,FraudDetectionAPI,227,279,52,1375
1045,PaymentGatewayAPI,281,349,68,1056
1045,ShippingServiceAPI,352,460,108,1217
1045,NotificationAPI,462,540,78,903
1046,UserAuthAPI,1,108,107,790
1046,ProductCatalogAPI,109,188,79,1388
1046,InventoryCheckAPI,192,267,75,1401
1046,FraudDetectionAPI,262,371,109,1245
1046,PaymentGatewayAPI,372,427,55,1697
1046,ShippingServiceAPI,422,479,57,1023
1046,NotificationAPI,480,566,86,1012
1047,UserAuthAPI,1,120,119,1616
1047,ProductCatalogAPI,123,190,67,1432
1047,InventoryCheckAPI,191,261,70,1197
1047,FraudDetectionAPI,262,312,50,1377
1047,PaymentGatewayAPI,314,366,52,863
1047,ShippingServiceAPI,370,467,97,1047
1047,NotificationAPI,468,510,42,600
1048,UserAuthAPI,1,81,80,790
1048,ProductCatalogAPI,84,199,115,1750
1048,InventoryCheckAPI,201,316,115,1573
1048,FraudDetectionAPI,318,387,69,827
1048,PaymentGatewayAPI,389,505,116,1234
1048,ShippingServiceAPI,507,600,93,826
1048,NotificationAPI,595,685,90,1551
1049,UserAuthAPI,1,61,60,1995
1049,ProductCatalogAPI,62,178,116,912
1049,InventoryCheckAPI,181,257,76,1488
1049,FraudDetectionAPI,258,319,61,983
1049,PaymentGatewayAPI,322,384,62,724
1049,ShippingServiceAPI,385,485,100,895
1049,NotificationAPI,486,584,98,848
1050,UserAuthAPI,1,111,110,896
1050,ProductCatalogAPI,106,178,72,1061
1050,InventoryCheckAPI,180,270,90,763
1050,FraudDetectionAPI,272,354,82,1198
1050,PaymentGatewayAPI,355,403,48,1487
1050,ShippingServiceAPI,398,448,50,1902
1050,NotificationAPI,449,551,102,741
1051,UserAuthAPI,1,66,65,1407
1051,ProductCatalogAPI,68,176,108,698
1051,InventoryCheckAPI,180,243,63,1612
1051,FraudDetectionAPI,244,352,108,1817
1051,PaymentGatewayAPI,353,424,71,1339
1051,ShippingServiceAPI,426,507,81,1077
1051,NotificationAPI,508,617,109,745
1052,UserAuthAPI,1,83,82,1110
1052,ProductCatalogAPI,84,166,82,1633
1052,InventoryCheckAPI,169,218,49,1725
1052,FraudDetectionAPI,219,264,45,1192
1052,PaymentGatewayAPI,259,364,105,1305
1052,ShippingServiceAPI,359,475,116,534
1052,NotificationAPI,479,540,61,990
1053,UserAuthAPI,1,57,56,760
1053,ProductCatalogAPI,59,138,79,1000
1053,InventoryCheckAPI,142,223,81,506
1053,FraudDetectionAPI,225,335,110,1158
1053,PaymentGatewayAPI,337,410,73,551
1053,ShippingServiceAPI,411,456,45,1469
1053,NotificationAPI,458,522,64,565
1054,UserAuthAPI,1,66,65,1400
1054,ProductCatalogAPI,68,178,110,1573
1054,InventoryCheckAPI,181,273,92,1829
1054,FraudDetectionAPI,274,375,101,972
1054,PaymentGatewayAPI,378,446,68,1881
1054,ShippingServiceAPI,447,530,83,1376
1054,NotificationAPI,531,629,98,1337
1055,UserAuthAPI,1,76,75,583
1055,ProductCatalogAPI,78,181,103,703
1055,InventoryCheckAPI,183,260,77,1003
1055,FraudDetectionAPI,262,318,56,1074
1055,PaymentGatewayAPI,319,397,78,629
1055,ShippingServiceAPI,398,491,93,1568
1055,NotificationAPI,494,613,119,1938
1056,UserAuthAPI,1,49,48,1963
1056,ProductCatalogAPI,52,169,117,800
1056,InventoryCheckAPI,172,233,61,1878
1056,FraudDetectionAPI,235,314,79,525
1056,PaymentGatewayAPI,309,393,84,1293
1056,ShippingServiceAPI,388,433,45,1295
1056,NotificationAPI,434,536,102,1536
1057,UserAuthAPI,1,117,116,1396
1057,ProductCatalogAPI,112,188,76,1554
1057,InventoryCheckAPI,189,237,48,1376
1057,FraudDetectionAPI,238,290,52,897
1057,PaymentGatewayAPI,293,410,117,1338
1057,ShippingServiceAPI,412,493,81,1437
1057,NotificationAPI,494,577,83,924
1058,UserAuthAPI,1,41,40,1662
1058,ProductCatalogAPI,43,94,51,1767
1058,InventoryCheckAPI,95,188,93,1718
1058,FraudDetectionAPI,190,282,92,1485
1058,PaymentGatewayAPI,285,356,71,1184
1058,ShippingServiceAPI,357,455,98,1577
1058,NotificationAPI,456,516,60,1295
1059,UserAuthAPI,1,88,87,1929
1059,ProductCatalogAPI,90,130,40,1746
1059,InventoryCheckAPI,131,212,81,853
1059,FraudDetectionAPI,207,316,109,1526
1059,PaymentGatewayAPI,317,400,83,654
1059,ShippingServiceAPI,395,454,59,1427
1059,NotificationAPI,457,539,82,647
1060,UserAuthAPI,1,42,41,567
1060,ProductCatalogAPI,37,80,43,1391
1060,InventoryCheckAPI,83,123,40,1809
1060,FraudDetectionAPI,118,169,51,729
1060,PaymentGatewayAPI,170,226,56,685
1060,ShippingServiceAPI,221,300,79,1747
1060,NotificationAPI,302,360,58,1808
1061,UserAuthAPI,1,92,91,1231
1061,ProductCatalogAPI,95,155,60,559
1061,InventoryCheckAPI,158,217,59,1380
1061,FraudDetectionAPI,219,338,119,1330
1061,PaymentGatewayAPI,333,373,40,814
1061,ShippingServiceAPI,374,485,111,570
1061,NotificationAPI,486,569,83,675
1062,UserAuthAPI,1,115,114,642
1062,ProductCatalogAPI,116,208,92,1568
1062,InventoryCheckAPI,209,261,52,533
1062,FraudDetectionAPI,262,369,107,1656
1062,PaymentGatewayAPI,372,451,79,1465
1062,ShippingServiceAPI,446,488,42,1034
1062,NotificationAPI,491,605,114,549
1063,UserAuthAPI,1,60,59,1503
1063,ProductCatalogAPI,61,172,111,838
1063,InventoryCheckAPI,173,221,48,503
1063,FraudDetectionAPI,222,295,73,572
1063,PaymentGatewayAPI,298,412,114,1497
1063,ShippingServiceAPI,414,457,43,1429
1063,NotificationAPI,458,535,77,702
1064,UserAuthAPI,1,92,91,1879
1064,ProductCatalogAPI,93,177,84,1326
1064,InventoryCheckAPI,179,246,67,1270
1064,FraudDetectionAPI,241,309,68,536
1064,PaymentGatewayAPI,310,373,63,1569
1064,ShippingServiceAPI,375,459,84,787
1064,NotificationAPI,461,504,43,1290
1065,UserAuthAPI,1,114,113,1080
1065,ProductCatalogAPI,118,171,53,853
1065,InventoryCheckAPI,175,294,119,570
1065,FraudDetectionAPI,295,395,100,1114
1065,PaymentGatewayAPI,398,454,56,1828
1065,ShippingServiceAPI,456,573,117,1388
1065,NotificationAPI,575,659,84,1448
1066,UserAuthAPI,1,102,101,933
1066,ProductCatalogAPI,106,220,114,1225
1066,InventoryCheckAPI,222,333,111,783
1066,FraudDetectionAPI,335,410,75,1102
1066,PaymentGatewayAPI,414,478,64,990
1066,ShippingServiceAPI,480,552,72,1259
1066,NotificationAPI,547,665,118,1428
1067,UserAuthAPI,1,105,104,1314
1067,ProductCatalogAPI,106,177,71,1450
1067,InventoryCheckAPI,180,270,90,942
1067,FraudDetectionAPI,271,324,53,901
1067,PaymentGatewayAPI,327,422,95,1887
1067,ShippingServiceAPI,425,524,99,612
1067,NotificationAPI,528,573,45,1593
1068,UserAuthAPI,1,55,54,1050
1068,ProductCatalogAPI,56,105,49,502
1068,InventoryCheckAPI,100,161,61,566
1068,FraudDetectionAPI,165,223,58,1841
1068,PaymentGatewayAPI,225,340,115,1152
1068,ShippingServiceAPI,343,434,91,540
1068,NotificationAPI,437,515,78,1536
1069,UserAuthAPI,1,83,82,708
1069,ProductCatalogAPI,86,171,85,975
1069,InventoryCheckAPI,173,259,86,713
1069,FraudDetectionAPI,260,324,64,1270
1069,PaymentGatewayAPI,326,378,52,860
1069,ShippingServiceAPI,380,462,82,661
1069,NotificationAPI,463,554,91,1047
1070,UserAuthAPI,1,92,91,987
1070,ProductCatalogAPI,94,144,50,856
1070,InventoryCheckAPI,145,263,118,1667
1070,FraudDetectionAPI,266,352,86,1846
1070,PaymentGatewayAPI,353,400,47,716
1070,ShippingServiceAPI,401,490,89,1302
1070,NotificationAPI,491,585,94,865
1071,UserAuthAPI,1,109,108,1419
1071,ProductCatalogAPI,112,222,110,1162
1071,InventoryCheckAPI,226,277,51,1918
1071,FraudDetectionAPI,281,349,68,1779
1071,PaymentGatewayAPI,351,438,87,727
1071,ShippingServiceAPI,442,547,105,1762
1071,NotificationAPI,549,636,87,849
1072,UserAuthAPI,1,97,96,1260
1072,ProductCatalogAPI,98,169,71,507
1072,InventoryCheckAPI,170,239,69,1922
1072,FraudDetectionAPI,240,317,77,1666
1072,PaymentGatewayAPI,319,422,103,1933
1072,ShippingServiceAPI,423,540,117,535
1072,NotificationAPI,542,659,117,1938
1073,UserAuthAPI,1,80,79,1212
1073,ProductCatalogAPI,75,156,81,645
1073,InventoryCheckAPI,159,274,115,1072
1073,FraudDetectionAPI,275,321,46,1298
1073,PaymentGatewayAPI,323,426,103,745
1073,ShippingServiceAPI,429,471,42,1616
1073,NotificationAPI,472,532,60,1862
1074,UserAuthAPI,1,53,52,1474
1074,ProductCatalogAPI,54,132,78,1078
1074,InventoryCheckAPI,136,177,41,510
1074,FraudDetectionAPI,179,266,87,1917
1074,PaymentGatewayAPI,270,344,74,1381
1074,ShippingServiceAPI,348,440,92,1004
1074,NotificationAPI,444,559,115,1502
1075,UserAuthAPI,1,46,45,998
1075,ProductCatalogAPI,50,164,114,1146
1075,InventoryCheckAPI,167,271,104,1873
1075,FraudDetectionAPI,275,361,86,801
1075,PaymentGatewayAPI,362,462,100,986
1075,ShippingServiceAPI,464,554,90,1714
1075,NotificationAPI,549,610,61,1850
1076,UserAuthAPI,1,84,83,1018
1076,ProductCatalogAPI,85,126,41,1028
1076,InventoryCheckAPI,127,196,69,1481
1076,FraudDetectionAPI,199,264,65,1420
1076,PaymentGatewayAPI,267,337,70,681
1076,ShippingServiceAPI,340,430,90,813
1076,NotificationAPI,425,485,60,1304
1077,UserAuthAPI,1,59,58,1647
1077,ProductCatalogAPI,61,178,117,1469
1077,InventoryCheckAPI,179,281,102,1371
1077,FraudDetectionAPI,284,400,116,1982
1077,PaymentGatewayAPI,403,448,45,1680
1077,ShippingServiceAPI,449,493,44,1436
1077,NotificationAPI,494,595,101,1111
1078,UserAuthAPI,1,92,91,1969
1078,ProductCatalogAPI,93,212,119,874
1078,InventoryCheckAPI,215,288,73,1303
1078,FraudDetectionAPI,289,348,59,1092
1078,PaymentGatewayAPI,352,454,102,1590
1078,ShippingServiceAPI,456,565,109,758
1078,NotificationAPI,568,631,63,799
1079,UserAuthAPI,1,94,93,1815
1079,ProductCatalogAPI,97,174,77,528
1079,InventoryCheckAPI,176,279,103,843
1079,FraudDetectionAPI,282,398,116,1236
1079,PaymentGatewayAPI,399,455,56,585
1079,ShippingServiceAPI,458,503,45,1192
1079,NotificationAPI,498,554,56,814
1080,UserAuthAPI,1,94,93,567
1080,ProductCatalogAPI,98,214,116,1355
1080,InventoryCheckAPI,216,318,102,1882
1080,FraudDetectionAPI,319,415,96,1628
1080,PaymentGatewayAPI,410,491,81,1651
1080,ShippingServiceAPI,494,609,115,1046
1080,NotificationAPI,610,685,75,565
1081,UserAuthAPI,1,96,95,1156
1081,ProductCatalogAPI,98,145,47,645
1081,InventoryCheckAPI,147,204,57,624
1081,FraudDetectionAPI,207,318,111,1214
1081,PaymentGatewayAPI,320,406,86,1553
1081,ShippingServiceAPI,407,488,81,631
1081,NotificationAPI,492,555,63,1481
1082,UserAuthAPI,1,42,41,1407
1082,ProductCatalogAPI,46,156,110,947
1082,InventoryCheckAPI,151,233,82,1193
1082,FraudDetectionAPI,228,329,101,1993
1082,PaymentGatewayAPI,330,442,112,1485
1082,ShippingServiceAPI,443,483,40,1211
1082,NotificationAPI,485,592,107,1153
1083,UserAuthAPI,1,54,53,1020
1083,ProductCatalogAPI,55,143,88,644
1083,InventoryCheckAPI,145,244,99,630
1083,FraudDetectionAPI,247,307,60,1012
1083,PaymentGatewayAPI,308,392,84,931
1083,ShippingServiceAPI,396,450,54,1307
1083,NotificationAPI,454,549,95,673
1084,UserAuthAPI,1,53,52,1038
1084,ProductCatalogAPI,55,144,89,1584
1084,InventoryCheckAPI,147,198,51,1680
1084,FraudDetectionAPI,202,261,59,1554
1084,PaymentGatewayAPI,265,379,114,532
1084,ShippingServiceAPI,380,487,107,1972
1084,NotificationAPI,490,566,76,533
1085,UserAuthAPI,1,93,92,1663
1085,ProductCatalogAPI,95,200,105,1481
1085,InventoryCheckAPI,203,282,79,651
1085,FraudDetectionAPI,284,391,107,1099
1085,PaymentGatewayAPI,386,480,94,866
1085,ShippingServiceAPI,482,581,99,1702
1085,NotificationAPI,584,696,112,1429
1086,UserAuthAPI,1,58,57,793
1086,ProductCatalogAPI,53,124,71,762
1086,InventoryCheckAPI,126,211,85,688
1086,FraudDetectionAPI,212,291,79,1099
1086,PaymentGatewayAPI,292,336,44,1705
1086,ShippingServiceAPI,340,437,97,521
1086,NotificationAPI,438,556,118,665
1087,UserAuthAPI,1,89,88,1140
1087,ProductCatalogAPI,90,157,67,1558
1087,InventoryCheckAPI,160,261,101,842
1087,FraudDetectionAPI,263,381,118,1392
1087,PaymentGatewayAPI,383,448,65,1174
1087,ShippingServiceAPI,452,554,102,1143
1087,NotificationAPI,557,641,84,1178
1088,UserAuthAPI,1,105,104,1289
1088,ProductCatalogAPI,108,184,76,1254
1088,InventoryCheckAPI,186,283,97,1786
1088,FraudDetectionAPI,285,375,90,742
1088,PaymentGatewayAPI,377,425,48,929
1088,ShippingServiceAPI,427,479,52,1406
1088,NotificationAPI,482,571,89,1590
1089,UserAuthAPI,1,77,76,683
1089,ProductCatalogAPI,79,134,55,1823
1089,InventoryCheckAPI,135,245,110,1401
1089,FraudDetectionAPI,249,339,90,1270
1089,PaymentGatewayAPI,341,434,93,1807
1089,ShippingServiceAPI,436,507,71,1766
1089,NotificationAPI,508,583,75,1257
1090,UserAuthAPI,1,106,105,1661
1090,ProductCatalogAPI,108,226,118,1104
1090,InventoryCheckAPI,228,289,61,1493
1090,FraudDetectionAPI,293,347,54,1914
1090,PaymentGatewayAPI,350,439,89,1533
1090,ShippingServiceAPI,442,540,98,1611
1090,NotificationAPI,541,643,102,1288
1091,UserAuthAPI,1,119,118,1986
1091,ProductCatalogAPI,121,174,53,1054
1091,InventoryCheckAPI,178,250,72,1782
1091,FraudDetectionAPI,253,336,83,866
1091,PaymentGatewayAPI,338,412,74,595
1091,ShippingServiceAPI,415,462,47,1771
1091,NotificationAPI,465,566,101,985
1092,UserAuthAPI,1,68,67,947
1092,ProductCatalogAPI,69,167,98,920
1092,InventoryCheckAPI,169,249,80,1440
1092,FraudDetectionAPI,252,325,73,512
1092,PaymentGatewayAPI,326,388,62,1444
1092,ShippingServiceAPI,383,469,86,1688
1092,NotificationAPI,471,539,68,1176
1093,UserAuthAPI,1,84,83,1819
1093,ProductCatalogAPI,87,128,41,1430
1093,InventoryCheckAPI,123,197,74,1117
1093,FraudDetectionAPI,199,270,71,1207
1093,PaymentGatewayAPI,272,382,110,1818
1093,ShippingServiceAPI,383,459,76,1011
1093,NotificationAPI,461,504,43,1034
1094,UserAuthAPI,1,106,105,1163
1094,ProductCatalogAPI,101,164,63,1552
1094,InventoryCheckAPI,166,223,57,1139
1094,FraudDetectionAPI,226,269,43,1812
1094,PaymentGatewayAPI,270,351,81,1683
1094,ShippingServiceAPI,353,396,43,1799
1094,NotificationAPI,398,505,107,1201
1095,UserAuthAPI,1,115,114,579
1095,ProductCatalogAPI,119,164,45,1618
1095,InventoryCheckAPI,165,227,62,1015
1095,FraudDetectionAPI,230,313,83,1492
1095,PaymentGatewayAPI,308,389,81,1240
1095,ShippingServiceAPI,393,464,71,1823
1095,NotificationAPI,466,510,44,1380
1096,UserAuthAPI,1,85,84,1857
1096,ProductCatalogAPI,89,158,69,1074
1096,InventoryCheckAPI,159,250,91,1844
1096,FraudDetectionAPI,252,294,42,1934
1096,PaymentGatewayAPI,289,382,93,978
1096,ShippingServiceAPI,384,476,92,1507
1096,NotificationAPI,471,514,43,1502
1097,UserAuthAPI,1,46,45,1303
1097,ProductCatalogAPI,47,125,78,579
1097,InventoryCheckAPI,127,181,54,846
1097,FraudDetectionAPI,185,283,98,1277
1097,PaymentGatewayAPI,284,397,113,1476
1097,ShippingServiceAPI,392,510,118,614
1097,NotificationAPI,511,611,100,1464
1098,UserAuthAPI,1,86,85,951
1098,ProductCatalogAPI,87,127,40,1728
1098,InventoryCheckAPI,122,210,88,997
1098,FraudDetectionAPI,211,266,55,1480
1098,PaymentGatewayAPI,267,342,75,1979
1098,ShippingServiceAPI,344,430,86,1091
1098,NotificationAPI,432,489,57,1279
1099,UserAuthAPI,1,100,99,1598
1099,ProductCatalogAPI,101,174,73,1152
1099,InventoryCheckAPI,169,220,51,1754
1099,FraudDetectionAPI,222,300,78,1344
1099,PaymentGatewayAPI,302,372,70,1781
1099,ShippingServiceAPI,373,454,81,530
1099,NotificationAPI,456,551,95,969
1100,UserAuthAPI,1,54,53,769
1100,ProductCatalogAPI,55,144,89,1829
1100,InventoryCheckAPI,147,259,112,948
1100,FraudDetectionAPI,260,370,110,1373
1100,PaymentGatewayAPI,371,413,42,627
1100,ShippingServiceAPI,417,499,82,1542
1100,NotificationAPI,501,598,97,1804
1101,UserAuthAPI,1,88,87,1061
1101,ProductCatalogAPI,92,190,98,660
1101,InventoryCheckAPI,191,258,67,1285
1101,FraudDetectionAPI,262,316,54,1456
1101,PaymentGatewayAPI,317,371,54,936
1101,ShippingServiceAPI,373,427,54,1970
1101,NotificationAPI,428,510,82,1317
1102,UserAuthAPI,1,99,98,1296
1102,ProductCatalogAPI,100,179,79,786
1102,InventoryCheckAPI,174,224,50,836
1102,FraudDetectionAPI,225,339,114,730
1102,PaymentGatewayAPI,340,436,96,1143
1102,ShippingServiceAPI,439,502,63,1308
1102,NotificationAPI,506,591,85,1303
1103,UserAuthAPI,1,118,117,1353
1103,ProductCatalogAPI,119,206,87,1944
1103,InventoryCheckAPI,208,307,99,1984
1103,FraudDetectionAPI,310,357,47,1402
1103,PaymentGatewayAPI,360,457,97,1860
1103,ShippingServiceAPI,461,534,73,583
1103,NotificationAPI,538,599,61,1742
1104,UserAuthAPI,1,55,54,1400
1104,ProductCatalogAPI,56,167,111,1158
1104,InventoryCheckAPI,170,223,53,765
1104,FraudDetectionAPI,226,287,61,792
1104,PaymentGatewayAPI,291,361,70,1694
1104,ShippingServiceAPI,362,437,75,790
1104,NotificationAPI,432,526,94,872
1105,UserAuthAPI,1,87,86,761
1105,ProductCatalogAPI,89,158,69,654
1105,InventoryCheckAPI,162,240,78,534
1105,FraudDetectionAPI,242,296,54,1222
1105,PaymentGatewayAPI,291,362,71,1499
1105,ShippingServiceAPI,364,409,45,526
1105,NotificationAPI,411,455,44,1948
1106,UserAuthAPI,1,94,93,1347
1106,ProductCatalogAPI,96,212,116,542
1106,InventoryCheckAPI,207,275,68,1789
1106,FraudDetectionAPI,278,321,43,1240
1106,PaymentGatewayAPI,323,395,72,1655
1106,ShippingServiceAPI,399,514,115,1859
1106,NotificationAPI,515,612,97,1327
1107,UserAuthAPI,1,110,109,1648
1107,ProductCatalogAPI,113,199,86,1368
1107,InventoryCheckAPI,203,286,83,1414
1107,FraudDetectionAPI,287,384,97,1614
1107,PaymentGatewayAPI,386,466,80,1857
1107,ShippingServiceAPI,470,524,54,1087
1107,NotificationAPI,527,589,62,1344
1108,UserAuthAPI,1,105,104,1277
1108,ProductCatalogAPI,108,205,97,1922
1108,InventoryCheckAPI,208,270,62,1940
1108,FraudDetectionAPI,271,383,112,1895
1108,PaymentGatewayAPI,385,495,110,1356
1108,ShippingServiceAPI,498,591,93,727
1108,NotificationAPI,594,693,99,867
1109,UserAuthAPI,1,59,58,929
1109,ProductCatalogAPI,61,170,109,1496
1109,InventoryCheckAPI,172,245,73,1810
1109,FraudDetectionAPI,246,291,45,1274
1109,PaymentGatewayAPI,292,403,111,559
1109,ShippingServiceAPI,404,490,86,1767
1109,NotificationAPI,493,559,66,977
1110,UserAuthAPI,1,88,87,1169
1110,ProductCatalogAPI,91,177,86,1550
1110,InventoryCheckAPI,181,233,52,644
1110,FraudDetectionAPI,235,284,49,1644
1110,PaymentGatewayAPI,287,363,76,881
1110,ShippingServiceAPI,366,412,46,1941
1110,NotificationAPI,413,493,80,1129
1111,UserAuthAPI,1,47,46,583
1111,ProductCatalogAPI,48,130,82,1857
1111,InventoryCheckAPI,125,178,53,1160
1111,FraudDetectionAPI,181,277,96,846
1111,PaymentGatewayAPI,280,343,63,632
1111,ShippingServiceAPI,338,420,82,1139
1111,NotificationAPI,424,469,45,993
1112,UserAuthAPI,1,47,46,789
1112,ProductCatalogAPI,49,165,116,1837
1112,InventoryCheckAPI,168,280,112,544
1112,FraudDetectionAPI,282,393,111,1724
1112,PaymentGatewayAPI,396,465,69,1201
1112,ShippingServiceAPI,467,511,44,1220
1112,NotificationAPI,513,553,40,1988
1113,UserAuthAPI,1,75,74,864
1113,ProductCatalogAPI,76,145,69,626
1113,InventoryCheckAPI,146,200,54,1771
1113,FraudDetectionAPI,201,300,99,782
1113,PaymentGatewayAPI,302,405,103,1272
1113,ShippingServiceAPI,400,507,107,738
1113,NotificationAPI,502,564,62,1876
1114,UserAuthAPI,1,119,118,961
1114,ProductCatalogAPI,123,199,76,1297
1114,InventoryCheckAPI,200,273,73,947
1114,FraudDetectionAPI,276,324,48,1509
1114,PaymentGatewayAPI,325,397,72,1171
1114,ShippingServiceAPI,392,468,76,1487
1114,NotificationAPI,469,567,98,1559
1115,UserAuthAPI,1,91,90,1531
1115,ProductCatalogAPI,93,173,80,1880
1115,InventoryCheckAPI,176,253,77,1353
1115,FraudDetectionAPI,248,342,94,1377
1115,PaymentGatewayAPI,344,448,104,563
1115,ShippingServiceAPI,451,531,80,1565
1115,NotificationAPI,533,622,89,708
1116,UserAuthAPI,1,88,87,1915
1116,ProductCatalogAPI,89,136,47,1739
1116,InventoryCheckAPI,138,208,70,693
1116,FraudDetectionAPI,210,295,85,1146
1116,PaymentGatewayAPI,296,393,97,1536
1116,ShippingServiceAPI,394,498,104,548
1116,NotificationAPI,500,556,56,1974
1117,UserAuthAPI,1,74,73,1225
1117,ProductCatalogAPI,75,143,68,1825
1117,InventoryCheckAPI,145,261,116,1070
1117,FraudDetectionAPI,263,368,105,917
1117,PaymentGatewayAPI,369,413,44,508
1117,ShippingServiceAPI,414,470,56,1535
1117,NotificationAPI,472,578,106,1576
1118,UserAuthAPI,1,88,87,1485
1118,ProductCatalogAPI,91,147,56,553
1118,InventoryCheckAPI,148,255,107,843
1118,FraudDetectionAPI,259,331,72,1202
1118,PaymentGatewayAPI,333,400,67,1068
1118,ShippingServiceAPI,402,448,46,888
1118,NotificationAPI,451,570,119,1647
1119,UserAuthAPI,1,80,79,783
1119,ProductCatalogAPI,81,176,95,1698
1119,InventoryCheckAPI,180,259,79,1838
1119,FraudDetectionAPI,260,365,105,633
1119,PaymentGatewayAPI,367,471,104,1521
1119,ShippingServiceAPI,472,544,72,1576
1119,NotificationAPI,547,637,90,1338
1120,UserAuthAPI,1,80,79,749
1120,ProductCatalogAPI,82,160,78,682
1120,InventoryCheckAPI,162,266,104,996
1120,FraudDetectionAPI,269,353,84,1560
1120,PaymentGatewayAPI,348,453,105,818
1120,ShippingServiceAPI,454,524,70,1116
1120,NotificationAPI,526,573,47,1060
1121,UserAuthAPI,1,115,114,524
1121,ProductCatalogAPI,116,207,91,1747
1121,InventoryCheckAPI,208,281,73,1720
1121,FraudDetectionAPI,282,329,47,1219
1121,PaymentGatewayAPI,333,397,64,931
1121,ShippingServiceAPI,401,461,60,1621
1121,NotificationAPI,462,579,117,1424
1122,UserAuthAPI,1,47,46,855
1122,ProductCatalogAPI,49,147,98,1773
1122,InventoryCheckAPI,148,225,77,1645
1122,FraudDetectionAPI,228,285,57,1825
1122,PaymentGatewayAPI,286,388,102,1274
1122,ShippingServiceAPI,389,494,105,1193
1122,NotificationAPI,495,586,91,1489
1123,UserAuthAPI,1,47,46,1411
1123,ProductCatalogAPI,49,141,92,1540
1123,InventoryCheckAPI,142,242,100,1389
1123,FraudDetectionAPI,245,336,91,1942
1123,PaymentGatewayAPI,337,437,100,1767
1123,ShippingServiceAPI,440,500,60,1826
1123,NotificationAPI,503,595,92,747
1124,UserAuthAPI,1,84,83,531
1124,ProductCatalogAPI,79,136,57,880
1124,InventoryCheckAPI,138,193,55,662
1124,FraudDetectionAPI,188,236,48,794
1124,PaymentGatewayAPI,237,286,49,1191
1124,ShippingServiceAPI,288,389,101,1094
1124,NotificationAPI,390,437,47,1229
1125,UserAuthAPI,1,63,62,1642
1125,ProductCatalogAPI,65,180,115,1434
1125,InventoryCheckAPI,183,232,49,886
1125,FraudDetectionAPI,227,327,100,1143
1125,PaymentGatewayAPI,329,376,47,1369
1125,ShippingServiceAPI,378,452,74,937
1125,NotificationAPI,456,561,105,1026
1126,UserAuthAPI,1,79,78,1123
1126,ProductCatalogAPI,80,170,90,1493
1126,InventoryCheckAPI,171,237,66,1898
1126,FraudDetectionAPI,232,327,95,824
1126,PaymentGatewayAPI,328,371,43,1140
1126,ShippingServiceAPI,372,481,109,903
1126,NotificationAPI,483,549,66,1683
1127,UserAuthAPI,1,52,51,1213
1127,ProductCatalogAPI,55,145,90,545
1127,InventoryCheckAPI,147,241,94,1601
1127,FraudDetectionAPI,244,299,55,1159
1127,PaymentGatewayAPI,300,354,54,577
1127,ShippingServiceAPI,357,430,73,774
1127,NotificationAPI,431,533,102,1884
1128,UserAuthAPI,1,77,76,693
1128,ProductCatalogAPI,78,128,50,1982
1128,InventoryCheckAPI,131,214,83,800
1128,FraudDetectionAPI,216,287,71,648
1128,PaymentGatewayAPI,288,404,116,638
1128,ShippingServiceAPI,405,480,75,834
1128,NotificationAPI,482,577,95,806
1129,UserAuthAPI,1,42,41,1785
1129,ProductCatalogAPI,43,122,79,1156
1129,InventoryCheckAPI,124,221,97,760
1129,FraudDetectionAPI,224,304,80,1159
1129,PaymentGatewayAPI,307,402,95,1081
1129,ShippingServiceAPI,403,453,50,850
1129,NotificationAPI,455,499,44,879
1130,UserAuthAPI,1,71,70,1807
1130,ProductCatalogAPI,73,121,48,1306
1130,InventoryCheckAPI,125,191,66,1855
1130,FraudDetectionAPI,193,265,72,1102
1130,PaymentGatewayAPI,266,307,41,1921
1130,ShippingServiceAPI,310,418,108,533
1130,NotificationAPI,420,478,58,1553
1131,UserAuthAPI,1,56,55,679
1131,ProductCatalogAPI,59,147,88,1918
1131,InventoryCheckAPI,148,234,86,1730
1131,FraudDetectionAPI,236,346,110,1936
1131,PaymentGatewayAPI,348,410,62,1675
1131,ShippingServiceAPI,405,454,49,1915
1131,NotificationAPI,456,571,115,1488
1132,UserAuthAPI,1,66,65,920
1132,ProductCatalogAPI,68,145,77,1260
1132,InventoryCheckAPI,147,203,56,1087
1132,FraudDetectionAPI,205,322,117,1670
1132,PaymentGatewayAPI,323,399,76,1049
1132,ShippingServiceAPI,400,479,79,1320
1132,NotificationAPI,481,586,105,1063
1133,UserAuthAPI,1,41,40,666
1133,ProductCatalogAPI,43,104,61,1006
1133,InventoryCheckAPI,107,186,79,1904
1133,FraudDetectionAPI,190,298,108,780
1133,PaymentGatewayAPI,302,371,69,1260
1133,ShippingServiceAPI,373,457,84,1227
1133,NotificationAPI,458,527,69,513
1134,UserAuthAPI,1,66,65,698
1134,ProductCatalogAPI,68,176,108,1815
1134,InventoryCheckAPI,178,295,117,611
1134,FraudDetectionAPI,297,350,53,1491
1134,PaymentGatewayAPI,352,419,67,1822
1134,ShippingServiceAPI,420,536,116,1991
1134,NotificationAPI,539,614,75,1514
1135,UserAuthAPI,1,47,46,522
1135,ProductCatalogAPI,49,109,60,1987
1135,InventoryCheckAPI,111,197,86,808
1135,FraudDetectionAPI,200,280,80,702
1135,PaymentGatewayAPI,275,328,53,1503
1135,ShippingServiceAPI,331,387,56,1075
1135,NotificationAPI,388,475,87,790
1136,UserAuthAPI,1,57,56,1167
1136,ProductCatalogAPI,59,171,112,1706
1136,InventoryCheckAPI,172,224,52,1459
1136,FraudDetectionAPI,226,318,92,1810
1136,PaymentGatewayAPI,321,434,113,600
1136,ShippingServiceAPI,437,509,72,1248
1136,NotificationAPI,513,618,105,1891
1137,UserAuthAPI,1,45,44,620
1137,ProductCatalogAPI,47,162,115,1575
1137,InventoryCheckAPI,164,238,74,1201
1137,FraudDetectionAPI,239,344,105,1192
1137,PaymentGatewayAPI,346,400,54,701
1137,ShippingServiceAPI,401,471,70,809
1137,NotificationAPI,473,538,65,565
1138,UserAuthAPI,1,79,78,1299
1138,ProductCatalogAPI,81,198,117,912
1138,InventoryCheckAPI,199,269,70,1717
1138,FraudDetectionAPI,270,356,86,1296
1138,PaymentGatewayAPI,360,448,88,1555
1138,ShippingServiceAPI,450,551,101,1766
1138,NotificationAPI,553,622,69,580
1139,UserAuthAPI,1,48,47,1518
1139,ProductCatalogAPI,50,101,51,685
1139,InventoryCheckAPI,102,179,77,965
1139,FraudDetectionAPI,181,223,42,824
1139,PaymentGatewayAPI,224,290,66,1176
1139,ShippingServiceAPI,291,346,55,1292
1139,NotificationAPI,349,405,56,1694
1140,UserAuthAPI,1,44,43,1589
1140,ProductCatalogAPI,46,116,70,1356
1140,InventoryCheckAPI,111,219,108,1163
1140,FraudDetectionAPI,223,307,84,722
1140,PaymentGatewayAPI,308,370,62,1430
1140,ShippingServiceAPI,373,418,45,1017
1140,NotificationAPI,421,490,69,1780
1141,UserAuthAPI,1,68,67,916
1141,ProductCatalogAPI,70,147,77,807
1141,InventoryCheckAPI,149,190,41,552
1141,FraudDetectionAPI,191,298,107,960
1141,PaymentGatewayAPI,299,405,106,1660
1141,ShippingServiceAPI,408,510,102,1779
1141,NotificationAPI,514,567,53,1670
1142,UserAuthAPI,1,47,46,1970
1142,ProductCatalogAPI,49,143,94,1782
1142,InventoryCheckAPI,144,228,84,984
1142,FraudDetectionAPI,231,286,55,1858
1142,PaymentGatewayAPI,281,338,57,1444
1142,ShippingServiceAPI,333,401,68,1632
1142,NotificationAPI,402,496,94,1166
1143,UserAuthAPI,1,81,80,1662
1143,ProductCatalogAPI,83,178,95,1279
1143,InventoryCheckAPI,181,295,114,637
1143,FraudDetectionAPI,297,350,53,832
1143,PaymentGatewayAPI,354,444,90,925
1143,ShippingServiceAPI,447,487,40,1208
1143,NotificationAPI,482,569,87,637
1144,UserAuthAPI,1,87,86,867
1144,ProductCatalogAPI,89,145,56,1795
1144,InventoryCheckAPI,140,215,75,1862
1144,FraudDetectionAPI,217,331,114,1267
1144,PaymentGatewayAPI,335,377,42,1029
1144,ShippingServiceAPI,379,472,93,742
1144,NotificationAPI,474,530,56,1989
1145,UserAuthAPI,1,53,52,1330
1145,ProductCatalogAPI,48,123,75,1285
1145,InventoryCheckAPI,118,182,64,1567
1145,FraudDetectionAPI,185,236,51,1627
1145,PaymentGatewayAPI,238,330,92,911
1145,ShippingServiceAPI,332,436,104,1654
1145,NotificationAPI,437,547,110,1404
1146,UserAuthAPI,1,114,113,805
1146,ProductCatalogAPI,115,166,51,582
1146,InventoryCheckAPI,167,273,106,1934
1146,FraudDetectionAPI,268,380,112,1779
1146,PaymentGatewayAPI,383,424,41,1395
1146,ShippingServiceAPI,427,534,107,1975
1146,NotificationAPI,535,575,40,1100
1147,UserAuthAPI,1,42,41,1478
1147,ProductCatalogAPI,44,87,43,1603
1147,InventoryCheckAPI,91,191,100,718
1147,FraudDetectionAPI,192,298,106,1989
1147,PaymentGatewayAPI,299,344,45,1311
1147,ShippingServiceAPI,347,432,85,1113
1147,NotificationAPI,433,499,66,1382
1148,UserAuthAPI,1,88,87,1719
1148,ProductCatalogAPI,89,196,107,1434
1148,InventoryCheckAPI,199,304,105,1411
1148,FraudDetectionAPI,306,354,48,1752
1148,PaymentGatewayAPI,356,407,51,1708
1148,ShippingServiceAPI,410,460,50,704
1148,NotificationAPI,462,564,102,1682
1149,UserAuthAPI,1,60,59,1277
1149,ProductCatalogAPI,55,120,65,891
1149,InventoryCheckAPI,122,228,106,1498
1149,FraudDetectionAPI,230,318,88,742
1149,PaymentGatewayAPI,322,387,65,1824
1149,ShippingServiceAPI,382,425,43,1087
1149,NotificationAPI,426,491,65,1362
1150,UserAuthAPI,1,69,68,636
1150,ProductCatalogAPI,72,115,43,1070
1150,InventoryCheckAPI,117,193,76,1647
1150,FraudDetectionAPI,195,247,52,550
1150,PaymentGatewayAPI,250,322,72,1928
1150,ShippingServiceAPI,317,381,64,865
1150,NotificationAPI,383,424,41,1911
1151,UserAuthAPI,1,95,94,1171
1151,ProductCatalogAPI,96,190,94,644
1151,InventoryCheckAPI,192,282,90,1219
1151,FraudDetectionAPI,285,334,49,1493
1151,PaymentGatewayAPI,329,382,53,1846
1151,ShippingServiceAPI,383,478,95,1586
1151,NotificationAPI,481,531,50,1442
1152,UserAuthAPI,1,105,104,1366
1152,ProductCatalogAPI,109,226,117,580
1152,InventoryCheckAPI,228,329,101,1756
1152,FraudDetectionAPI,324,404,80,1966
1152,PaymentGatewayAPI,405,466,61,1163
1152,ShippingServiceAPI,467,547,80,1798
1152,NotificationAPI,550,651,101,1990
1153,UserAuthAPI,1,62,61,1665
1153,ProductCatalogAPI,57,161,104,1952
1153,InventoryCheckAPI,165,250,85,1523
1153,FraudDetectionAPI,245,334,89,1884
1153,PaymentGatewayAPI,335,413,78,1372
1153,ShippingServiceAPI,415,522,107,1530
1153,NotificationAPI,517,560,43,1087
1154,UserAuthAPI,1,99,98,1234
1154,ProductCatalogAPI,103,173,70,854
1154,InventoryCheckAPI,174,265,91,1891
1154,FraudDetectionAPI,267,327,60,1027
1154,PaymentGatewayAPI,329,386,57,1698
1154,ShippingServiceAPI,389,506,117,939
1154,NotificationAPI,507,562,55,1736
1155,UserAuthAPI,1,101,100,1790
1155,ProductCatalogAPI,103,208,105,1905
1155,InventoryCheckAPI,210,268,58,1323
1155,FraudDetectionAPI,271,338,67,1869
1155,PaymentGatewayAPI,339,450,111,599
1155,ShippingServiceAPI,453,551,98,524
1155,NotificationAPI,553,663,110,1802
1156,UserAuthAPI,1,119,118,1947
1156,ProductCatalogAPI,120,188,68,976
1156,InventoryCheckAPI,190,276,86,1783
1156,FraudDetectionAPI,280,323,43,1359
1156,PaymentGatewayAPI,325,399,74,674
1156,ShippingServiceAPI,400,458,58,1716
1156,NotificationAPI,459,516,57,745
1157,UserAuthAPI,1,66,65,732
1157,ProductCatalogAPI,68,173,105,625
1157,InventoryCheckAPI,176,240,64,1297
1157,FraudDetectionAPI,242,308,66,1150
1157,PaymentGatewayAPI,311,361,50,881
1157,ShippingServiceAPI,364,418,54,1963
1157,NotificationAPI,420,483,63,1275
1158,UserAuthAPI,1,81,80,1995
1158,ProductCatalogAPI,83,137,54,1624
1158,InventoryCheckAPI,139,257,118,974
1158,FraudDetectionAPI,259,370,111,1583
1158,PaymentGatewayAPI,374,432,58,1490
1158,ShippingServiceAPI,433,482,49,980
1158,NotificationAPI,486,579,93,1451
1159,UserAuthAPI,1,109,108,586
1159,ProductCatalogAPI,111,219,108,1255
1159,InventoryCheckAPI,223,263,40,1641
1159,FraudDetectionAPI,265,339,74,961
1159,PaymentGatewayAPI,341,454,113,1770
1159,ShippingServiceAPI,455,527,72,1990
1159,NotificationAPI,530,594,64,771
1160,UserAuthAPI,1,86,85,688
1160,ProductCatalogAPI,81,131,50,1161
1160,InventoryCheckAPI,133,234,101,733
1160,FraudDetectionAPI,238,340,102,1952
1160,PaymentGatewayAPI,343,415,72,712
1160,ShippingServiceAPI,416,457,41,1408
1160,NotificationAPI,460,542,82,1312
1161,UserAuthAPI,1,63,62,713
1161,ProductCatalogAPI,58,128,70,1217
1161,InventoryCheckAPI,123,173,50,1370
1161,FraudDetectionAPI,175,216,41,937
1161,PaymentGatewayAPI,217,264,47,1950
1161,ShippingServiceAPI,266,327,61,1391
1161,NotificationAPI,329,388,59,719
1162,UserAuthAPI,1,72,71,1948
1162,ProductCatalogAPI,74,190,116,856
1162,InventoryCheckAPI,185,241,56,1395
1162,FraudDetectionAPI,243,351,108,1978
1162,PaymentGatewayAPI,354,443,89,541
1162,ShippingServiceAPI,446,512,66,1985
1162,NotificationAPI,507,622,115,1398
1163,UserAuthAPI,1,65,64,1282
1163,ProductCatalogAPI,67,129,62,1173
1163,InventoryCheckAPI,130,176,46,861
1163,FraudDetectionAPI,179,282,103,1034
1163,PaymentGatewayAPI,284,343,59,1896
1163,ShippingServiceAPI,344,450,106,1781
1163,NotificationAPI,445,520,75,1631
1164,UserAuthAPI,1,62,61,1001
1164,ProductCatalogAPI,64,179,115,1391
1164,InventoryCheckAPI,182,244,62,1853
1164,FraudDetectionAPI,247,305,58,1293
1164,PaymentGatewayAPI,300,350,50,775
1164,ShippingServiceAPI,353,437,84,1463
1164,NotificationAPI,438,535,97,1789
1165,UserAuthAPI,1,64,63,1619
1165,ProductCatalogAPI,65,111,46,1083
1165,InventoryCheckAPI,113,190,77,1416
1165,FraudDetectionAPI,191,258,67,1615
1165,PaymentGatewayAPI,259,339,80,536
1165,ShippingServiceAPI,334,424,90,1343
1165,NotificationAPI,426,496,70,1713
1166,UserAuthAPI,1,46,45,1404
1166,ProductCatalogAPI,50,91,41,622
1166,InventoryCheckAPI,93,183,90,824
1166,FraudDetectionAPI,184,230,46,1395
1166,PaymentGatewayAPI,232,348,116,733
1166,ShippingServiceAPI,350,469,119,770
1166,NotificationAPI,470,544,74,1218
1167,UserAuthAPI,1,109,108,877
1167,ProductCatalogAPI,111,201,90,1136
1167,InventoryCheckAPI,204,303,99,1230
1167,FraudDetectionAPI,304,364,60,769
1167,PaymentGatewayAPI,367,426,59,584
1167,ShippingServiceAPI,429,534,105,1035
1167,NotificationAPI,535,611,76,1353
1168,UserAuthAPI,1,64,63,1794
1168,ProductCatalogAPI,67,170,103,1042
1168,InventoryCheckAPI,171,282,111,1809
1168,FraudDetectionAPI,284,386,102,986
1168,PaymentGatewayAPI,390,447,57,1520
1168,ShippingServiceAPI,449,548,99,1126
1168,NotificationAPI,549,610,61,1129
1169,UserAuthAPI,1,103,102,914
1169,ProductCatalogAPI,104,149,45,586
1169,InventoryCheckAPI,151,270,119,1069
1169,FraudDetectionAPI,273,331,58,1888
1169,PaymentGatewayAPI,332,403,71,599
1169,ShippingServiceAPI,406,494,88,1176
1169,NotificationAPI,496,594,98,682
1170,UserAuthAPI,1,42,41,1824
1170,ProductCatalogAPI,44,84,40,1736
1170,InventoryCheckAPI,87,170,83,1300
1170,FraudDetectionAPI,174,231,57,1991
1170,PaymentGatewayAPI,233,303,70,1467
1170,ShippingServiceAPI,298,387,89,1868
1170,NotificationAPI,388,446,58,1393
1171,UserAuthAPI,1,93,92,761
1171,ProductCatalogAPI,95,206,111,1385
1171,InventoryCheckAPI,209,303,94,983
1171,FraudDetectionAPI,305,412,107,1358
1171,PaymentGatewayAPI,416,464,48,1278
1171,ShippingServiceAPI,465,547,82,1242
1171,NotificationAPI,551,616,65,1559
1172,UserAuthAPI,1,95,94,761
1172,ProductCatalogAPI,97,200,103,685
1172,InventoryCheckAPI,202,259,57,851
1172,FraudDetectionAPI,261,336,75,825
1172,PaymentGatewayAPI,337,382,45,661
1172,ShippingServiceAPI,386,452,66,855
1172,NotificationAPI,453,534,81,1292
1173,UserAuthAPI,1,79,78,1249
1173,ProductCatalogAPI,81,131,50,734
1173,InventoryCheckAPI,126,187,61,1015
1173,FraudDetectionAPI,188,241,53,975
1173,PaymentGatewayAPI,243,346,103,959
1173,ShippingServiceAPI,347,405,58,1848
1173,NotificationAPI,407,451,44,1309
1174,UserAuthAPI,1,112,111,987
1174,ProductCatalogAPI,113,168,55,1667
1174,InventoryCheckAPI,170,232,62,1993
1174,FraudDetectionAPI,234,318,84,983
1174,PaymentGatewayAPI,320,383,63,1286
1174,ShippingServiceAPI,384,469,85,1585
1174,NotificationAPI,471,528,57,897
1175,UserAuthAPI,1,101,100,603
1175,ProductCatalogAPI,103,175,72,1248
1175,InventoryCheckAPI,178,267,89,1535
1175,FraudDetectionAPI,270,362,92,1389
1175,PaymentGatewayAPI,363,405,42,748
1175,ShippingServiceAPI,407,504,97,1527
1175,NotificationAPI,507,612,105,870
1176,UserAuthAPI,1,59,58,1819
1176,ProductCatalogAPI,60,157,97,1047
1176,InventoryCheckAPI,158,198,40,563
1176,FraudDetectionAPI,199,274,75,645
1176,PaymentGatewayAPI,278,341,63,597
1176,ShippingServiceAPI,345,463,118,1397
1176,NotificationAPI,465,577,112,1996
1177,UserAuthAPI,1,109,108,769
1177,ProductCatalogAPI,112,217,105,837
1177,InventoryCheckAPI,218,321,103,1083
1177,FraudDetectionAPI,324,412,88,845
1177,PaymentGatewayAPI,414,502,88,1673
1177,ShippingServiceAPI,503,570,67,1521
1177,NotificationAPI,573,689,116,1633
1178,UserAuthAPI,1,51,50,1046
1178,ProductCatalogAPI,52,165,113,824
1178,InventoryCheckAPI,168,239,71,771
1178,FraudDetectionAPI,242,309,67,867
1178,PaymentGatewayAPI,310,427,117,1087
1178,ShippingServiceAPI,430,549,119,1695
1178,NotificationAPI,552,637,85,990
1179,UserAuthAPI,1,111,110,1860
1179,ProductCatalogAPI,113,196,83,583
1179,InventoryCheckAPI,198,249,51,1941
1179,FraudDetectionAPI,251,354,103,803
1179,PaymentGatewayAPI,357,419,62,1549
1179,ShippingServiceAPI,422,505,83,732
1179,NotificationAPI,500,548,48,1536
1180,UserAuthAPI,1,120,119,1505
1180,ProductCatalogAPI,122,163,41,815
1180,InventoryCheckAPI,165,247,82,1414
1180,FraudDetectionAPI,248,298,50,546
1180,PaymentGatewayAPI,300,346,46,962
1180,ShippingServiceAPI,347,417,70,554
1180,NotificationAPI,421,490,69,535
1181,UserAuthAPI,1,69,68,755
1181,ProductCatalogAPI,71,144,73,520
1181,InventoryCheckAPI,146,264,118,959
1181,FraudDetectionAPI,266,342,76,1643
1181,PaymentGatewayAPI,337,377,40,1435
1181,ShippingServiceAPI,379,444,65,1261
1181,NotificationAPI,447,537,90,1118
1182,UserAuthAPI,1,54,53,1620
1182,ProductCatalogAPI,56,113,57,1535
1182,InventoryCheckAPI,115,175,60,1530
1182,FraudDetectionAPI,176,227,51,1580
1182,PaymentGatewayAPI,228,290,62,1553
1182,ShippingServiceAPI,291,382,91,555
1182,NotificationAPI,385,443,58,863
1183,UserAuthAPI,1,99,98,1439
1183,ProductCatalogAPI,100,198,98,1235
1183,InventoryCheckAPI,199,303,104,822
1183,FraudDetectionAPI,305,399,94,1968
1183,PaymentGatewayAPI,401,476,75,1289
1183,ShippingServiceAPI,478,531,53,1360
1183,NotificationAPI,533,581,48,1129
1184,UserAuthAPI,1,96,95,974
1184,ProductCatalogAPI,97,181,84,1534
1184,InventoryCheckAPI,183,229,46,1850
1184,FraudDetectionAPI,232,291,59,869
1184,PaymentGatewayAPI,293,337,44,867
1184,ShippingServiceAPI,338,392,54,1257
1184,NotificationAPI,393,510,117,1899
1185,UserAuthAPI,1,61,60,1485
1185,ProductCatalogAPI,63,181,118,1739
1185,InventoryCheckAPI,176,266,90,1769
1185,FraudDetectionAPI,269,386,117,1240
1185,PaymentGatewayAPI,387,477,90,1077
1185,ShippingServiceAPI,481,585,104,1020
1185,NotificationAPI,586,683,97,1042
1186,UserAuthAPI,1,68,67,1582
1186,ProductCatalogAPI,69,134,65,736
1186,InventoryCheckAPI,129,208,79,823
1186,FraudDetectionAPI,212,326,114,1983
1186,PaymentGatewayAPI,330,414,84,1944
1186,ShippingServiceAPI,416,530,114,956
1186,NotificationAPI,532,598,66,896
1187,UserAuthAPI,1,52,51,1020
1187,ProductCatalogAPI,53,169,116,1351
1187,InventoryCheckAPI,164,230,66,1458
1187,FraudDetectionAPI,233,294,61,587
1187,PaymentGatewayAPI,295,372,77,594
1187,ShippingServiceAPI,367,421,54,1266
1187,NotificationAPI,416,501,85,1200
1188,UserAuthAPI,1,92,91,661
1188,ProductCatalogAPI,95,204,109,536
1188,InventoryCheckAPI,205,293,88,1020
1188,FraudDetectionAPI,294,361,67,835
1188,PaymentGatewayAPI,362,441,79,1878
1188,ShippingServiceAPI,443,553,110,650
1188,NotificationAPI,555,616,61,1843
1189,UserAuthAPI,1,98,97,1635
1189,ProductCatalogAPI,100,207,107,861
1189,InventoryCheckAPI,209,252,43,1652
1189,FraudDetectionAPI,253,319,66,1565
1189,PaymentGatewayAPI,320,423,103,1548
1189,ShippingServiceAPI,425,468,43,767
1189,NotificationAPI,470,520,50,1368
1190,UserAuthAPI,1,76,75,1376
1190,ProductCatalogAPI,78,167,89,1271
1190,InventoryCheckAPI,168,259,91,857
1190,FraudDetectionAPI,263,345,82,929
1190,PaymentGatewayAPI,346,423,77,753
1190,ShippingServiceAPI,427,533,106,1619
1190,NotificationAPI,534,648,114,1464
1191,UserAuthAPI,1,102,101,673
1191,ProductCatalogAPI,106,176,70,1238
1191,InventoryCheckAPI,171,245,74,625
1191,FraudDetectionAPI,247,363,116,696
1191,PaymentGatewayAPI,367,478,111,1275
1191,ShippingServiceAPI,479,541,62,1623
1191,NotificationAPI,543,644,101,695
1192,UserAuthAPI,1,79,78,1144
1192,ProductCatalogAPI,74,141,67,905
1192,InventoryCheckAPI,144,212,68,1053
1192,FraudDetectionAPI,214,330,116,954
1192,PaymentGatewayAPI,332,439,107,1710
1192,ShippingServiceAPI,441,486,45,1042
1192,NotificationAPI,487,604,117,1137
1193,UserAuthAPI,1,112,111,1794
1193,ProductCatalogAPI,115,224,109,1546
1193,InventoryCheckAPI,226,311,85,1744
1193,FraudDetectionAPI,306,418,112,576
1193,PaymentGatewayAPI,421,511,90,1588
1193,ShippingServiceAPI,514,593,79,517
1193,NotificationAPI,594,687,93,1074
1194,UserAuthAPI,1,92,91,1495
1194,ProductCatalogAPI,94,207,113,1698
1194,InventoryCheckAPI,208,301,93,1816
1194,FraudDetectionAPI,305,356,51,1453
1194,PaymentGatewayAPI,358,423,65,1613
1194,ShippingServiceAPI,426,537,111,932
1194,NotificationAPI,538,584,46,1794
1195,UserAuthAPI,1,76,75,1595
1195,ProductCatalogAPI,80,181,101,645
1195,InventoryCheckAPI,184,284,100,620
1195,FraudDetectionAPI,286,369,83,598
1195,PaymentGatewayAPI,370,488,118,922
1195,ShippingServiceAPI,491,587,96,1635
1195,NotificationAPI,588,643,55,1324
1196,UserAuthAPI,1,65,64,1545
1196,ProductCatalogAPI,67,140,73,842
1196,InventoryCheckAPI,143,241,98,1666
1196,FraudDetectionAPI,242,294,52,1035
1196,PaymentGatewayAPI,295,370,75,1316
1196,ShippingServiceAPI,371,453,82,1476
1196,NotificationAPI,455,524,69,609
1197,UserAuthAPI,1,94,93,821
1197,ProductCatalogAPI,96,209,113,583
1197,InventoryCheckAPI,210,302,92,1779
1197,FraudDetectionAPI,306,360,54,599
1197,PaymentGatewayAPI,363,417,54,1981
1197,ShippingServiceAPI,418,507,89,1059
1197,NotificationAPI,508,620,112,838
1198,UserAuthAPI,1,91,90,920
1198,ProductCatalogAPI,92,180,88,1266
1198,InventoryCheckAPI,181,241,60,828
1198,FraudDetectionAPI,243,358,115,1772
1198,PaymentGatewayAPI,360,449,89,1888
1198,ShippingServiceAPI,453,504,51,924
1198,NotificationAPI,505,560,55,1011
1199,UserAuthAPI,1,87,86,1511
1199,ProductCatalogAPI,89,175,86,598
1199,InventoryCheckAPI,179,263,84,541
1199,FraudDetectionAPI,264,359,95,826
1199,PaymentGatewayAPI,361,433,72,911
1199,ShippingServiceAPI,435,530,95,1875
1199,NotificationAPI,534,587,53,695
1200,UserAuthAPI,1,119,118,1606
1200,ProductCatalogAPI,122,188,66,1188
1200,InventoryCheckAPI,190,257,67,805
1200,FraudDetectionAPI,252,310,58,1048
1200,PaymentGatewayAPI,314,390,76,678
1200,ShippingServiceAPI,394,445,51,1835
1200,NotificationAPI,447,540,93,946
1201,UserAuthAPI,1,98,97,595
1201,ProductCatalogAPI,102,214,112,747
1201,InventoryCheckAPI,217,302,85,1481
1201,FraudDetectionAPI,305,374,69,593
1201,PaymentGatewayAPI,375,485,110,1092
1201,ShippingServiceAPI,486,569,83,1119
1201,NotificationAPI,570,625,55,1633
1202,UserAuthAPI,1,56,55,1770
1202,ProductCatalogAPI,59,176,117,844
1202,InventoryCheckAPI,178,288,110,1407
1202,FraudDetectionAPI,289,374,85,1478
1202,PaymentGatewayAPI,378,472,94,1967
1202,ShippingServiceAPI,467,586,119,1555
1202,NotificationAPI,588,704,116,958
1203,UserAuthAPI,1,46,45,1863
1203,ProductCatalogAPI,48,116,68,570
1203,InventoryCheckAPI,120,193,73,1623
1203,FraudDetectionAPI,195,249,54,1767
1203,PaymentGatewayAPI,244,323,79,716
1203,ShippingServiceAPI,325,414,89,1333
1203,NotificationAPI,417,536,119,1441
1204,UserAuthAPI,1,89,88,1494
1204,ProductCatalogAPI,84,128,44,1971
1204,InventoryCheckAPI,131,239,108,1065
1204,FraudDetectionAPI,241,336,95,1013
1204,PaymentGatewayAPI,340,417,77,1016
1204,ShippingServiceAPI,419,469,50,1204
1204,NotificationAPI,472,555,83,1357
1205,UserAuthAPI,1,96,95,1407
1205,ProductCatalogAPI,98,202,104,1900
1205,InventoryCheckAPI,203,318,115,602
1205,FraudDetectionAPI,321,396,75,1549
1205,PaymentGatewayAPI,397,437,40,1945
1205,ShippingServiceAPI,441,526,85,1821
1205,NotificationAPI,528,623,95,1514
1206,UserAuthAPI,1,103,102,1419
1206,ProductCatalogAPI,106,149,43,992
1206,InventoryCheckAPI,153,262,109,1295
1206,FraudDetectionAPI,263,342,79,1702
1206,PaymentGatewayAPI,344,452,108,1272
1206,ShippingServiceAPI,456,556,100,1706
1206,NotificationAPI,557,605,48,912
1207,UserAuthAPI,1,102,101,1065
1207,ProductCatalogAPI,105,178,73,1176
1207,InventoryCheckAPI,180,233,53,965
1207,FraudDetectionAPI,228,284,56,1647
1207,PaymentGatewayAPI,285,403,118,1463
1207,ShippingServiceAPI,404,453,49,1931
1207,NotificationAPI,456,553,97,1464
1208,UserAuthAPI,1,104,103,1542
1208,ProductCatalogAPI,108,155,47,795
1208,InventoryCheckAPI,157,223,66,1628
1208,FraudDetectionAPI,226,279,53,1651
1208,PaymentGatewayAPI,280,389,109,1238
1208,ShippingServiceAPI,391,468,77,1647
1208,NotificationAPI,469,514,45,1123
1209,UserAuthAPI,1,61,60,1750
1209,ProductCatalogAPI,64,160,96,1587
1209,InventoryCheckAPI,161,206,45,1672
1209,FraudDetectionAPI,209,289,80,1987
1209,PaymentGatewayAPI,290,350,60,1325
1209,ShippingServiceAPI,354,400,46,534
1209,NotificationAPI,403,457,54,719
1210,UserAuthAPI,1,97,96,841
1210,ProductCatalogAPI,99,170,71,1979
1210,InventoryCheckAPI,173,287,114,1506
1210,FraudDetectionAPI,291,368,77,1821
1210,PaymentGatewayAPI,369,464,95,554
1210,ShippingServiceAPI,459,520,61,604
1210,NotificationAPI,521,599,78,1410
1211,UserAuthAPI,1,101,100,1583
1211,ProductCatalogAPI,103,185,82,889
1211,InventoryCheckAPI,189,273,84,1763
1211,FraudDetectionAPI,275,327,52,1975
1211,PaymentGatewayAPI,328,431,103,1676
1211,ShippingServiceAPI,433,524,91,1840
1211,NotificationAPI,525,639,114,1868
1212,UserAuthAPI,1,66,65,1731
1212,ProductCatalogAPI,69,176,107,872
1212,InventoryCheckAPI,177,261,84,832
1212,FraudDetectionAPI,263,326,63,1852
1212,PaymentGatewayAPI,327,377,50,534
1212,ShippingServiceAPI,378,434,56,1466
1212,NotificationAPI,438,556,118,1120
1213,UserAuthAPI,1,64,63,1304
1213,ProductCatalogAPI,59,109,50,1366
1213,InventoryCheckAPI,112,206,94,1038
1213,FraudDetectionAPI,208,307,99,1013
1213,PaymentGatewayAPI,309,368,59,1339
1213,ShippingServiceAPI,370,451,81,655
1213,NotificationAPI,452,519,67,1711
1214,UserAuthAPI,1,45,44,1794
1214,ProductCatalogAPI,48,119,71,1959
1214,InventoryCheckAPI,114,168,54,1436
1214,FraudDetectionAPI,170,262,92,1495
1214,PaymentGatewayAPI,263,323,60,559
1214,ShippingServiceAPI,324,434,110,1705
1214,NotificationAPI,435,524,89,1018
1215,UserAuthAPI,1,68,67,765
1215,ProductCatalogAPI,69,174,105,1262
1215,InventoryCheckAPI,175,257,82,1080
1215,FraudDetectionAPI,261,365,104,726
1215,PaymentGatewayAPI,367,442,75,1850
1215,ShippingServiceAPI,443,557,114,901
1215,NotificationAPI,559,609,50,1389
1216,UserAuthAPI,1,100,99,1541
1216,ProductCatalogAPI,101,157,56,1108
1216,InventoryCheckAPI,159,217,58,1916
1216,FraudDetectionAPI,220,318,98,1870
1216,PaymentGatewayAPI,319,429,110,1850
1216,ShippingServiceAPI,424,512,88,926
1216,NotificationAPI,514,619,105,917
1217,UserAuthAPI,1,113,112,937
1217,ProductCatalogAPI,115,209,94,882
1217,InventoryCheckAPI,210,272,62,744
1217,FraudDetectionAPI,273,358,85,727
1217,PaymentGatewayAPI,359,464,105,1205
1217,ShippingServiceAPI,466,577,111,1877
1217,NotificationAPI,578,681,103,1055
1218,UserAuthAPI,1,56,55,1601
1218,ProductCatalogAPI,51,151,100,1655
1218,InventoryCheckAPI,152,232,80,1191
1218,FraudDetectionAPI,235,301,66,1132
1218,PaymentGatewayAPI,302,389,87,1023
1218,ShippingServiceAPI,384,457,73,1728
1218,NotificationAPI,461,547,86,755
1219,UserAuthAPI,1,81,80,1982
1219,ProductCatalogAPI,83,150,67,694
1219,InventoryCheckAPI,151,269,118,807
1219,FraudDetectionAPI,271,386,115,1286
1219,PaymentGatewayAPI,388,440,52,729
1219,ShippingServiceAPI,442,494,52,1894
1219,NotificationAPI,489,529,40,876
1220,UserAuthAPI,1,72,71,1723
1220,ProductCatalogAPI,74,127,53,715
1220,InventoryCheckAPI,130,237,107,1330
1220,FraudDetectionAPI,239,305,66,1564
1220,PaymentGatewayAPI,306,404,98,1239
1220,ShippingServiceAPI,407,520,113,1387
1220,NotificationAPI,522,602,80,1275
1221,UserAuthAPI,1,81,80,1440
1221,ProductCatalogAPI,82,130,48,1517
1221,InventoryCheckAPI,132,195,63,586
1221,FraudDetectionAPI,198,281,83,949
1221,PaymentGatewayAPI,282,401,119,1214
1221,ShippingServiceAPI,402,509,107,1242
1221,NotificationAPI,512,590,78,1980
1222,UserAuthAPI,1,111,110,870
1222,ProductCatalogAPI,113,227,114,1545
1222,InventoryCheckAPI,228,295,67,1795
1222,FraudDetectionAPI,296,397,101,1431
1222,PaymentGatewayAPI,392,511,119,925
1222,ShippingServiceAPI,506,580,74,940
1222,NotificationAPI,581,697,116,953
1223,UserAuthAPI,1,86,85,1999
1223,ProductCatalogAPI,87,187,100,621
1223,InventoryCheckAPI,189,285,96,986
1223,FraudDetectionAPI,286,368,82,1158
1223,PaymentGatewayAPI,372,489,117,1759
1223,ShippingServiceAPI,491,538,47,905
1223,NotificationAPI,533,593,60,1992
1224,UserAuthAPI,1,69,68,1624
1224,ProductCatalogAPI,73,187,114,1854
1224,InventoryCheckAPI,190,266,76,1345
1224,FraudDetectionAPI,269,345,76,1227
1224,PaymentGatewayAPI,348,399,51,1955
1224,ShippingServiceAPI,394,448,54,868
1224,NotificationAPI,449,561,112,640
1225,UserAuthAPI,1,118,117,1979
1225,ProductCatalogAPI,119,215,96,1515
1225,InventoryCheckAPI,217,277,60,709
1225,FraudDetectionAPI,278,397,119,1035
1225,PaymentGatewayAPI,400,471,71,830
1225,ShippingServiceAPI,472,571,99,1008
1225,NotificationAPI,574,618,44,1971
1226,UserAuthAPI,1,111,110,573
1226,ProductCatalogAPI,113,162,49,854
1226,InventoryCheckAPI,165,246,81,1851
1226,FraudDetectionAPI,249,361,112,873
1226,PaymentGatewayAPI,362,405,43,1409
1226,ShippingServiceAPI,409,477,68,1290
1226,NotificationAPI,480,550,70,1756
1227,UserAuthAPI,1,101,100,1162
1227,ProductCatalogAPI,103,158,55,1165
1227,InventoryCheckAPI,160,205,45,660
1227,FraudDetectionAPI,207,307,100,1436
1227,PaymentGatewayAPI,308,363,55,1371
1227,ShippingServiceAPI,366,419,53,1370
1227,NotificationAPI,420,519,99,1236
1228,UserAuthAPI,1,104,103,1537
1228,ProductCatalogAPI,108,175,67,1133
1228,InventoryCheckAPI,177,226,49,1463
1228,FraudDetectionAPI,228,280,52,1224
1228,PaymentGatewayAPI,281,352,71,1138
1228,ShippingServiceAPI,355,455,100,1101
1228,NotificationAPI,456,498,42,779
1229,UserAuthAPI,1,74,73,1351
1229,ProductCatalogAPI,75,156,81,1415
1229,InventoryCheckAPI,157,216,59,1017
1229,FraudDetectionAPI,217,298,81,1036
1229,PaymentGatewayAPI,300,342,42,1887
1229,ShippingServiceAPI,337,433,96,582
1229,NotificationAPI,435,479,44,956
1230,UserAuthAPI,1,79,78,697
1230,ProductCatalogAPI,82,160,78,1319
1230,InventoryCheckAPI,162,230,68,1488
1230,FraudDetectionAPI,231,336,105,1238
1230,PaymentGatewayAPI,338,399,61,1862
1230,ShippingServiceAPI,402,451,49,1761
1230,NotificationAPI,454,560,106,506
1231,UserAuthAPI,1,76,75,1267
1231,ProductCatalogAPI,78,194,116,988
1231,InventoryCheckAPI,197,307,110,721
1231,FraudDetectionAPI,311,424,113,1070
1231,PaymentGatewayAPI,426,494,68,1704
1231,ShippingServiceAPI,498,571,73,1695
1231,NotificationAPI,574,627,53,1944
1232,UserAuthAPI,1,64,63,996
1232,ProductCatalogAPI,67,112,45,996
1232,InventoryCheckAPI,107,147,40,1520
1232,FraudDetectionAPI,142,217,75,1980
1232,PaymentGatewayAPI,218,311,93,1738
1232,ShippingServiceAPI,312,380,68,868
1232,NotificationAPI,375,472,97,1997
1233,UserAuthAPI,1,60,59,610
1233,ProductCatalogAPI,61,113,52,1244
1233,InventoryCheckAPI,114,184,70,1008
1233,FraudDetectionAPI,187,292,105,1894
1233,PaymentGatewayAPI,296,378,82,1503
1233,ShippingServiceAPI,380,467,87,911
1233,NotificationAPI,470,586,116,952
1234,UserAuthAPI,1,109,108,1513
1234,ProductCatalogAPI,110,183,73,1963
1234,InventoryCheckAPI,178,296,118,1761
1234,FraudDetectionAPI,297,402,105,1638
1234,PaymentGatewayAPI,403,457,54,1555
1234,ShippingServiceAPI,460,577,117,1718
1234,NotificationAPI,579,695,116,844
1235,UserAuthAPI,1,79,78,816
1235,ProductCatalogAPI,81,122,41,772
1235,InventoryCheckAPI,125,168,43,700
1235,FraudDetectionAPI,163,245,82,639
1235,PaymentGatewayAPI,247,347,100,859
1235,ShippingServiceAPI,349,465,116,1606
1235,NotificationAPI,467,534,67,1265
1236,UserAuthAPI,1,92,91,1284
1236,ProductCatalogAPI,93,153,60,1378
1236,InventoryCheckAPI,155,216,61,1336
1236,FraudDetectionAPI,219,279,60,1451
1236,PaymentGatewayAPI,282,369,87,625
1236,ShippingServiceAPI,371,425,54,1509
1236,NotificationAPI,429,513,84,1047
1237,UserAuthAPI,1,70,69,1293
1237,ProductCatalogAPI,71,141,70,1771
1237,InventoryCheckAPI,142,242,100,1284
1237,FraudDetectionAPI,237,300,63,1236
1237,PaymentGatewayAPI,303,351,48,1942
1237,ShippingServiceAPI,352,436,84,642
1237,NotificationAPI,437,479,42,1010
1238,UserAuthAPI,1,81,80,556
1238,ProductCatalogAPI,84,179,95,842
1238,InventoryCheckAPI,180,272,92,840
1238,FraudDetectionAPI,267,360,93,1483
1238,PaymentGatewayAPI,361,411,50,681
1238,ShippingServiceAPI,406,455,49,1741
1238,NotificationAPI,458,539,81,792
1239,UserAuthAPI,1,116,115,685
1239,ProductCatalogAPI,118,181,63,655
1239,InventoryCheckAPI,184,256,72,1909
1239,FraudDetectionAPI,258,325,67,642
1239,PaymentGatewayAPI,328,395,67,1061
1239,ShippingServiceAPI,397,464,67,892
1239,NotificationAPI,465,508,43,796
1240,UserAuthAPI,1,98,97,538
1240,ProductCatalogAPI,100,164,64,1839
1240,InventoryCheckAPI,167,253,86,1968
1240,FraudDetectionAPI,254,320,66,1122
1240,PaymentGatewayAPI,321,402,81,1575
1240,ShippingServiceAPI,406,493,87,1811
1240,NotificationAPI,495,561,66,1947
1241,UserAuthAPI,1,77,76,1018
1241,ProductCatalogAPI,78,139,61,1412
1241,InventoryCheckAPI,143,221,78,1640
1241,FraudDetectionAPI,223,325,102,1680
1241,PaymentGatewayAPI,327,406,79,1172
1241,ShippingServiceAPI,401,470,69,597
1241,NotificationAPI,472,555,83,1246
1242,UserAuthAPI,1,100,99,773
1242,ProductCatalogAPI,102,181,79,831
1242,InventoryCheckAPI,184,235,51,572
1242,FraudDetectionAPI,230,291,61,677
1242,PaymentGatewayAPI,293,382,89,1782
1242,ShippingServiceAPI,385,488,103,985
1242,NotificationAPI,491,532,41,1386
1243,UserAuthAPI,1,66,65,1741
1243,ProductCatalogAPI,70,111,41,565
1243,InventoryCheckAPI,112,208,96,906
1243,FraudDetectionAPI,210,270,60,1114
1243,PaymentGatewayAPI,265,341,76,1772
1243,ShippingServiceAPI,342,396,54,950
1243,NotificationAPI,397,483,86,1957
1244,UserAuthAPI,1,107,106,602
1244,ProductCatalogAPI,102,199,97,604
1244,InventoryCheckAPI,201,309,108,1492
1244,FraudDetectionAPI,310,374,64,1558
1244,PaymentGatewayAPI,369,482,113,1355
1244,ShippingServiceAPI,485,562,77,1720
1244,NotificationAPI,563,648,85,1468
1245,UserAuthAPI,1,75,74,1431
1245,ProductCatalogAPI,76,171,95,1145
1245,InventoryCheckAPI,173,227,54,754
1245,FraudDetectionAPI,228,323,95,792
1245,PaymentGatewayAPI,324,416,92,1453
1245,ShippingServiceAPI,417,534,117,1303
1245,NotificationAPI,536,602,66,501
1246,UserAuthAPI,1,57,56,887
1246,ProductCatalogAPI,60,178,118,1745
1246,InventoryCheckAPI,180,285,105,902
1246,FraudDetectionAPI,289,332,43,1614
1246,PaymentGatewayAPI,333,425,92,1225
1246,ShippingServiceAPI,426,514,88,1375
1246,NotificationAPI,516,571,55,1852
1247,UserAuthAPI,1,100,99,613
1247,ProductCatalogAPI,101,203,102,1507
1247,InventoryCheckAPI,207,309,102,660
1247,FraudDetectionAPI,304,356,52,817
1247,PaymentGatewayAPI,359,470,111,1792
1247,ShippingServiceAPI,473,542,69,1903
1247,NotificationAPI,544,656,112,1677
1248,UserAuthAPI,1,79,78,1228
1248,ProductCatalogAPI,83,201,118,1072
1248,InventoryCheckAPI,202,290,88,1436
1248,FraudDetectionAPI,293,376,83,1283
1248,PaymentGatewayAPI,377,431,54,1271
1248,ShippingServiceAPI,432,472,40,1920
1248,NotificationAPI,473,552,79,1906
1249,UserAuthAPI,1,82,81,1783
1249,ProductCatalogAPI,85,160,75,1715
1249,InventoryCheckAPI,164,243,79,847
1249,FraudDetectionAPI,245,319,74,1439
1249,PaymentGatewayAPI,321,385,64,1249
1249,ShippingServiceAPI,386,489,103,1136
1249,NotificationAPI,490,532,42,1503
1250,UserAuthAPI,1,81,80,1415
1250,ProductCatalogAPI,83,162,79,840
1250,InventoryCheckAPI,163,207,44,920
1250,FraudDetectionAPI,209,253,44,1147
1250,PaymentGatewayAPI,257,337,80,815
1250,ShippingServiceAPI,332,449,117,1030
1250,NotificationAPI,453,560,107,1556
1251,UserAuthAPI,1,51,50,1795
1251,ProductCatalogAPI,53,136,83,1241
1251,InventoryCheckAPI,137,185,48,1211
1251,FraudDetectionAPI,180,281,101,585
1251,PaymentGatewayAPI,283,328,45,1012
1251,ShippingServiceAPI,332,407,75,629
1251,NotificationAPI,409,451,42,1530
1252,UserAuthAPI,1,104,103,1436
1252,ProductCatalogAPI,106,150,44,972
1252,InventoryCheckAPI,152,254,102,1548
1252,FraudDetectionAPI,257,311,54,1156
1252,PaymentGatewayAPI,312,406,94,970
1252,ShippingServiceAPI,409,505,96,1588
1252,NotificationAPI,506,552,46,1599
1253,UserAuthAPI,1,41,40,647
1253,ProductCatalogAPI,42,149,107,1485
1253,InventoryCheckAPI,151,191,40,1012
1253,FraudDetectionAPI,194,309,115,1672
1253,PaymentGatewayAPI,304,356,52,1628
1253,ShippingServiceAPI,358,430,72,1804
1253,NotificationAPI,431,496,65,1399
1254,UserAuthAPI,1,115,114,780
1254,ProductCatalogAPI,119,226,107,1290
1254,InventoryCheckAPI,229,290,61,1874
1254,FraudDetectionAPI,292,390,98,1414
1254,PaymentGatewayAPI,391,478,87,1138
1254,ShippingServiceAPI,480,541,61,1317
1254,NotificationAPI,545,648,103,1416
1255,UserAuthAPI,1,77,76,818
1255,ProductCatalogAPI,80,153,73,628
1255,InventoryCheckAPI,154,214,60,1685
1255,FraudDetectionAPI,217,279,62,1092
1255,PaymentGatewayAPI,280,395,115,1439
1255,ShippingServiceAPI,396,462,66,1501
1255,NotificationAPI,457,548,91,1589
1256,UserAuthAPI,1,52,51,899
1256,ProductCatalogAPI,56,157,101,528
1256,InventoryCheckAPI,160,230,70,1862
1256,FraudDetectionAPI,232,304,72,1775
1256,PaymentGatewayAPI,307,366,59,921
1256,ShippingServiceAPI,367,472,105,517
1256,NotificationAPI,476,522,46,918
1257,UserAuthAPI,1,120,119,1113
1257,ProductCatalogAPI,121,220,99,1625
1257,InventoryCheckAPI,221,284,63,1488
1257,FraudDetectionAPI,285,363,78,639
1257,PaymentGatewayAPI,358,461,103,1527
1257,ShippingServiceAPI,456,511,55,1655
1257,NotificationAPI,514,561,47,1092
1258,UserAuthAPI,1,84,83,1462
1258,ProductCatalogAPI,86,159,73,945
1258,InventoryCheckAPI,160,223,63,1567
1258,FraudDetectionAPI,225,305,80,858
1258,PaymentGatewayAPI,307,360,53,1189
1258,ShippingServiceAPI,362,453,91,1483
1258,NotificationAPI,455,506,51,1382
1259,UserAuthAPI,1,77,76,967
1259,ProductCatalogAPI,79,121,42,1008
1259,InventoryCheckAPI,124,216,92,1796
1259,FraudDetectionAPI,219,273,54,1178
1259,PaymentGatewayAPI,274,324,50,767
1259,ShippingServiceAPI,319,385,66,1439
1259,NotificationAPI,387,475,88,603
1260,UserAuthAPI,1,113,112,1398
1260,ProductCatalogAPI,116,190,74,1640
1260,InventoryCheckAPI,185,263,78,1419
1260,FraudDetectionAPI,265,380,115,1669
1260,PaymentGatewayAPI,384,464,80,1367
1260,ShippingServiceAPI,465,579,114,861
1260,NotificationAPI,583,678,95,1413
1261,UserAuthAPI,1,56,55,855
1261,ProductCatalogAPI,59,129,70,1120
1261,InventoryCheckAPI,131,202,71,1028
1261,FraudDetectionAPI,204,292,88,1543
1261,PaymentGatewayAPI,294,349,55,538
1261,ShippingServiceAPI,352,455,103,1698
1261,NotificationAPI,450,538,88,1030
1262,UserAuthAPI,1,118,117,1770
1262,ProductCatalogAPI,120,219,99,1534
1262,InventoryCheckAPI,220,320,100,1694
1262,FraudDetectionAPI,322,440,118,1008
1262,PaymentGatewayAPI,442,510,68,1713
1262,ShippingServiceAPI,513,574,61,1024
1262,NotificationAPI,575,661,86,1889
1263,UserAuthAPI,1,57,56,1159
1263,ProductCatalogAPI,58,103,45,731
1263,InventoryCheckAPI,105,177,72,704
1263,FraudDetectionAPI,179,267,88,1883
1263,PaymentGatewayAPI,269,324,55,1972
1263,ShippingServiceAPI,326,379,53,1451
1263,NotificationAPI,380,497,117,1741
1264,UserAuthAPI,1,92,91,1290
1264,ProductCatalogAPI,94,204,110,1952
1264,InventoryCheckAPI,208,275,67,775
1264,FraudDetectionAPI,277,375,98,1642
1264,PaymentGatewayAPI,376,434,58,1507
1264,ShippingServiceAPI,435,548,113,817
1264,NotificationAPI,550,662,112,1000
1265,UserAuthAPI,1,52,51,986
1265,ProductCatalogAPI,56,127,71,513
1265,InventoryCheckAPI,129,195,66,600
1265,FraudDetectionAPI,199,303,104,1834
1265,PaymentGatewayAPI,304,378,74,850
1265,ShippingServiceAPI,381,439,58,850
1265,NotificationAPI,440,507,67,758
1266,UserAuthAPI,1,98,97,1375
1266,ProductCatalogAPI,100,201,101,1042
1266,InventoryCheckAPI,196,304,108,1196
1266,FraudDetectionAPI,307,412,105,1928
1266,PaymentGatewayAPI,414,516,102,1958
1266,ShippingServiceAPI,520,598,78,1879
1266,NotificationAPI,602,698,96,1654
1267,UserAuthAPI,1,65,64,1416
1267,ProductCatalogAPI,67,186,119,1379
1267,InventoryCheckAPI,188,250,62,862
1267,FraudDetectionAPI,251,337,86,1100
1267,PaymentGatewayAPI,339,416,77,1370
1267,ShippingServiceAPI,418,519,101,572
1267,NotificationAPI,521,580,59,1748
1268,UserAuthAPI,1,72,71,855
1268,ProductCatalogAPI,74,118,44,1070
1268,InventoryCheckAPI,122,191,69,1593
1268,FraudDetectionAPI,195,295,100,946
1268,PaymentGatewayAPI,298,350,52,1443
1268,ShippingServiceAPI,345,414,69,1030
1268,NotificationAPI,417,522,105,744
1269,UserAuthAPI,1,52,51,923
1269,ProductCatalogAPI,53,103,50,949
1269,InventoryCheckAPI,105,202,97,1884
1269,FraudDetectionAPI,203,301,98,1466
1269,PaymentGatewayAPI,303,371,68,588
1269,ShippingServiceAPI,373,490,117,1208
1269,NotificationAPI,492,548,56,1602
1270,UserAuthAPI,1,68,67,1512
1270,ProductCatalogAPI,71,137,66,1160
1270,InventoryCheckAPI,140,240,100,551
1270,FraudDetectionAPI,244,302,58,828
1270,PaymentGatewayAPI,303,413,110,1269
1270,ShippingServiceAPI,408,523,115,1267
1270,NotificationAPI,525,642,117,861
1271,UserAuthAPI,1,95,94,791
1271,ProductCatalogAPI,97,153,56,753
1271,InventoryCheckAPI,154,254,100,1358
1271,FraudDetectionAPI,255,307,52,1460
1271,PaymentGatewayAPI,308,427,119,602
1271,ShippingServiceAPI,431,518,87,1236
1271,NotificationAPI,522,631,109,727
1272,UserAuthAPI,1,97,96,512
1272,ProductCatalogAPI,100,197,97,839
1272,InventoryCheckAPI,198,266,68,1155
1272,FraudDetectionAPI,267,353,86,1930
1272,PaymentGatewayAPI,354,423,69,990
1272,ShippingServiceAPI,426,489,63,856
1272,NotificationAPI,490,605,115,507
1273,UserAuthAPI,1,120,119,595
1273,ProductCatalogAPI,124,213,89,1781
1273,InventoryCheckAPI,214,297,83,1988
1273,FraudDetectionAPI,300,341,41,1851
1273,PaymentGatewayAPI,336,384,48,1652
1273,ShippingServiceAPI,387,435,48,1148
1273,NotificationAPI,436,554,118,1384
1274,UserAuthAPI,1,113,112,1297
1274,ProductCatalogAPI,114,220,106,1573
1274,InventoryCheckAPI,221,326,105,1005
1274,FraudDetectionAPI,327,406,79,773
1274,PaymentGatewayAPI,407,485,78,1542
1274,ShippingServiceAPI,487,583,96,793
1274,NotificationAPI,585,660,75,951
1275,UserAuthAPI,1,97,96,1236
1275,ProductCatalogAPI,99,162,63,726
1275,InventoryCheckAPI,163,255,92,608
1275,FraudDetectionAPI,257,331,74,1321
1275,PaymentGatewayAPI,332,398,66,1990
1275,ShippingServiceAPI,399,475,76,944
1275,NotificationAPI,476,536,60,1910
1276,UserAuthAPI,1,57,56,1748
1276,ProductCatalogAPI,59,110,51,957
1276,InventoryCheckAPI,111,173,62,1460
1276,FraudDetectionAPI,174,265,91,1037
1276,PaymentGatewayAPI,267,371,104,1262
1276,ShippingServiceAPI,374,437,63,1939
1276,NotificationAPI,439,520,81,1171
1277,UserAuthAPI,1,64,63,512
1277,ProductCatalogAPI,65,114,49,1692
1277,InventoryCheckAPI,116,158,42,938
1277,FraudDetectionAPI,159,228,69,1506
1277,PaymentGatewayAPI,223,299,76,1455
1277,ShippingServiceAPI,300,365,65,1276
1277,NotificationAPI,360,418,58,1039
1278,UserAuthAPI,1,103,102,920
1278,ProductCatalogAPI,104,148,44,656
1278,InventoryCheckAPI,149,211,62,1273
1278,FraudDetectionAPI,213,285,72,924
1278,PaymentGatewayAPI,288,353,65,792
1278,ShippingServiceAPI,354,410,56,979
1278,NotificationAPI,405,469,64,930
1279,UserAuthAPI,1,101,100,1137
1279,ProductCatalogAPI,104,163,59,1189
1279,InventoryCheckAPI,164,250,86,1211
1279,FraudDetectionAPI,251,368,117,1793
1279,PaymentGatewayAPI,371,431,60,642
1279,ShippingServiceAPI,432,472,40,1987
1279,NotificationAPI,475,524,49,1418
1280,UserAuthAPI,1,98,97,1649
1280,ProductCatalogAPI,99,215,116,551
1280,InventoryCheckAPI,217,302,85,768
1280,FraudDetectionAPI,297,403,106,632
1280,PaymentGatewayAPI,407,491,84,1323
1280,ShippingServiceAPI,486,601,115,970
1280,NotificationAPI,602,703,101,1336
1281,UserAuthAPI,1,68,67,697
1281,ProductCatalogAPI,63,132,69,1165
1281,InventoryCheckAPI,135,247,112,1580
1281,FraudDetectionAPI,250,338,88,1831
1281,PaymentGatewayAPI,340,392,52,1630
1281,ShippingServiceAPI,395,479,84,1119
1281,NotificationAPI,483,563,80,1313
1282,UserAuthAPI,1,108,107,767
1282,ProductCatalogAPI,110,222,112,918
1282,InventoryCheckAPI,224,296,72,1581
1282,FraudDetectionAPI,299,373,74,1009
1282,PaymentGatewayAPI,376,481,105,1439
1282,ShippingServiceAPI,484,600,116,1297
1282,NotificationAPI,601,676,75,1790
1283,UserAuthAPI,1,59,58,1862
1283,ProductCatalogAPI,62,157,95,1892
1283,InventoryCheckAPI,160,223,63,1473
1283,FraudDetectionAPI,226,332,106,1521
1283,PaymentGatewayAPI,333,411,78,909
1283,ShippingServiceAPI,412,499,87,612
1283,NotificationAPI,501,549,48,1339
1284,UserAuthAPI,1,103,102,1256
1284,ProductCatalogAPI,105,221,116,1498
1284,InventoryCheckAPI,222,324,102,1330
1284,FraudDetectionAPI,325,431,106,633
1284,PaymentGatewayAPI,432,546,114,1255
1284,ShippingServiceAPI,549,663,114,1126
1284,NotificationAPI,664,780,116,1172
1285,UserAuthAPI,1,98,97,1247
1285,ProductCatalogAPI,99,162,63,1549
1285,InventoryCheckAPI,163,280,117,590
1285,FraudDetectionAPI,281,380,99,1718
1285,PaymentGatewayAPI,381,500,119,1340
1285,ShippingServiceAPI,504,592,88,876
1285,NotificationAPI,593,674,81,923
1286,UserAuthAPI,1,62,61,581
1286,ProductCatalogAPI,64,117,53,829
1286,InventoryCheckAPI,119,176,57,1280
1286,FraudDetectionAPI,180,244,64,937
1286,PaymentGatewayAPI,246,360,114,1008
1286,ShippingServiceAPI,362,443,81,1699
1286,NotificationAPI,444,501,57,1458
1287,UserAuthAPI,1,51,50,651
1287,ProductCatalogAPI,53,128,75,1137
1287,InventoryCheckAPI,131,223,92,838
1287,FraudDetectionAPI,225,343,118,1580
1287,PaymentGatewayAPI,347,409,62,1336
1287,ShippingServiceAPI,410,491,81,1669
1287,NotificationAPI,492,534,42,1295
1288,UserAuthAPI,1,103,102,1636
1288,ProductCatalogAPI,105,192,87,863
1288,InventoryCheckAPI,195,301,106,1224
1288,FraudDetectionAPI,296,345,49,854
1288,PaymentGatewayAPI,346,428,82,1211
1288,ShippingServiceAPI,432,476,44,1874
1288,NotificationAPI,477,553,76,1256
1289,UserAuthAPI,1,106,105,876
1289,ProductCatalogAPI,101,193,92,613
1289,InventoryCheckAPI,196,242,46,671
1289,FraudDetectionAPI,246,339,93,1222
1289,PaymentGatewayAPI,341,448,107,1638
1289,ShippingServiceAPI,450,516,66,917
1289,NotificationAPI,518,629,111,1864
1290,UserAuthAPI,1,49,48,1605
1290,ProductCatalogAPI,52,113,61,1938
1290,InventoryCheckAPI,114,215,101,1331
1290,FraudDetectionAPI,216,299,83,946
1290,PaymentGatewayAPI,303,383,80,1124
1290,ShippingServiceAPI,387,446,59,1348
1290,NotificationAPI,449,530,81,532
1291,UserAuthAPI,1,103,102,1716
1291,ProductCatalogAPI,106,151,45,890
1291,InventoryCheckAPI,152,252,100,963
1291,FraudDetectionAPI,253,312,59,1069
1291,PaymentGatewayAPI,314,407,93,802
1291,ShippingServiceAPI,410,453,43,1277
1291,NotificationAPI,454,533,79,1138
1292,UserAuthAPI,1,113,112,1051
1292,ProductCatalogAPI,115,177,62,1666
1292,InventoryCheckAPI,179,223,44,1691
1292,FraudDetectionAPI,227,287,60,758
1292,PaymentGatewayAPI,288,406,118,1394
1292,ShippingServiceAPI,408,467,59,1613
1292,NotificationAPI,469,559,90,1164
1293,UserAuthAPI,1,50,49,1737
1293,ProductCatalogAPI,53,101,48,1808
1293,InventoryCheckAPI,103,213,110,744
1293,FraudDetectionAPI,216,327,111,725
1293,PaymentGatewayAPI,331,430,99,911
1293,ShippingServiceAPI,431,541,110,999
1293,NotificationAPI,543,620,77,616
1294,UserAuthAPI,1,58,57,703
1294,ProductCatalogAPI,60,104,44,1439
1294,InventoryCheckAPI,107,160,53,671
1294,FraudDetectionAPI,162,263,101,1312
1294,PaymentGatewayAPI,266,342,76,998
1294,ShippingServiceAPI,346,440,94,1407
1294,NotificationAPI,443,538,95,717
1295,UserAuthAPI,1,91,90,787
1295,ProductCatalogAPI,93,180,87,635
1295,InventoryCheckAPI,181,244,63,654
1295,FraudDetectionAPI,245,359,114,1690
1295,PaymentGatewayAPI,361,473,112,1011
1295,ShippingServiceAPI,475,533,58,640
1295,NotificationAPI,528,589,61,1415
1296,UserAuthAPI,1,118,117,974
1296,ProductCatalogAPI,120,189,69,1870
1296,InventoryCheckAPI,191,234,43,1372
1296,FraudDetectionAPI,238,320,82,529
1296,PaymentGatewayAPI,323,433,110,1306
1296,ShippingServiceAPI,437,507,70,1920
1296,NotificationAPI,510,590,80,743
1297,UserAuthAPI,1,104,103,872
1297,ProductCatalogAPI,105,216,111,524
1297,InventoryCheckAPI,218,260,42,1397
1297,FraudDetectionAPI,262,321,59,1727
1297,PaymentGatewayAPI,323,398,75,1697
1297,ShippingServiceAPI,393,469,76,1833
1297,NotificationAPI,472,581,109,1607
1298,UserAuthAPI,1,76,75,1728
1298,ProductCatalogAPI,77,147,70,920
1298,InventoryCheckAPI,148,254,106,1749
1298,FraudDetectionAPI,258,376,118,1078
1298,PaymentGatewayAPI,378,433,55,533
1298,ShippingServiceAPI,428,545,117,1643
1298,NotificationAPI,546,660,114,1832
1299,UserAuthAPI,1,55,54,1433
1299,ProductCatalogAPI,57,131,74,1163
1299,InventoryCheckAPI,126,183,57,525
1299,FraudDetectionAPI,185,268,83,1613
1299,PaymentGatewayAPI,272,316,44,1906
1299,ShippingServiceAPI,318,393,75,1600
1299,NotificationAPI,396,460,64,524
1300,UserAuthAPI,1,59,58,1893
1300,ProductCatalogAPI,62,138,76,1374
1300,InventoryCheckAPI,140,246,106,1956
1300,FraudDetectionAPI,249,334,85,1771
1300,PaymentGatewayAPI,336,443,107,646
1300,ShippingServiceAPI,444,523,79,633
1300,NotificationAPI,518,620,102,1686
1301,UserAuthAPI,1,45,44,1560
1301,ProductCatalogAPI,46,96,50,1117
1301,InventoryCheckAPI,99,203,104,1787
1301,FraudDetectionAPI,207,257,50,826
1301,PaymentGatewayAPI,260,347,87,730
1301,ShippingServiceAPI,348,447,99,548
1301,NotificationAPI,449,565,116,1932
1302,UserAuthAPI,1,87,86,1784
1302,ProductCatalogAPI,91,143,52,1309
1302,InventoryCheckAPI,147,209,62,817
1302,FraudDetectionAPI,213,306,93,1723
1302,PaymentGatewayAPI,307,410,103,804
1302,ShippingServiceAPI,411,524,113,1731
1302,NotificationAPI,528,570,42,1903
1303,UserAuthAPI,1,76,75,1029
1303,ProductCatalogAPI,77,183,106,1704
1303,InventoryCheckAPI,184,289,105,1715
1303,FraudDetectionAPI,292,370,78,1769
1303,PaymentGatewayAPI,365,444,79,1414
1303,ShippingServiceAPI,447,491,44,1720
1303,NotificationAPI,493,581,88,1587
1304,UserAuthAPI,1,97,96,1627
1304,ProductCatalogAPI,98,142,44,618
1304,InventoryCheckAPI,145,223,78,1394
1304,FraudDetectionAPI,225,304,79,862
1304,PaymentGatewayAPI,307,396,89,813
1304,ShippingServiceAPI,400,478,78,1917
1304,NotificationAPI,481,536,55,1560
1305,UserAuthAPI,1,120,119,732
1305,ProductCatalogAPI,121,192,71,1404
1305,InventoryCheckAPI,195,304,109,1243
1305,FraudDetectionAPI,306,393,87,575
1305,PaymentGatewayAPI,394,501,107,812
1305,ShippingServiceAPI,504,623,119,842
1305,NotificationAPI,626,724,98,1483
1306,UserAuthAPI,1,55,54,1764
1306,ProductCatalogAPI,56,123,67,791
1306,InventoryCheckAPI,118,179,61,1854
1306,FraudDetectionAPI,181,249,68,1194
1306,PaymentGatewayAPI,252,305,53,1029
1306,ShippingServiceAPI,306,379,73,1900
1306,NotificationAPI,380,451,71,1078
1307,UserAuthAPI,1,83,82,1289
1307,ProductCatalogAPI,84,200,116,624
1307,InventoryCheckAPI,195,263,68,1883
1307,FraudDetectionAPI,264,313,49,1984
1307,PaymentGatewayAPI,315,371,56,1881
1307,ShippingServiceAPI,373,450,77,1842
1307,NotificationAPI,453,565,112,1647
1308,UserAuthAPI,1,103,102,1322
1308,ProductCatalogAPI,107,151,44,666
1308,InventoryCheckAPI,154,225,71,1754
1308,FraudDetectionAPI,227,306,79,1156
1308,PaymentGatewayAPI,310,422,112,754
1308,ShippingServiceAPI,425,524,99,1472
1308,NotificationAPI,527,622,95,1148
1309,UserAuthAPI,1,102,101,691
1309,ProductCatalogAPI,97,168,71,674
1309,InventoryCheckAPI,170,261,91,1227
1309,FraudDetectionAPI,263,339,76,1550
1309,PaymentGatewayAPI,340,449,109,653
1309,ShippingServiceAPI,453,507,54,1040
1309,NotificationAPI,509,576,67,1070
1310,UserAuthAPI,1,61,60,509
1310,ProductCatalogAPI,63,164,101,1911
1310,InventoryCheckAPI,165,284,119,1027
1310,FraudDetectionAPI,285,385,100,1844
1310,PaymentGatewayAPI,386,475,89,516
1310,ShippingServiceAPI,477,560,83,1407
1310,NotificationAPI,561,672,111,1142
1311,UserAuthAPI,1,48,47,819
1311,ProductCatalogAPI,51,120,69,531
1311,InventoryCheckAPI,115,170,55,908
1311,FraudDetectionAPI,173,221,48,1702
1311,PaymentGatewayAPI,223,302,79,1627
1311,ShippingServiceAPI,303,422,119,1282
1311,NotificationAPI,424,486,62,1678
1312,UserAuthAPI,1,77,76,1216
1312,ProductCatalogAPI,80,148,68,1265
1312,InventoryCheckAPI,143,257,114,934
1312,FraudDetectionAPI,259,372,113,1144
1312,PaymentGatewayAPI,375,478,103,626
1312,ShippingServiceAPI,480,536,56,996
1312,NotificationAPI,538,632,94,1660
1313,UserAuthAPI,1,108,107,700
1313,ProductCatalogAPI,109,164,55,899
1313,InventoryCheckAPI,166,278,112,1458
1313,FraudDetectionAPI,273,365,92,1335
1313,PaymentGatewayAPI,367,415,48,1702
1313,ShippingServiceAPI,417,505,88,901
1313,NotificationAPI,500,593,93,1602
1314,UserAuthAPI,1,80,79,617
1314,ProductCatalogAPI,81,167,86,1129
1314,InventoryCheckAPI,168,227,59,649
1314,FraudDetectionAPI,228,283,55,1400
1314,PaymentGatewayAPI,284,397,113,1800
1314,ShippingServiceAPI,399,493,94,1035
1314,NotificationAPI,488,538,50,1442
1315,UserAuthAPI,1,93,92,1150
1315,ProductCatalogAPI,94,145,51,877
1315,InventoryCheckAPI,147,209,62,1422
1315,FraudDetectionAPI,211,304,93,1366
1315,PaymentGatewayAPI,305,393,88,689
1315,ShippingServiceAPI,395,478,83,1503
1315,NotificationAPI,480,580,100,1802
1316,UserAuthAPI,1,76,75,810
1316,ProductCatalogAPI,80,137,57,1974
1316,InventoryCheckAPI,138,190,52,516
1316,FraudDetectionAPI,194,276,82,1827
1316,PaymentGatewayAPI,271,376,105,1130
1316,ShippingServiceAPI,379,496,117,1685
1316,NotificationAPI,497,608,111,1229
1317,UserAuthAPI,1,99,98,1043
1317,ProductCatalogAPI,94,212,118,1321
1317,InventoryCheckAPI,214,290,76,1478
1317,FraudDetectionAPI,294,366,72,756
1317,PaymentGatewayAPI,370,437,67,556
1317,ShippingServiceAPI,439,522,83,1223
1317,NotificationAPI,524,639,115,657
1318,UserAuthAPI,1,93,92,783
1318,ProductCatalogAPI,96,141,45,1113
1318,InventoryCheckAPI,142,219,77,1975
1318,FraudDetectionAPI,222,321,99,618
1318,PaymentGatewayAPI,323,404,81,823
1318,ShippingServiceAPI,405,456,51,819
1318,NotificationAPI,457,549,92,748
1319,UserAuthAPI,1,50,49,1151
1319,ProductCatalogAPI,52,144,92,520
1319,InventoryCheckAPI,148,214,66,1366
1319,FraudDetectionAPI,215,269,54,779
1319,PaymentGatewayAPI,271,334,63,1647
1319,ShippingServiceAPI,335,408,73,1052
1319,NotificationAPI,409,449,40,1512
1320,UserAuthAPI,1,66,65,624
1320,ProductCatalogAPI,68,116,48,1908
1320,InventoryCheckAPI,120,203,83,605
1320,FraudDetectionAPI,206,261,55,537
1320,PaymentGatewayAPI,256,320,64,976
1320,ShippingServiceAPI,323,421,98,1808
1320,NotificationAPI,422,501,79,1787
1321,UserAuthAPI,1,85,84,864
1321,ProductCatalogAPI,88,148,60,743
1321,InventoryCheckAPI,143,188,45,730
1321,FraudDetectionAPI,190,235,45,1832
1321,PaymentGatewayAPI,239,287,48,1848
1321,ShippingServiceAPI,289,400,111,1866
1321,NotificationAPI,403,479,76,1082
1322,UserAuthAPI,1,91,90,1501
1322,ProductCatalogAPI,92,181,89,1107
1322,InventoryCheckAPI,182,232,50,1712
1322,FraudDetectionAPI,227,300,73,1958
1322,PaymentGatewayAPI,295,408,113,915
1322,ShippingServiceAPI,409,461,52,1864
1322,NotificationAPI,464,557,93,1820
1323,UserAuthAPI,1,87,86,1189
1323,ProductCatalogAPI,89,204,115,1569
1323,InventoryCheckAPI,208,285,77,1763
1323,FraudDetectionAPI,288,403,115,1503
1323,PaymentGatewayAPI,405,521,116,1494
1323,ShippingServiceAPI,525,598,73,636
1323,NotificationAPI,600,672,72,672
1324,UserAuthAPI,1,97,96,1362
1324,ProductCatalogAPI,100,218,118,633
1324,InventoryCheckAPI,221,298,77,1944
1324,FraudDetectionAPI,299,342,43,717
1324,PaymentGatewayAPI,345,424,79,1496
1324,ShippingServiceAPI,425,516,91,1966
1324,NotificationAPI,519,599,80,732
1325,UserAuthAPI,1,44,43,1608
1325,ProductCatalogAPI,45,107,62,1755
1325,InventoryCheckAPI,111,213,102,692
1325,FraudDetectionAPI,216,299,83,1881
1325,PaymentGatewayAPI,302,410,108,1384
1325,ShippingServiceAPI,413,517,104,721
1325,NotificationAPI,518,597,79,1154
1326,UserAuthAPI,1,56,55,914
1326,ProductCatalogAPI,59,178,119,1295
1326,InventoryCheckAPI,180,254,74,942
1326,FraudDetectionAPI,256,305,49,1008
1326,PaymentGatewayAPI,300,354,54,992
1326,ShippingServiceAPI,355,434,79,1614
1326,NotificationAPI,437,520,83,673
1327,UserAuthAPI,1,64,63,1724
1327,ProductCatalogAPI,67,112,45,1684
1327,InventoryCheckAPI,114,191,77,927
1327,FraudDetectionAPI,186,256,70,1432
1327,PaymentGatewayAPI,257,301,44,575
1327,ShippingServiceAPI,302,404,102,1561
1327,NotificationAPI,405,446,41,1769
1328,UserAuthAPI,1,42,41,1116
1328,ProductCatalogAPI,44,140,96,802
1328,InventoryCheckAPI,141,216,75,1726
1328,FraudDetectionAPI,218,319,101,1397
1328,PaymentGatewayAPI,320,408,88,867
1328,ShippingServiceAPI,410,484,74,871
1328,NotificationAPI,479,542,63,1990
1329,UserAuthAPI,1,117,116,1315
1329,ProductCatalogAPI,119,199,80,1168
1329,InventoryCheckAPI,194,256,62,786
1329,FraudDetectionAPI,260,323,63,1979
1329,PaymentGatewayAPI,325,386,61,1655
1329,ShippingServiceAPI,389,431,42,1496
1329,NotificationAPI,434,488,54,1915
1330,UserAuthAPI,1,92,91,1007
1330,ProductCatalogAPI,94,137,43,554
1330,InventoryCheckAPI,140,258,118,1196
1330,FraudDetectionAPI,259,335,76,1215
1330,PaymentGatewayAPI,339,385,46,1231
1330,ShippingServiceAPI,386,462,76,711
1330,NotificationAPI,466,544,78,1674
1331,UserAuthAPI,1,51,50,1333
1331,ProductCatalogAPI,53,133,80,676
1331,InventoryCheckAPI,135,228,93,1682
1331,FraudDetectionAPI,230,329,99,1832
1331,PaymentGatewayAPI,330,430,100,1516
1331,ShippingServiceAPI,433,501,68,1479
1331,NotificationAPI,503,586,83,1400
1332,UserAuthAPI,1,93,92,935
1332,ProductCatalogAPI,96,188,92,1382
1332,InventoryCheckAPI,192,285,93,839
1332,FraudDetectionAPI,287,403,116,1229
1332,PaymentGatewayAPI,407,518,111,1615
1332,ShippingServiceAPI,513,607,94,1851
1332,NotificationAPI,610,718,108,1714
1333,UserAuthAPI,1,47,46,1384
1333,ProductCatalogAPI,50,153,103,1359
1333,InventoryCheckAPI,155,230,75,528
1333,FraudDetectionAPI,231,340,109,1262
1333,PaymentGatewayAPI,342,414,72,950
1333,ShippingServiceAPI,409,466,57,1597
1333,NotificationAPI,469,547,78,699
1334,UserAuthAPI,1,81,80,596
1334,ProductCatalogAPI,85,134,49,539
1334,InventoryCheckAPI,136,216,80,1175
1334,FraudDetectionAPI,211,324,113,932
1334,PaymentGatewayAPI,326,384,58,781
1334,ShippingServiceAPI,385,475,90,994
1334,NotificationAPI,476,532,56,957
1335,UserAuthAPI,1,86,85,1766
1335,ProductCatalogAPI,81,195,114,510
1335,InventoryCheckAPI,190,277,87,1900
1335,FraudDetectionAPI,278,331,53,1893
1335,PaymentGatewayAPI,332,425,93,772
1335,ShippingServiceAPI,427,469,42,1223
1335,NotificationAPI,473,532,59,1862
1336,UserAuthAPI,1,73,72,632
1336,ProductCatalogAPI,75,193,118,525
1336,InventoryCheckAPI,194,266,72,1761
1336,FraudDetectionAPI,268,345,77,788
1336,PaymentGatewayAPI,348,437,89,607
1336,ShippingServiceAPI,438,545,107,1366
1336,NotificationAPI,547,611,64,1627
1337,UserAuthAPI,1,65,64,788
1337,ProductCatalogAPI,67,149,82,1649
1337,InventoryCheckAPI,144,186,42,1848
1337,FraudDetectionAPI,190,282,92,1369
1337,PaymentGatewayAPI,277,355,78,1731
1337,ShippingServiceAPI,357,470,113,1453
1337,NotificationAPI,473,541,68,1960
1338,UserAuthAPI,1,74,73,1153
1338,ProductCatalogAPI,76,189,113,1071
1338,InventoryCheckAPI,191,281,90,1534
1338,FraudDetectionAPI,282,386,104,959
1338,PaymentGatewayAPI,388,441,53,1078
1338,ShippingServiceAPI,443,514,71,963
1338,NotificationAPI,515,571,56,740
1339,UserAuthAPI,1,103,102,1364
1339,ProductCatalogAPI,104,153,49,826
1339,InventoryCheckAPI,154,269,115,1796
1339,FraudDetectionAPI,273,328,55,1898
1339,PaymentGatewayAPI,329,419,90,1381
1339,ShippingServiceAPI,421,515,94,860
1339,NotificationAPI,517,632,115,1255
1340,UserAuthAPI,1,112,111,1926
1340,ProductCatalogAPI,116,170,54,866
1340,InventoryCheckAPI,172,241,69,1835
1340,FraudDetectionAPI,242,333,91,1813
1340,PaymentGatewayAPI,334,376,42,1847
1340,ShippingServiceAPI,378,467,89,1861
1340,NotificationAPI,471,543,72,1945
1341,UserAuthAPI,1,105,104,662
1341,ProductCatalogAPI,108,186,78,1164
1341,InventoryCheckAPI,189,241,52,823
1341,FraudDetectionAPI,236,276,40,699
1341,PaymentGatewayAPI,271,319,48,663
1341,ShippingServiceAPI,321,397,76,605
1341,NotificationAPI,399,459,60,1159
1342,UserAuthAPI,1,99,98,1722
1342,ProductCatalogAPI,101,149,48,1460
1342,InventoryCheckAPI,152,225,73,708
1342,FraudDetectionAPI,220,325,105,1676
1342,PaymentGatewayAPI,329,431,102,1741
1342,ShippingServiceAPI,433,498,65,720
1342,NotificationAPI,500,551,51,1662
1343,UserAuthAPI,1,73,72,1231
1343,ProductCatalogAPI,74,151,77,682
1343,InventoryCheckAPI,155,236,81,1646
1343,FraudDetectionAPI,237,333,96,1529
1343,PaymentGatewayAPI,334,437,103,1899
1343,ShippingServiceAPI,438,556,118,1593
1343,NotificationAPI,557,672,115,812
1344,UserAuthAPI,1,53,52,806
1344,ProductCatalogAPI,57,132,75,1656
1344,InventoryCheckAPI,134,210,76,1542
1344,FraudDetectionAPI,211,284,73,1953
1344,PaymentGatewayAPI,279,319,40,698
1344,ShippingServiceAPI,320,385,65,740
1344,NotificationAPI,389,466,77,1421
1345,UserAuthAPI,1,64,63,866
1345,ProductCatalogAPI,66,125,59,950
1345,InventoryCheckAPI,120,181,61,945
1345,FraudDetectionAPI,184,240,56,637
1345,PaymentGatewayAPI,244,323,79,573
1345,ShippingServiceAPI,326,375,49,1626
1345,NotificationAPI,376,416,40,798
1346,UserAuthAPI,1,74,73,1461
1346,ProductCatalogAPI,75,155,80,1693
1346,InventoryCheckAPI,157,261,104,673
1346,FraudDetectionAPI,256,299,43,1094
1346,PaymentGatewayAPI,302,354,52,1774
1346,ShippingServiceAPI,356,400,44,1364
1346,NotificationAPI,403,474,71,677
1347,UserAuthAPI,1,43,42,759
1347,ProductCatalogAPI,46,88,42,580
1347,InventoryCheckAPI,90,203,113,1762
1347,FraudDetectionAPI,198,296,98,1897
1347,PaymentGatewayAPI,299,409,110,1114
1347,ShippingServiceAPI,412,460,48,731
1347,NotificationAPI,462,570,108,1920
1348,UserAuthAPI,1,80,79,1381
1348,ProductCatalogAPI,82,131,49,1610
1348,InventoryCheckAPI,132,233,101,1856
1348,FraudDetectionAPI,236,331,95,1633
1348,PaymentGatewayAPI,334,389,55,1596
1348,ShippingServiceAPI,393,441,48,1556
1348,NotificationAPI,444,558,114,1050
1349,UserAuthAPI,1,65,64,1381
1349,ProductCatalogAPI,68,155,87,1992
1349,InventoryCheckAPI,150,248,98,1679
1349,FraudDetectionAPI,249,329,80,821
1349,PaymentGatewayAPI,331,400,69,1563
1349,ShippingServiceAPI,401,509,108,1369
1349,NotificationAPI,510,564,54,1647
1350,UserAuthAPI,1,64,63,1436
1350,ProductCatalogAPI,65,165,100,803
1350,InventoryCheckAPI,167,282,115,746
1350,FraudDetectionAPI,283,340,57,1887
1350,PaymentGatewayAPI,342,404,62,952
1350,ShippingServiceAPI,405,490,85,1077
1350,NotificationAPI,491,552,61,1716
1351,UserAuthAPI,1,62,61,682
1351,ProductCatalogAPI,63,164,101,678
1351,InventoryCheckAPI,168,220,52,1242
1351,FraudDetectionAPI,221,327,106,1784
1351,PaymentGatewayAPI,328,382,54,836
1351,ShippingServiceAPI,384,469,85,912
1351,NotificationAPI,472,560,88,695
1352,UserAuthAPI,1,58,57,1203
1352,ProductCatalogAPI,60,141,81,1752
1352,InventoryCheckAPI,143,261,118,874
1352,FraudDetectionAPI,263,330,67,1895
1352,PaymentGatewayAPI,333,421,88,1265
1352,ShippingServiceAPI,424,521,97,1528
1352,NotificationAPI,524,638,114,1525
1353,UserAuthAPI,1,41,40,1976
1353,ProductCatalogAPI,45,153,108,696
1353,InventoryCheckAPI,155,248,93,1458
1353,FraudDetectionAPI,250,306,56,624
1353,PaymentGatewayAPI,308,351,43,1126
1353,ShippingServiceAPI,355,403,48,1400
1353,NotificationAPI,405,486,81,924
1354,UserAuthAPI,1,70,69,1293
1354,ProductCatalogAPI,72,161,89,1063
1354,InventoryCheckAPI,162,239,77,990
1354,FraudDetectionAPI,240,299,59,610
1354,PaymentGatewayAPI,301,403,102,1641
1354,ShippingServiceAPI,404,515,111,1321
1354,NotificationAPI,516,603,87,903
1355,UserAuthAPI,1,107,106,1367
1355,ProductCatalogAPI,109,202,93,1395
1355,InventoryCheckAPI,206,257,51,1611
1355,FraudDetectionAPI,259,378,119,1930
1355,PaymentGatewayAPI,379,475,96,1553
1355,ShippingServiceAPI,476,551,75,1136
1355,NotificationAPI,552,634,82,1502
1356,UserAuthAPI,1,106,105,1192
1356,ProductCatalogAPI,107,206,99,1048
1356,InventoryCheckAPI,207,299,92,511
1356,FraudDetectionAPI,301,407,106,1803
1356,PaymentGatewayAPI,409,488,79,1460
1356,ShippingServiceAPI,490,608,118,1824
1356,NotificationAPI,611,663,52,1889
1357,UserAuthAPI,1,111,110,1492
1357,ProductCatalogAPI,113,196,83,1043
1357,InventoryCheckAPI,197,239,42,1705
1357,FraudDetectionAPI,240,317,77,503
1357,PaymentGatewayAPI,312,388,76,843
1357,ShippingServiceAPI,389,464,75,1837
1357,NotificationAPI,467,573,106,1425
1358,UserAuthAPI,1,65,64,935
1358,ProductCatalogAPI,66,172,106,1399
1358,InventoryCheckAPI,175,277,102,1555
1358,FraudDetectionAPI,272,390,118,1062
1358,PaymentGatewayAPI,391,431,40,1542
1358,ShippingServiceAPI,433,535,102,580
1358,NotificationAPI,536,601,65,1280
1359,UserAuthAPI,1,63,62,991
1359,ProductCatalogAPI,64,138,74,1279
1359,InventoryCheckAPI,140,257,117,1752
1359,FraudDetectionAPI,259,342,83,944
1359,PaymentGatewayAPI,344,394,50,1184
1359,ShippingServiceAPI,398,473,75,1897
1359,NotificationAPI,476,556,80,1216
1360,UserAuthAPI,1,55,54,640
1360,ProductCatalogAPI,58,130,72,1723
1360,InventoryCheckAPI,133,220,87,1708
1360,FraudDetectionAPI,221,262,41,1344
1360,PaymentGatewayAPI,265,312,47,902
1360,ShippingServiceAPI,314,385,71,1116
1360,NotificationAPI,386,478,92,746
1361,UserAuthAPI,1,73,72,1298
1361,ProductCatalogAPI,75,163,88,543
1361,InventoryCheckAPI,165,217,52,1182
1361,FraudDetectionAPI,219,274,55,1102
1361,PaymentGatewayAPI,276,362,86,920
1361,ShippingServiceAPI,363,417,54,1077
1361,NotificationAPI,418,495,77,1951
1362,UserAuthAPI,1,44,43,827
1362,ProductCatalogAPI,46,131,85,583
1362,InventoryCheckAPI,133,185,52,1136
1362,FraudDetectionAPI,186,278,92,1574
1362,PaymentGatewayAPI,279,329,50,1432
1362,ShippingServiceAPI,331,415,84,1797
1362,NotificationAPI,418,477,59,799
1363,UserAuthAPI,1,77,76,1477
1363,ProductCatalogAPI,72,162,90,1299
1363,InventoryCheckAPI,157,197,40,1069
1363,FraudDetectionAPI,198,307,109,1465
1363,PaymentGatewayAPI,308,410,102,1764
1363,ShippingServiceAPI,414,510,96,1270
1363,NotificationAPI,511,595,84,1410
1364,UserAuthAPI,1,45,44,929
1364,ProductCatalogAPI,47,100,53,950
1364,InventoryCheckAPI,103,184,81,593
1364,FraudDetectionAPI,185,276,91,1673
1364,PaymentGatewayAPI,277,375,98,984
1364,ShippingServiceAPI,376,436,60,1231
1364,NotificationAPI,438,545,107,1744
1365,UserAuthAPI,1,75,74,1226
1365,ProductCatalogAPI,78,169,91,865
1365,InventoryCheckAPI,172,269,97,522
1365,FraudDetectionAPI,272,372,100,1276
1365,PaymentGatewayAPI,375,482,107,932
1365,ShippingServiceAPI,485,572,87,1605
1365,NotificationAPI,574,644,70,857
1366,UserAuthAPI,1,101,100,1528
1366,ProductCatalogAPI,103,159,56,1917
1366,InventoryCheckAPI,163,244,81,1550
1366,FraudDetectionAPI,245,307,62,830
1366,PaymentGatewayAPI,302,349,47,1112
1366,ShippingServiceAPI,351,392,41,971
1366,NotificationAPI,394,445,51,1314
1367,UserAuthAPI,1,66,65,857
1367,ProductCatalogAPI,67,168,101,1337
1367,InventoryCheckAPI,170,235,65,1281
1367,FraudDetectionAPI,236,332,96,787
1367,PaymentGatewayAPI,333,450,117,529
1367,ShippingServiceAPI,452,522,70,1816
1367,NotificationAPI,524,622,98,527
1368,UserAuthAPI,1,101,100,902
1368,ProductCatalogAPI,103,158,55,1336
1368,InventoryCheckAPI,159,264,105,1917
1368,FraudDetectionAPI,267,357,90,1510
1368,PaymentGatewayAPI,359,414,55,1513
1368,ShippingServiceAPI,416,514,98,794
1368,NotificationAPI,516,616,100,1832
1369,UserAuthAPI,1,69,68,1784
1369,ProductCatalogAPI,72,186,114,988
1369,InventoryCheckAPI,181,222,41,945
1369,FraudDetectionAPI,223,320,97,1992
1369,PaymentGatewayAPI,321,395,74,1153
1369,ShippingServiceAPI,396,451,55,1866
1369,NotificationAPI,453,538,85,1151
1370,UserAuthAPI,1,59,58,1599
1370,ProductCatalogAPI,60,176,116,1380
1370,InventoryCheckAPI,178,226,48,1800
1370,FraudDetectionAPI,227,305,78,528
1370,PaymentGatewayAPI,300,377,77,1101
1370,ShippingServiceAPI,379,453,74,1591
1370,NotificationAPI,454,505,51,1811
1371,UserAuthAPI,1,66,65,1566
1371,ProductCatalogAPI,61,144,83,1817
1371,InventoryCheckAPI,146,237,91,518
1371,FraudDetectionAPI,239,326,87,718
1371,PaymentGatewayAPI,329,428,99,530
1371,ShippingServiceAPI,429,520,91,1594
1371,NotificationAPI,521,581,60,1529
1372,UserAuthAPI,1,102,101,716
1372,ProductCatalogAPI,103,192,89,1093
1372,InventoryCheckAPI,196,264,68,1052
1372,FraudDetectionAPI,265,307,42,1012
1372,PaymentGatewayAPI,309,423,114,997
1372,ShippingServiceAPI,426,530,104,1087
1372,NotificationAPI,532,643,111,962
1373,UserAuthAPI,1,80,79,1875
1373,ProductCatalogAPI,75,158,83,1979
1373,InventoryCheckAPI,159,221,62,522
1373,FraudDetectionAPI,223,317,94,1940
1373,PaymentGatewayAPI,319,418,99,688
1373,ShippingServiceAPI,419,519,100,850
1373,NotificationAPI,521,581,60,886
1374,UserAuthAPI,1,82,81,982
1374,ProductCatalogAPI,83,168,85,892
1374,InventoryCheckAPI,169,212,43,1711
1374,FraudDetectionAPI,214,282,68,546
1374,PaymentGatewayAPI,284,386,102,1042
1374,ShippingServiceAPI,381,456,75,1256
1374,NotificationAPI,457,556,99,833
1375,UserAuthAPI,1,70,69,1166
1375,ProductCatalogAPI,71,188,117,544
1375,InventoryCheckAPI,190,276,86,1503
1375,FraudDetectionAPI,277,370,93,840
1375,PaymentGatewayAPI,371,475,104,1631
1375,ShippingServiceAPI,470,522,52,1049
1375,NotificationAPI,517,596,79,978
1376,UserAuthAPI,1,42,41,1192
1376,ProductCatalogAPI,44,149,105,1342
1376,InventoryCheckAPI,152,250,98,977
1376,FraudDetectionAPI,251,339,88,1091
1376,PaymentGatewayAPI,342,452,110,1845
1376,ShippingServiceAPI,453,564,111,720
1376,NotificationAPI,566,643,77,1696
1377,UserAuthAPI,1,120,119,724
1377,ProductCatalogAPI,115,214,99,1747
1377,InventoryCheckAPI,209,315,106,1467
1377,FraudDetectionAPI,317,411,94,1020
1377,PaymentGatewayAPI,406,460,54,868
1377,ShippingServiceAPI,463,533,70,1755
1377,NotificationAPI,534,627,93,1463
1378,UserAuthAPI,1,82,81,1888
1378,ProductCatalogAPI,84,177,93,1884
1378,InventoryCheckAPI,178,228,50,1484
1378,FraudDetectionAPI,231,306,75,1031
1378,PaymentGatewayAPI,308,403,95,1061
1378,ShippingServiceAPI,405,510,105,1906
1378,NotificationAPI,513,565,52,514
1379,UserAuthAPI,1,48,47,1957
1379,ProductCatalogAPI,49,114,65,1559
1379,InventoryCheckAPI,118,209,91,1275
1379,FraudDetectionAPI,212,297,85,1217
1379,PaymentGatewayAPI,299,402,103,1447
1379,ShippingServiceAPI,404,449,45,1875
1379,NotificationAPI,450,553,103,856
1380,UserAuthAPI,1,84,83,1912
1380,ProductCatalogAPI,88,177,89,1625
1380,InventoryCheckAPI,178,288,110,1861
1380,FraudDetectionAPI,291,340,49,991
1380,PaymentGatewayAPI,335,419,84,891
1380,ShippingServiceAPI,423,469,46,1994
1380,NotificationAPI,471,557,86,1012
1381,UserAuthAPI,1,88,87,849
1381,ProductCatalogAPI,83,154,71,758
1381,InventoryCheckAPI,155,251,96,1471
1381,FraudDetectionAPI,246,288,42,887
1381,PaymentGatewayAPI,289,377,88,1297
1381,ShippingServiceAPI,378,433,55,723
1381,NotificationAPI,437,497,60,535
1382,UserAuthAPI,1,80,79,1992
1382,ProductCatalogAPI,81,183,102,1000
1382,InventoryCheckAPI,186,299,113,1947
1382,FraudDetectionAPI,301,349,48,1974
1382,PaymentGatewayAPI,351,463,112,1293
1382,ShippingServiceAPI,465,507,42,1637
1382,NotificationAPI,508,580,72,876
1383,UserAuthAPI,1,114,113,599
1383,ProductCatalogAPI,116,200,84,1315
1383,InventoryCheckAPI,201,277,76,1766
1383,FraudDetectionAPI,279,352,73,1198
1383,PaymentGatewayAPI,353,435,82,1542
1383,ShippingServiceAPI,437,487,50,507
1383,NotificationAPI,490,549,59,1658
1384,UserAuthAPI,1,79,78,1758
1384,ProductCatalogAPI,80,191,111,861
1384,InventoryCheckAPI,194,253,59,708
1384,FraudDetectionAPI,248,329,81,1235
1384,PaymentGatewayAPI,324,415,91,920
1384,ShippingServiceAPI,410,484,74,694
1384,NotificationAPI,479,525,46,1781
1385,UserAuthAPI,1,116,115,1105
1385,ProductCatalogAPI,117,197,80,1726
1385,InventoryCheckAPI,201,317,116,1391
1385,FraudDetectionAPI,318,395,77,1206
1385,PaymentGatewayAPI,397,507,110,1705
1385,ShippingServiceAPI,502,619,117,887
1385,NotificationAPI,621,673,52,1550
1386,UserAuthAPI,1,104,103,792
1386,ProductCatalogAPI,108,222,114,956
1386,InventoryCheckAPI,223,276,53,1163
1386,FraudDetectionAPI,277,364,87,1009
1386,PaymentGatewayAPI,366,470,104,1689
1386,ShippingServiceAPI,472,570,98,1501
1386,NotificationAPI,571,661,90,1185
1387,UserAuthAPI,1,49,48,1610
1387,ProductCatalogAPI,51,142,91,1702
1387,InventoryCheckAPI,143,255,112,838
1387,FraudDetectionAPI,256,363,107,1016
1387,PaymentGatewayAPI,367,435,68,1336
1387,ShippingServiceAPI,437,545,108,571
1387,NotificationAPI,547,644,97,1248
1388,UserAuthAPI,1,77,76,1989
1388,ProductCatalogAPI,81,136,55,1417
1388,InventoryCheckAPI,138,224,86,950
1388,FraudDetectionAPI,226,288,62,866
1388,PaymentGatewayAPI,283,374,91,738
1388,ShippingServiceAPI,377,480,103,1650
1388,NotificationAPI,475,584,109,981
1389,UserAuthAPI,1,51,50,1150
1389,ProductCatalogAPI,52,149,97,518
1389,InventoryCheckAPI,150,261,111,1578
1389,FraudDetectionAPI,264,373,109,1672
1389,PaymentGatewayAPI,375,415,40,1220
1389,ShippingServiceAPI,416,505,89,1533
1389,NotificationAPI,507,583,76,1592
1390,UserAuthAPI,1,117,116,1568
1390,ProductCatalogAPI,112,178,66,1204
1390,InventoryCheckAPI,181,228,47,1206
1390,FraudDetectionAPI,230,283,53,1566
1390,PaymentGatewayAPI,287,353,66,1335
1390,ShippingServiceAPI,355,469,114,739
1390,NotificationAPI,470,534,64,1715
1391,UserAuthAPI,1,49,48,1915
1391,ProductCatalogAPI,50,148,98,1694
1391,InventoryCheckAPI,150,193,43,856
1391,FraudDetectionAPI,195,283,88,1529
1391,PaymentGatewayAPI,286,397,111,1410
1391,ShippingServiceAPI,400,508,108,1381
1391,NotificationAPI,509,614,105,942
1392,UserAuthAPI,1,91,90,648
1392,ProductCatalogAPI,92,181,89,1615
1392,InventoryCheckAPI,184,291,107,1155
1392,FraudDetectionAPI,292,394,102,1091
1392,PaymentGatewayAPI,396,463,67,620
1392,ShippingServiceAPI,458,528,70,1750
1392,NotificationAPI,530,619,89,1225
1393,UserAuthAPI,1,88,87,1811
1393,ProductCatalogAPI,89,207,118,1514
1393,InventoryCheckAPI,209,278,69,1529
1393,FraudDetectionAPI,281,382,101,1161
1393,PaymentGatewayAPI,383,448,65,690
1393,ShippingServiceAPI,443,545,102,999
1393,NotificationAPI,546,635,89,1586
1394,UserAuthAPI,1,46,45,1965
1394,ProductCatalogAPI,47,98,51,1442
1394,InventoryCheckAPI,100,146,46,1936
1394,FraudDetectionAPI,149,243,94,1491
1394,PaymentGatewayAPI,245,306,61,1751
1394,ShippingServiceAPI,307,404,97,1819
1394,NotificationAPI,405,475,70,1451
1395,UserAuthAPI,1,108,107,605
1395,ProductCatalogAPI,110,183,73,831
1395,InventoryCheckAPI,184,265,81,1144
1395,FraudDetectionAPI,267,341,74,1375
1395,PaymentGatewayAPI,343,383,40,1310
1395,ShippingServiceAPI,384,486,102,1556
1395,NotificationAPI,487,603,116,1333
1396,UserAuthAPI,1,63,62,1108
1396,ProductCatalogAPI,64,132,68,913
1396,InventoryCheckAPI,127,188,61,504
1396,FraudDetectionAPI,190,261,71,1419
1396,PaymentGatewayAPI,263,319,56,1171
1396,ShippingServiceAPI,320,391,71,816
1396,NotificationAPI,386,489,103,1679
1397,UserAuthAPI,1,54,53,1565
1397,ProductCatalogAPI,56,97,41,1860
1397,InventoryCheckAPI,99,170,71,1648
1397,FraudDetectionAPI,172,242,70,1349
1397,PaymentGatewayAPI,244,297,53,1739
1397,ShippingServiceAPI,292,400,108,1152
1397,NotificationAPI,402,520,118,914
1398,UserAuthAPI,1,70,69,1290
1398,ProductCatalogAPI,72,188,116,787
1398,InventoryCheckAPI,189,273,84,1572
1398,FraudDetectionAPI,275,332,57,819
1398,PaymentGatewayAPI,333,430,97,974
1398,ShippingServiceAPI,432,527,95,1088
1398,NotificationAPI,528,577,49,1617
1399,UserAuthAPI,1,84,83,1125
1399,ProductCatalogAPI,86,168,82,1181
1399,InventoryCheckAPI,169,249,80,810
1399,FraudDetectionAPI,252,307,55,1866
1399,PaymentGatewayAPI,309,414,105,784
1399,ShippingServiceAPI,417,505,88,699
1399,NotificationAPI,500,547,47,1447
1400,UserAuthAPI,1,61,60,1945
1400,ProductCatalogAPI,65,165,100,841
1400,InventoryCheckAPI,167,210,43,1176
1400,FraudDetectionAPI,212,289,77,910
1400,PaymentGatewayAPI,290,375,85,1057
1400,ShippingServiceAPI,377,420,43,1030
1400,NotificationAPI,421,502,81,1103
1401,UserAuthAPI,1,65,64,1227
1401,ProductCatalogAPI,67,113,46,1439
1401,InventoryCheckAPI,116,182,66,1437
1401,FraudDetectionAPI,184,279,95,886
1401,PaymentGatewayAPI,281,390,109,1838
1401,ShippingServiceAPI,391,498,107,1865
1401,NotificationAPI,499,588,89,708
1402,UserAuthAPI,1,93,92,1355
1402,ProductCatalogAPI,96,212,116,535
1402,InventoryCheckAPI,213,270,57,517
1402,FraudDetectionAPI,272,378,106,1402
1402,PaymentGatewayAPI,380,449,69,1596
1402,ShippingServiceAPI,444,500,56,1960
1402,NotificationAPI,495,559,64,1181
1403,UserAuthAPI,1,78,77,1254
1403,ProductCatalogAPI,73,121,48,756
1403,InventoryCheckAPI,123,234,111,546
1403,FraudDetectionAPI,237,292,55,1954
1403,PaymentGatewayAPI,293,340,47,1549
1403,ShippingServiceAPI,343,397,54,1955
1403,NotificationAPI,400,518,118,1409
1404,UserAuthAPI,1,115,114,758
1404,ProductCatalogAPI,116,186,70,874
1404,InventoryCheckAPI,181,237,56,1782
1404,FraudDetectionAPI,238,332,94,610
1404,PaymentGatewayAPI,336,447,111,996
1404,ShippingServiceAPI,450,555,105,1226
1404,NotificationAPI,556,620,64,591
1405,UserAuthAPI,1,41,40,1102
1405,ProductCatalogAPI,36,124,88,506
1405,InventoryCheckAPI,126,166,40,1621
1405,FraudDetectionAPI,168,262,94,1196
1405,PaymentGatewayAPI,263,335,72,1758
1405,ShippingServiceAPI,336,386,50,699
1405,NotificationAPI,387,440,53,1489
1406,UserAuthAPI,1,61,60,1045
1406,ProductCatalogAPI,63,116,53,667
1406,InventoryCheckAPI,117,198,81,1927
1406,FraudDetectionAPI,201,273,72,1572
1406,PaymentGatewayAPI,277,364,87,1519
1406,ShippingServiceAPI,359,424,65,1593
1406,NotificationAPI,427,473,46,1437
1407,UserAuthAPI,1,119,118,1017
1407,ProductCatalogAPI,122,201,79,876
1407,InventoryCheckAPI,202,294,92,1352
1407,FraudDetectionAPI,296,371,75,1469
1407,PaymentGatewayAPI,374,436,62,1099
1407,ShippingServiceAPI,440,489,49,1833
1407,NotificationAPI,492,563,71,1566
1408,UserAuthAPI,1,55,54,1845
1408,ProductCatalogAPI,58,112,54,1126
1408,InventoryCheckAPI,116,205,89,1273
1408,FraudDetectionAPI,200,256,56,619
1408,PaymentGatewayAPI,259,371,112,563
1408,ShippingServiceAPI,375,472,97,1304
1408,NotificationAPI,474,585,111,1485
1409,UserAuthAPI,1,68,67,1481
1409,ProductCatalogAPI,69,175,106,1996
1409,InventoryCheckAPI,177,292,115,1360
1409,FraudDetectionAPI,293,378,85,1610
1409,PaymentGatewayAPI,380,430,50,983
1409,ShippingServiceAPI,433,485,52,1175
1409,NotificationAPI,486,589,103,806
1410,UserAuthAPI,1,100,99,885
1410,ProductCatalogAPI,101,168,67,1216
1410,InventoryCheckAPI,169,271,102,981
1410,FraudDetectionAPI,274,345,71,839
1410,PaymentGatewayAPI,347,394,47,1782
1410,ShippingServiceAPI,396,488,92,1745
1410,NotificationAPI,489,587,98,651
1411,UserAuthAPI,1,102,101,1062
1411,ProductCatalogAPI,105,190,85,1997
1411,InventoryCheckAPI,192,259,67,523
1411,FraudDetectionAPI,260,378,118,1956
1411,PaymentGatewayAPI,379,420,41,762
1411,ShippingServiceAPI,421,481,60,1404
1411,NotificationAPI,476,539,63,1812
1412,UserAuthAPI,1,45,44,706
1412,ProductCatalogAPI,47,100,53,871
1412,InventoryCheckAPI,102,176,74,1887
1412,FraudDetectionAPI,177,295,118,510
1412,PaymentGatewayAPI,297,380,83,1446
1412,ShippingServiceAPI,383,492,109,1352
1412,NotificationAPI,496,609,113,1551
1413,UserAuthAPI,1,83,82,1899
1413,ProductCatalogAPI,86,188,102,1624
1413,InventoryCheckAPI,192,294,102,765
1413,FraudDetectionAPI,295,371,76,1534
1413,PaymentGatewayAPI,372,430,58,873
1413,ShippingServiceAPI,432,503,71,639
1413,NotificationAPI,506,566,60,1672
1414,UserAuthAPI,1,69,68,557
1414,ProductCatalogAPI,70,121,51,1546
1414,InventoryCheckAPI,123,188,65,872
1414,FraudDetectionAPI,191,240,49,1865
1414,PaymentGatewayAPI,243,293,50,1083
1414,ShippingServiceAPI,295,382,87,1871
1414,NotificationAPI,385,471,86,1511
1415,UserAuthAPI,1,88,87,1731
1415,ProductCatalogAPI,89,153,64,1360
1415,InventoryCheckAPI,155,231,76,1113
1415,FraudDetectionAPI,232,329,97,1264
1415,PaymentGatewayAPI,330,400,70,1609
1415,ShippingServiceAPI,404,511,107,1494
1415,NotificationAPI,513,596,83,892
1416,UserAuthAPI,1,67,66,1477
1416,ProductCatalogAPI,68,166,98,609
1416,InventoryCheckAPI,167,209,42,1283
1416,FraudDetectionAPI,211,282,71,1100
1416,PaymentGatewayAPI,283,341,58,1526
1416,ShippingServiceAPI,343,417,74,1765
1416,NotificationAPI,421,530,109,856
1417,UserAuthAPI,1,109,108,1357
1417,ProductCatalogAPI,110,166,56,534
1417,InventoryCheckAPI,168,284,116,1217
1417,FraudDetectionAPI,286,373,87,1708
1417,PaymentGatewayAPI,368,422,54,1651
1417,ShippingServiceAPI,424,477,53,1665
1417,NotificationAPI,480,557,77,946
1418,UserAuthAPI,1,51,50,1260
1418,ProductCatalogAPI,52,117,65,822
1418,InventoryCheckAPI,118,218,100,841
1418,FraudDetectionAPI,220,285,65,1941
1418,PaymentGatewayAPI,286,334,48,539
1418,ShippingServiceAPI,336,382,46,1641
1418,NotificationAPI,384,453,69,1207
1419,UserAuthAPI,1,54,53,960
1419,ProductCatalogAPI,57,173,116,576
1419,InventoryCheckAPI,176,259,83,889
1419,FraudDetectionAPI,261,314,53,1403
1419,PaymentGatewayAPI,309,387,78,1700
1419,ShippingServiceAPI,388,490,102,1789
1419,NotificationAPI,492,589,97,1793
1420,UserAuthAPI,1,79,78,621
1420,ProductCatalogAPI,81,136,55,1851
1420,InventoryCheckAPI,138,192,54,1612
1420,FraudDetectionAPI,193,311,118,845
1420,PaymentGatewayAPI,314,374,60,1539
1420,ShippingServiceAPI,376,480,104,1280
1420,NotificationAPI,484,584,100,787
1421,UserAuthAPI,1,81,80,1717
1421,ProductCatalogAPI,83,181,98,1804
1421,InventoryCheckAPI,184,225,41,925
1421,FraudDetectionAPI,229,271,42,1185
1421,PaymentGatewayAPI,274,335,61,1300
1421,ShippingServiceAPI,337,393,56,619
1421,NotificationAPI,396,438,42,932
1422,UserAuthAPI,1,71,70,1476
1422,ProductCatalogAPI,72,128,56,1363
1422,InventoryCheckAPI,123,234,111,1122
1422,FraudDetectionAPI,229,330,101,1288
1422,PaymentGatewayAPI,332,406,74,921
1422,ShippingServiceAPI,410,491,81,1617
1422,NotificationAPI,494,572,78,834
1423,UserAuthAPI,1,55,54,1663
1423,ProductCatalogAPI,57,150,93,1355
1423,InventoryCheckAPI,152,270,118,631
1423,FraudDetectionAPI,272,321,49,1663
1423,PaymentGatewayAPI,322,405,83,1930
1423,ShippingServiceAPI,409,485,76,824
1423,NotificationAPI,487,570,83,1119
1424,UserAuthAPI,1,114,113,1702
1424,ProductCatalogAPI,117,187,70,1684
1424,InventoryCheckAPI,188,259,71,620
1424,FraudDetectionAPI,260,300,40,1948
1424,PaymentGatewayAPI,301,379,78,888
1424,ShippingServiceAPI,381,442,61,1252
1424,NotificationAPI,446,497,51,552
1425,UserAuthAPI,1,61,60,1542
1425,ProductCatalogAPI,64,175,111,821
1425,InventoryCheckAPI,177,275,98,1674
1425,FraudDetectionAPI,278,375,97,1517
1425,PaymentGatewayAPI,377,434,57,1250
1425,ShippingServiceAPI,436,553,117,1460
1425,NotificationAPI,554,598,44,1106
1426,UserAuthAPI,1,102,101,628
1426,ProductCatalogAPI,104,163,59,1251
1426,InventoryCheckAPI,164,245,81,1873
1426,FraudDetectionAPI,247,325,78,1713
1426,PaymentGatewayAPI,326,371,45,957
1426,ShippingServiceAPI,374,471,97,1021
1426,NotificationAPI,474,552,78,1920
1427,UserAuthAPI,1,51,50,996
1427,ProductCatalogAPI,53,152,99,1235
1427,InventoryCheckAPI,153,243,90,1794
1427,FraudDetectionAPI,245,311,66,1067
1427,PaymentGatewayAPI,313,412,99,1521
1427,ShippingServiceAPI,407,516,109,1186
1427,NotificationAPI,518,565,47,1458
1428,UserAuthAPI,1,42,41,1668
1428,ProductCatalogAPI,43,108,65,1345
1428,InventoryCheckAPI,103,147,44,760
1428,FraudDetectionAPI,148,190,42,593
1428,PaymentGatewayAPI,193,245,52,997
1428,ShippingServiceAPI,246,293,47,1937
1428,NotificationAPI,296,414,118,1901
1429,UserAuthAPI,1,73,72,1010
1429,ProductCatalogAPI,75,166,91,876
1429,InventoryCheckAPI,167,284,117,1003
1429,FraudDetectionAPI,285,394,109,824
1429,PaymentGatewayAPI,397,516,119,1597
1429,ShippingServiceAPI,520,573,53,1216
1429,NotificationAPI,575,640,65,790
1430,UserAuthAPI,1,64,63,914
1430,ProductCatalogAPI,65,170,105,1180
1430,InventoryCheckAPI,165,238,73,538
1430,FraudDetectionAPI,241,303,62,1091
1430,PaymentGatewayAPI,304,413,109,941
1430,ShippingServiceAPI,417,478,61,864
1430,NotificationAPI,482,561,79,1864
1431,UserAuthAPI,1,51,50,764
1431,ProductCatalogAPI,46,123,77,1654
1431,InventoryCheckAPI,125,179,54,930
1431,FraudDetectionAPI,180,243,63,894
1431,PaymentGatewayAPI,244,316,72,1482
1431,ShippingServiceAPI,317,408,91,691
1431,NotificationAPI,411,494,83,845
1432,UserAuthAPI,1,52,51,502
1432,ProductCatalogAPI,54,170,116,1806
1432,InventoryCheckAPI,172,253,81,637
1432,FraudDetectionAPI,256,303,47,1925
1432,PaymentGatewayAPI,298,395,97,1885
1432,ShippingServiceAPI,397,510,113,931
1432,NotificationAPI,513,558,45,657
1433,UserAuthAPI,1,58,57,1044
1433,ProductCatalogAPI,60,155,95,1414
1433,InventoryCheckAPI,156,221,65,1936
1433,FraudDetectionAPI,224,317,93,794
1433,PaymentGatewayAPI,312,409,97,1827
1433,ShippingServiceAPI,410,475,65,1218
1433,NotificationAPI,470,586,116,1579
1434,UserAuthAPI,1,79,78,1699
1434,ProductCatalogAPI,82,142,60,1267
1434,InventoryCheckAPI,143,204,61,1932
1434,FraudDetectionAPI,207,272,65,529
1434,PaymentGatewayAPI,275,348,73,1228
1434,ShippingServiceAPI,350,462,112,898
1434,NotificationAPI,463,512,49,1274
1435,UserAuthAPI,1,51,50,1443
1435,ProductCatalogAPI,55,162,107,1571
1435,InventoryCheckAPI,163,235,72,1641
1435,FraudDetectionAPI,237,323,86,621
1435,PaymentGatewayAPI,326,396,70,1294
1435,ShippingServiceAPI,399,474,75,1682
1435,NotificationAPI,477,560,83,624
1436,UserAuthAPI,1,108,107,1103
1436,ProductCatalogAPI,109,190,81,1920
1436,InventoryCheckAPI,185,277,92,667
1436,FraudDetectionAPI,278,363,85,1895
1436,PaymentGatewayAPI,358,419,61,748
1436,ShippingServiceAPI,421,488,67,616
1436,NotificationAPI,489,592,103,761
1437,UserAuthAPI,1,57,56,1561
1437,ProductCatalogAPI,60,152,92,1183
1437,InventoryCheckAPI,153,218,65,832
1437,FraudDetectionAPI,220,339,119,1681
1437,PaymentGatewayAPI,340,458,118,696
1437,ShippingServiceAPI,459,509,50,725
1437,NotificationAPI,510,575,65,1412
1438,UserAuthAPI,1,84,83,1418
1438,ProductCatalogAPI,79,155,76,1727
1438,InventoryCheckAPI,156,197,41,701
1438,FraudDetectionAPI,192,305,113,1816
1438,PaymentGatewayAPI,307,359,52,681
1438,ShippingServiceAPI,361,442,81,1333
1438,NotificationAPI,443,493,50,1908
1439,UserAuthAPI,1,102,101,622
1439,ProductCatalogAPI,104,220,116,1103
1439,InventoryCheckAPI,221,322,101,767
1439,FraudDetectionAPI,323,429,106,1039
1439,PaymentGatewayAPI,430,490,60,1658
1439,ShippingServiceAPI,491,544,53,625
1439,NotificationAPI,545,657,112,1482
1440,UserAuthAPI,1,78,77,1963
1440,ProductCatalogAPI,79,122,43,1914
1440,InventoryCheckAPI,124,171,47,1647
1440,FraudDetectionAPI,166,262,96,1046
1440,PaymentGatewayAPI,263,315,52,538
1440,ShippingServiceAPI,310,396,86,1478
1440,NotificationAPI,400,469,69,1139
1441,UserAuthAPI,1,117,116,723
1441,ProductCatalogAPI,118,199,81,747
1441,InventoryCheckAPI,201,291,90,1929
1441,FraudDetectionAPI,294,407,113,1085
1441,PaymentGatewayAPI,408,492,84,537
1441,ShippingServiceAPI,496,597,101,992
1441,NotificationAPI,600,700,100,1642
1442,UserAuthAPI,1,120,119,727
1442,ProductCatalogAPI,124,217,93,1447
1442,InventoryCheckAPI,220,284,64,1725
1442,FraudDetectionAPI,286,336,50,1430
1442,PaymentGatewayAPI,338,444,106,1252
1442,ShippingServiceAPI,447,541,94,1600
1442,NotificationAPI,545,604,59,1184
1443,UserAuthAPI,1,60,59,554
1443,ProductCatalogAPI,62,117,55,1770
1443,InventoryCheckAPI,119,216,97,1843
1443,FraudDetectionAPI,211,299,88,962
1443,PaymentGatewayAPI,303,349,46,995
1443,ShippingServiceAPI,351,459,108,1101
1443,NotificationAPI,461,548,87,1304
1444,UserAuthAPI,1,70,69,796
1444,ProductCatalogAPI,71,149,78,1035
1444,InventoryCheckAPI,150,242,92,524
1444,FraudDetectionAPI,243,313,70,726
1444,PaymentGatewayAPI,316,413,97,735
1444,ShippingServiceAPI,416,505,89,631
1444,NotificationAPI,507,577,70,1482
1445,UserAuthAPI,1,54,53,884
1445,ProductCatalogAPI,56,154,98,560
1445,InventoryCheckAPI,158,257,99,952
1445,FraudDetectionAPI,260,358,98,1437
1445,PaymentGatewayAPI,361,436,75,1947
1445,ShippingServiceAPI,437,487,50,1676
1445,NotificationAPI,490,572,82,1077
1446,UserAuthAPI,1,64,63,1856
1446,ProductCatalogAPI,66,142,76,1395
1446,InventoryCheckAPI,146,260,114,623
1446,FraudDetectionAPI,262,353,91,1794
1446,PaymentGatewayAPI,354,460,106,1212
1446,ShippingServiceAPI,462,574,112,1948
1446,NotificationAPI,578,622,44,958
1447,UserAuthAPI,1,58,57,1816
1447,ProductCatalogAPI,61,169,108,1263
1447,InventoryCheckAPI,171,287,116,634
1447,FraudDetectionAPI,289,355,66,1901
1447,PaymentGatewayAPI,359,429,70,1750
1447,ShippingServiceAPI,431,474,43,1157
1447,NotificationAPI,475,590,115,1479
1448,UserAuthAPI,1,85,84,1407
1448,ProductCatalogAPI,89,150,61,846
1448,InventoryCheckAPI,151,231,80,1348
1448,FraudDetectionAPI,232,303,71,1650
1448,PaymentGatewayAPI,304,398,94,1017
1448,ShippingServiceAPI,402,473,71,919
1448,NotificationAPI,468,519,51,1206
1449,UserAuthAPI,1,49,48,888
1449,ProductCatalogAPI,50,90,40,1788
1449,InventoryCheckAPI,92,135,43,807
1449,FraudDetectionAPI,136,180,44,1999
1449,PaymentGatewayAPI,182,269,87,842
1449,ShippingServiceAPI,271,362,91,1354
1449,NotificationAPI,363,411,48,1754
1450,UserAuthAPI,1,106,105,1472
1450,ProductCatalogAPI,109,168,59,987
1450,InventoryCheckAPI,170,225,55,1090
1450,FraudDetectionAPI,227,286,59,1163
1450,PaymentGatewayAPI,287,333,46,1098
1450,ShippingServiceAPI,334,378,44,862
1450,NotificationAPI,380,484,104,1111
1451,UserAuthAPI,1,110,109,842
1451,ProductCatalogAPI,112,195,83,1477
1451,InventoryCheckAPI,198,275,77,1280
1451,FraudDetectionAPI,270,353,83,1748
1451,PaymentGatewayAPI,354,418,64,1035
1451,ShippingServiceAPI,419,528,109,1925
1451,NotificationAPI,530,587,57,1714
1452,UserAuthAPI,1,111,110,700
1452,ProductCatalogAPI,115,206,91,1267
1452,InventoryCheckAPI,209,292,83,1419
1452,FraudDetectionAPI,294,342,48,1370
1452,PaymentGatewayAPI,344,405,61,1156
1452,ShippingServiceAPI,400,486,86,1611
1452,NotificationAPI,488,560,72,976
1453,UserAuthAPI,1,101,100,951
1453,ProductCatalogAPI,102,189,87,1019
1453,InventoryCheckAPI,191,232,41,1766
1453,FraudDetectionAPI,235,295,60,1145
1453,PaymentGatewayAPI,296,405,109,1024
1453,ShippingServiceAPI,406,469,63,1075
1453,NotificationAPI,464,525,61,1840
1454,UserAuthAPI,1,44,43,582
1454,ProductCatalogAPI,39,90,51,1044
1454,InventoryCheckAPI,93,205,112,1373
1454,FraudDetectionAPI,208,321,113,1619
1454,PaymentGatewayAPI,324,435,111,674
1454,ShippingServiceAPI,437,523,86,996
1454,NotificationAPI,524,598,74,618
1455,UserAuthAPI,1,96,95,1974
1455,ProductCatalogAPI,98,197,99,1628
1455,InventoryCheckAPI,201,320,119,1686
1455,FraudDetectionAPI,324,414,90,1802
1455,PaymentGatewayAPI,417,515,98,1452
1455,ShippingServiceAPI,519,614,95,733
1455,NotificationAPI,609,683,74,1962
1456,UserAuthAPI,1,84,83,1258
1456,ProductCatalogAPI,86,173,87,855
1456,InventoryCheckAPI,168,252,84,1586
1456,FraudDetectionAPI,247,349,102,1305
1456,PaymentGatewayAPI,344,402,58,1099
1456,ShippingServiceAPI,403,507,104,1111
1456,NotificationAPI,509,578,69,1060
1457,UserAuthAPI,1,115,114,1714
1457,ProductCatalogAPI,117,167,50,548
1457,InventoryCheckAPI,168,247,79,776
1457,FraudDetectionAPI,248,317,69,715
1457,PaymentGatewayAPI,318,424,106,1944
1457,ShippingServiceAPI,426,496,70,545
1457,NotificationAPI,491,544,53,1132
1458,UserAuthAPI,1,103,102,1486
1458,ProductCatalogAPI,104,181,77,1006
1458,InventoryCheckAPI,184,277,93,1962
1458,FraudDetectionAPI,279,390,111,1368
1458,PaymentGatewayAPI,391,446,55,715
1458,ShippingServiceAPI,449,531,82,1263
1458,NotificationAPI,532,631,99,729
1459,UserAuthAPI,1,41,40,658
1459,ProductCatalogAPI,42,161,119,673
1459,InventoryCheckAPI,156,213,57,1516
1459,FraudDetectionAPI,216,278,62,1474
1459,PaymentGatewayAPI,279,332,53,1176
1459,ShippingServiceAPI,333,394,61,1760
1459,NotificationAPI,396,464,68,1816
1460,UserAuthAPI,1,75,74,1991
1460,ProductCatalogAPI,78,175,97,1006
1460,InventoryCheckAPI,176,271,95,1203
1460,FraudDetectionAPI,272,363,91,749
1460,PaymentGatewayAPI,365,464,99,1010
1460,ShippingServiceAPI,466,511,45,1273
1460,NotificationAPI,513,580,67,1565
1461,UserAuthAPI,1,103,102,1545
1461,ProductCatalogAPI,98,166,68,826
1461,InventoryCheckAPI,161,202,41,1120
1461,FraudDetectionAPI,203,261,58,1904
1461,PaymentGatewayAPI,262,305,43,1683
1461,ShippingServiceAPI,309,409,100,537
1461,NotificationAPI,411,506,95,1179
1462,UserAuthAPI,1,109,108,1094
1462,ProductCatalogAPI,113,226,113,1653
1462,InventoryCheckAPI,228,284,56,825
1462,FraudDetectionAPI,285,393,108,1683
1462,PaymentGatewayAPI,396,467,71,747
1462,ShippingServiceAPI,468,521,53,1081
1462,NotificationAPI,525,584,59,720
1463,UserAuthAPI,1,120,119,762
1463,ProductCatalogAPI,115,190,75,1183
1463,InventoryCheckAPI,192,273,81,1567
1463,FraudDetectionAPI,274,360,86,1657
1463,PaymentGatewayAPI,361,466,105,1003
1463,ShippingServiceAPI,470,518,48,1022
1463,NotificationAPI,522,638,116,1513
1464,UserAuthAPI,1,58,57,1779
1464,ProductCatalogAPI,60,173,113,614
1464,InventoryCheckAPI,175,277,102,852
1464,FraudDetectionAPI,278,346,68,821
1464,PaymentGatewayAPI,347,405,58,1333
1464,ShippingServiceAPI,408,499,91,658
1464,NotificationAPI,501,608,107,1616
1465,UserAuthAPI,1,53,52,1410
1465,ProductCatalogAPI,55,128,73,903
1465,InventoryCheckAPI,129,195,66,1937
1465,FraudDetectionAPI,197,301,104,1622
1465,PaymentGatewayAPI,302,365,63,1804
1465,ShippingServiceAPI,366,481,115,1022
1465,NotificationAPI,483,599,116,1442
1466,UserAuthAPI,1,65,64,1412
1466,ProductCatalogAPI,66,157,91,1092
1466,InventoryCheckAPI,158,277,119,1255
1466,FraudDetectionAPI,278,322,44,1820
1466,PaymentGatewayAPI,317,412,95,531
1466,ShippingServiceAPI,413,500,87,1185
1466,NotificationAPI,504,561,57,1775
1467,UserAuthAPI,1,105,104,1101
1467,ProductCatalogAPI,107,184,77,847
1467,InventoryCheckAPI,185,266,81,1770
1467,FraudDetectionAPI,269,372,103,1011
1467,PaymentGatewayAPI,373,469,96,1630
1467,ShippingServiceAPI,471,577,106,1241
1467,NotificationAPI,578,621,43,1437
1468,UserAuthAPI,1,53,52,1400
1468,ProductCatalogAPI,55,98,43,686
1468,InventoryCheckAPI,100,163,63,1886
1468,FraudDetectionAPI,164,261,97,1039
1468,PaymentGatewayAPI,262,350,88,1781
1468,ShippingServiceAPI,352,417,65,655
1468,NotificationAPI,418,513,95,1760
1469,UserAuthAPI,1,97,96,674
1469,ProductCatalogAPI,99,177,78,1642
1469,InventoryCheckAPI,179,227,48,1926
1469,FraudDetectionAPI,230,330,100,1326
1469,PaymentGatewayAPI,334,443,109,1762
1469,ShippingServiceAPI,445,517,72,1548
1469,NotificationAPI,521,578,57,718
1470,UserAuthAPI,1,106,105,1563
1470,ProductCatalogAPI,101,206,105,835
1470,InventoryCheckAPI,207,251,44,1749
1470,FraudDetectionAPI,255,314,59,602
1470,PaymentGatewayAPI,317,433,116,1557
1470,ShippingServiceAPI,435,530,95,1808
1470,NotificationAPI,525,565,40,1582
1471,UserAuthAPI,1,47,46,1737
1471,ProductCatalogAPI,51,151,100,1452
1471,InventoryCheckAPI,154,212,58,782
1471,FraudDetectionAPI,215,315,100,1072
1471,PaymentGatewayAPI,316,400,84,671
1471,ShippingServiceAPI,395,478,83,727
1471,NotificationAPI,482,600,118,1100
1472,UserAuthAPI,1,90,89,796
1472,ProductCatalogAPI,93,144,51,1525
1472,InventoryCheckAPI,145,198,53,1301
1472,FraudDetectionAPI,193,296,103,906
1472,PaymentGatewayAPI,298,351,53,1992
1472,ShippingServiceAPI,354,439,85,994
1472,NotificationAPI,440,501,61,1887
1473,UserAuthAPI,1,101,100,1395
1473,ProductCatalogAPI,104,207,103,1876
1473,InventoryCheckAPI,210,325,115,926
1473,FraudDetectionAPI,320,435,115,1256
1473,PaymentGatewayAPI,436,549,113,1934
1473,ShippingServiceAPI,553,599,46,1185
1473,NotificationAPI,600,647,47,1912
1474,UserAuthAPI,1,100,99,1992
1474,ProductCatalogAPI,101,201,100,1094
1474,InventoryCheckAPI,203,269,66,1680
1474,FraudDetectionAPI,270,379,109,1893
1474,PaymentGatewayAPI,382,424,42,733
1474,ShippingServiceAPI,428,512,84,1393
1474,NotificationAPI,513,590,77,633
1475,UserAuthAPI,1,55,54,1833
1475,ProductCatalogAPI,56,129,73,506
1475,InventoryCheckAPI,131,183,52,561
1475,FraudDetectionAPI,186,290,104,1820
1475,PaymentGatewayAPI,292,397,105,1232
1475,ShippingServiceAPI,392,481,89,1338
1475,NotificationAPI,483,602,119,519
1476,UserAuthAPI,1,77,76,1782
1476,ProductCatalogAPI,80,192,112,1934
1476,InventoryCheckAPI,193,278,85,1893
1476,FraudDetectionAPI,279,365,86,1741
1476,PaymentGatewayAPI,367,481,114,1424
1476,ShippingServiceAPI,484,573,89,1021
1476,NotificationAPI,576,676,100,1930
1477,UserAuthAPI,1,100,99,1758
1477,ProductCatalogAPI,102,196,94,1810
1477,InventoryCheckAPI,198,304,106,512
1477,FraudDetectionAPI,307,367,60,1054
1477,PaymentGatewayAPI,369,475,106,1177
1477,ShippingServiceAPI,470,560,90,703
1477,NotificationAPI,561,643,82,1294
1478,UserAuthAPI,1,70,69,1005
1478,ProductCatalogAPI,74,123,49,1398
1478,InventoryCheckAPI,125,191,66,1989
1478,FraudDetectionAPI,194,295,101,801
1478,PaymentGatewayAPI,296,379,83,562
1478,ShippingServiceAPI,380,470,90,1341
1478,NotificationAPI,474,561,87,1716
1479,UserAuthAPI,1,85,84,1398
1479,ProductCatalogAPI,86,162,76,674
1479,InventoryCheckAPI,164,236,72,950
1479,FraudDetectionAPI,237,308,71,779
1479,PaymentGatewayAPI,310,367,57,1590
1479,ShippingServiceAPI,369,434,65,616
1479,NotificationAPI,437,541,104,1958
1480,UserAuthAPI,1,100,99,686
1480,ProductCatalogAPI,102,162,60,1206
1480,InventoryCheckAPI,163,246,83,1977
1480,FraudDetectionAPI,249,310,61,537
1480,PaymentGatewayAPI,311,376,65,1691
1480,ShippingServiceAPI,378,436,58,541
1480,NotificationAPI,439,481,42,898
1481,UserAuthAPI,1,85,84,1243
1481,ProductCatalogAPI,80,199,119,1573
1481,InventoryCheckAPI,200,257,57,797
1481,FraudDetectionAPI,258,349,91,606
1481,PaymentGatewayAPI,352,416,64,870
1481,ShippingServiceAPI,418,478,60,1079
1481,NotificationAPI,479,548,69,684
1482,UserAuthAPI,1,93,92,1923
1482,ProductCatalogAPI,94,138,44,1001
1482,InventoryCheckAPI,140,256,116,849
1482,FraudDetectionAPI,257,351,94,1614
1482,PaymentGatewayAPI,352,433,81,1848
1482,ShippingServiceAPI,434,544,110,1641
1482,NotificationAPI,547,641,94,770
1483,UserAuthAPI,1,44,43,1809
1483,ProductCatalogAPI,47,159,112,1503
1483,InventoryCheckAPI,160,260,100,1850
1483,FraudDetectionAPI,262,356,94,596
1483,PaymentGatewayAPI,359,440,81,1493
1483,ShippingServiceAPI,441,515,74,957
1483,NotificationAPI,517,585,68,743
1484,UserAuthAPI,1,97,96,1717
1484,ProductCatalogAPI,100,166,66,998
1484,InventoryCheckAPI,169,257,88,1547
1484,FraudDetectionAPI,258,314,56,1067
1484,PaymentGatewayAPI,315,428,113,921
1484,ShippingServiceAPI,431,474,43,1701
1484,NotificationAPI,477,537,60,535
1485,UserAuthAPI,1,111,110,1567
1485,ProductCatalogAPI,114,171,57,971
1485,InventoryCheckAPI,166,230,64,1139
1485,FraudDetectionAPI,231,327,96,673
1485,PaymentGatewayAPI,329,378,49,685
1485,ShippingServiceAPI,379,492,113,1818
1485,NotificationAPI,494,561,67,1471
1486,UserAuthAPI,1,72,71,1074
1486,ProductCatalogAPI,74,158,84,808
1486,InventoryCheckAPI,162,228,66,1037
1486,FraudDetectionAPI,229,307,78,692
1486,PaymentGatewayAPI,308,393,85,1719
1486,ShippingServiceAPI,396,495,99,889
1486,NotificationAPI,497,611,114,1852
1487,UserAuthAPI,1,114,113,917
1487,ProductCatalogAPI,117,202,85,1015
1487,InventoryCheckAPI,204,289,85,1602
1487,FraudDetectionAPI,291,389,98,827
1487,PaymentGatewayAPI,384,491,107,985
1487,ShippingServiceAPI,492,570,78,1388
1487,NotificationAPI,571,625,54,500
1488,UserAuthAPI,1,63,62,1703
1488,ProductCatalogAPI,65,164,99,1541
1488,InventoryCheckAPI,168,285,117,1197
1488,FraudDetectionAPI,286,404,118,1752
1488,PaymentGatewayAPI,405,522,117,1185
1488,ShippingServiceAPI,525,596,71,1239
1488,NotificationAPI,597,707,110,824
1489,UserAuthAPI,1,70,69,1419
1489,ProductCatalogAPI,71,179,108,1407
1489,InventoryCheckAPI,180,288,108,1943
1489,FraudDetectionAPI,292,398,106,1449
1489,PaymentGatewayAPI,400,475,75,551
1489,ShippingServiceAPI,477,578,101,1460
1489,NotificationAPI,579,626,47,873
1490,UserAuthAPI,1,43,42,835
1490,ProductCatalogAPI,44,84,40,1395
1490,InventoryCheckAPI,85,136,51,1817
1490,FraudDetectionAPI,131,211,80,1064
1490,PaymentGatewayAPI,212,327,115,1792
1490,ShippingServiceAPI,329,387,58,998
1490,NotificationAPI,388,498,110,1423
1491,UserAuthAPI,1,59,58,1475
1491,ProductCatalogAPI,62,149,87,1040
1491,InventoryCheckAPI,152,210,58,994
1491,FraudDetectionAPI,205,304,99,1187
1491,PaymentGatewayAPI,306,364,58,1821
1491,ShippingServiceAPI,365,480,115,932
1491,NotificationAPI,481,588,107,1858
1492,UserAuthAPI,1,115,114,1098
1492,ProductCatalogAPI,110,180,70,1256
1492,InventoryCheckAPI,175,227,52,1961
1492,FraudDetectionAPI,229,288,59,1237
1492,PaymentGatewayAPI,290,381,91,920
1492,ShippingServiceAPI,382,448,66,917
1492,NotificationAPI,452,507,55,814
1493,UserAuthAPI,1,119,118,1044
1493,ProductCatalogAPI,121,187,66,1575
1493,InventoryCheckAPI,190,259,69,1418
1493,FraudDetectionAPI,254,309,55,938
1493,PaymentGatewayAPI,304,360,56,958
1493,ShippingServiceAPI,364,459,95,1360
1493,NotificationAPI,462,518,56,1294
1494,UserAuthAPI,1,112,111,1433
1494,ProductCatalogAPI,113,224,111,1695
1494,InventoryCheckAPI,227,302,75,1775
1494,FraudDetectionAPI,304,385,81,866
1494,PaymentGatewayAPI,387,482,95,1858
1494,ShippingServiceAPI,486,575,89,1984
1494,NotificationAPI,570,642,72,1618
1495,UserAuthAPI,1,98,97,1691
1495,ProductCatalogAPI,100,142,42,871
1495,InventoryCheckAPI,137,199,62,597
1495,FraudDetectionAPI,200,249,49,820
1495,PaymentGatewayAPI,250,345,95,916
1495,ShippingServiceAPI,346,465,119,1169
1495,NotificationAPI,469,513,44,552
1496,UserAuthAPI,1,63,62,1629
1496,ProductCatalogAPI,65,180,115,1149
1496,InventoryCheckAPI,175,247,72,707
1496,FraudDetectionAPI,248,314,66,1367
1496,PaymentGatewayAPI,315,364,49,1004
1496,ShippingServiceAPI,366,435,69,1782
1496,NotificationAPI,437,553,116,1862
1497,UserAuthAPI,1,50,49,719
1497,ProductCatalogAPI,52,129,77,1978
1497,InventoryCheckAPI,130,199,69,1663
1497,FraudDetectionAPI,200,253,53,1316
1497,PaymentGatewayAPI,254,329,75,1331
1497,ShippingServiceAPI,331,402,71,1979
1497,NotificationAPI,404,463,59,1172
1498,UserAuthAPI,1,120,119,1448
1498,ProductCatalogAPI,121,234,113,568
1498,InventoryCheckAPI,229,269,40,850
1498,FraudDetectionAPI,270,367,97,1227
1498,PaymentGatewayAPI,370,482,112,1531
1498,ShippingServiceAPI,485,527,42,882
1498,NotificationAPI,528,599,71,1895
1499,UserAuthAPI,1,78,77,1397
1499,ProductCatalogAPI,82,167,85,820
1499,InventoryCheckAPI,169,237,68,1357
1499,FraudDetectionAPI,238,306,68,1551
1499,PaymentGatewayAPI,307,372,65,1893
1499,ShippingServiceAPI,373,446,73,859
1499,NotificationAPI,449,515,66,1903
1500,UserAuthAPI,1,71,70,1690
1500,ProductCatalogAPI,72,135,63,975
1500,InventoryCheckAPI,136,198,62,1496
1500,FraudDetectionAPI,199,254,55,928
1500,PaymentGatewayAPI,255,299,44,1966
1500,ShippingServiceAPI,301,375,74,990
1500,NotificationAPI,378,473,95,1163
1501,UserAuthAPI,1,78,77,697
1501,ProductCatalogAPI,80,169,89,1848
1501,InventoryCheckAPI,173,217,44,1095
1501,FraudDetectionAPI,218,317,99,1166
1501,PaymentGatewayAPI,318,417,99,1078
1501,ShippingServiceAPI,419,535,116,899
1501,NotificationAPI,539,605,66,1257
1502,UserAuthAPI,1,73,72,706
1502,ProductCatalogAPI,68,162,94,1831
1502,InventoryCheckAPI,166,220,54,1863
1502,FraudDetectionAPI,221,328,107,1526
1502,PaymentGatewayAPI,331,375,44,892
1502,ShippingServiceAPI,370,439,69,1481
1502,NotificationAPI,441,507,66,737
1503,UserAuthAPI,1,103,102,1860
1503,ProductCatalogAPI,106,164,58,706
1503,InventoryCheckAPI,165,241,76,1082
1503,FraudDetectionAPI,243,290,47,1477
1503,PaymentGatewayAPI,291,347,56,1738
1503,ShippingServiceAPI,349,418,69,1767
1503,NotificationAPI,420,465,45,1279
1504,UserAuthAPI,1,76,75,1590
1504,ProductCatalogAPI,77,195,118,1728
1504,InventoryCheckAPI,199,278,79,1605
1504,FraudDetectionAPI,279,323,44,614
1504,PaymentGatewayAPI,324,367,43,1897
1504,ShippingServiceAPI,371,449,78,1451
1504,NotificationAPI,452,545,93,646
1505,UserAuthAPI,1,92,91,1214
1505,ProductCatalogAPI,87,193,106,1668
1505,InventoryCheckAPI,196,274,78,1572
1505,FraudDetectionAPI,278,378,100,639
1505,PaymentGatewayAPI,381,431,50,947
1505,ShippingServiceAPI,433,515,82,1516
1505,NotificationAPI,517,617,100,1496
1506,UserAuthAPI,1,52,51,685
1506,ProductCatalogAPI,53,136,83,1698
1506,InventoryCheckAPI,138,251,113,1727
1506,FraudDetectionAPI,252,298,46,1939
1506,PaymentGatewayAPI,300,359,59,1464
1506,ShippingServiceAPI,363,444,81,1222
1506,NotificationAPI,445,491,46,1903
1507,UserAuthAPI,1,90,89,1557
1507,ProductCatalogAPI,91,140,49,866
1507,InventoryCheckAPI,143,214,71,1135
1507,FraudDetectionAPI,217,318,101,1691
1507,PaymentGatewayAPI,321,394,73,708
1507,ShippingServiceAPI,389,436,47,1236
1507,NotificationAPI,438,503,65,1580
1508,UserAuthAPI,1,66,65,686
1508,ProductCatalogAPI,70,178,108,1639
1508,InventoryCheckAPI,181,255,74,1937
1508,FraudDetectionAPI,250,313,63,1297
1508,PaymentGatewayAPI,314,420,106,1043
1508,ShippingServiceAPI,415,504,89,1954
1508,NotificationAPI,508,627,119,1558
1509,UserAuthAPI,1,119,118,1446
1509,ProductCatalogAPI,114,187,73,1292
1509,InventoryCheckAPI,182,264,82,1393
1509,FraudDetectionAPI,266,351,85,1136
1509,PaymentGatewayAPI,352,444,92,603
1509,ShippingServiceAPI,446,508,62,1775
1509,NotificationAPI,511,584,73,1725
1510,UserAuthAPI,1,44,43,1463
1510,ProductCatalogAPI,46,112,66,1381
1510,InventoryCheckAPI,116,195,79,1735
1510,FraudDetectionAPI,196,258,62,711
1510,PaymentGatewayAPI,259,327,68,1200
1510,ShippingServiceAPI,328,436,108,1678
1510,NotificationAPI,440,516,76,1301
1511,UserAuthAPI,1,76,75,1363
1511,ProductCatalogAPI,77,138,61,1789
1511,InventoryCheckAPI,139,244,105,1323
1511,FraudDetectionAPI,247,344,97,1244
1511,PaymentGatewayAPI,345,401,56,1742
1511,ShippingServiceAPI,396,507,111,792
1511,NotificationAPI,509,618,109,579
1512,UserAuthAPI,1,111,110,1118
1512,ProductCatalogAPI,114,177,63,1656
1512,InventoryCheckAPI,172,240,68,929
1512,FraudDetectionAPI,241,326,85,830
1512,PaymentGatewayAPI,321,370,49,1831
1512,ShippingServiceAPI,372,429,57,1599
1512,NotificationAPI,431,495,64,1839
1513,UserAuthAPI,1,117,116,1649
1513,ProductCatalogAPI,119,188,69,1763
1513,InventoryCheckAPI,190,236,46,715
1513,FraudDetectionAPI,238,314,76,542
1513,PaymentGatewayAPI,317,427,110,1792
1513,ShippingServiceAPI,428,530,102,613
1513,NotificationAPI,531,583,52,657
1514,UserAuthAPI,1,105,104,1797
1514,ProductCatalogAPI,106,207,101,559
1514,InventoryCheckAPI,210,309,99,1703
1514,FraudDetectionAPI,312,366,54,1344
1514,PaymentGatewayAPI,369,417,48,712
1514,ShippingServiceAPI,421,535,114,1489
1514,NotificationAPI,530,625,95,716
1515,UserAuthAPI,1,95,94,1583
1515,ProductCatalogAPI,99,139,40,1056
1515,InventoryCheckAPI,134,211,77,1003
1515,FraudDetectionAPI,212,275,63,1783
1515,PaymentGatewayAPI,278,330,52,1243
1515,ShippingServiceAPI,331,402,71,921
1515,NotificationAPI,405,523,118,1836
1516,UserAuthAPI,1,111,110,1433
1516,ProductCatalogAPI,112,177,65,1623
1516,InventoryCheckAPI,178,219,41,1310
1516,FraudDetectionAPI,222,324,102,1596
1516,PaymentGatewayAPI,328,415,87,1528
1516,ShippingServiceAPI,418,492,74,1872
1516,NotificationAPI,487,575,88,1630
1517,UserAuthAPI,1,99,98,1331
1517,ProductCatalogAPI,94,159,65,569
1517,InventoryCheckAPI,162,213,51,796
1517,FraudDetectionAPI,216,320,104,677
1517,PaymentGatewayAPI,322,392,70,510
1517,ShippingServiceAPI,394,460,66,1729
1517,NotificationAPI,461,556,95,849
1518,UserAuthAPI,1,59,58,812
1518,ProductCatalogAPI,60,144,84,944
1518,InventoryCheckAPI,146,214,68,1124
1518,FraudDetectionAPI,216,299,83,1888
1518,PaymentGatewayAPI,302,343,41,1401
1518,ShippingServiceAPI,346,443,97,1910
1518,NotificationAPI,444,538,94,1320
1519,UserAuthAPI,1,80,79,1736
1519,ProductCatalogAPI,82,134,52,1116
1519,InventoryCheckAPI,137,231,94,1939
1519,FraudDetectionAPI,235,301,66,1291
1519,PaymentGatewayAPI,304,365,61,1601
1519,ShippingServiceAPI,369,475,106,1331
1519,NotificationAPI,478,564,86,1544
1520,UserAuthAPI,1,85,84,1820
1520,ProductCatalogAPI,89,139,50,712
1520,InventoryCheckAPI,143,209,66,1438
1520,FraudDetectionAPI,210,303,93,784
1520,PaymentGatewayAPI,307,355,48,688
1520,ShippingServiceAPI,356,400,44,1964
1520,NotificationAPI,403,446,43,1707
1521,UserAuthAPI,1,74,73,795
1521,ProductCatalogAPI,76,137,61,1650
1521,InventoryCheckAPI,138,185,47,627
1521,FraudDetectionAPI,186,254,68,1229
1521,PaymentGatewayAPI,257,308,51,962
1521,ShippingServiceAPI,309,406,97,1756
1521,NotificationAPI,401,495,94,1941
1522,UserAuthAPI,1,52,51,1317
1522,ProductCatalogAPI,53,162,109,1537
1522,InventoryCheckAPI,163,232,69,956
1522,FraudDetectionAPI,236,327,91,865
1522,PaymentGatewayAPI,329,390,61,808
1522,ShippingServiceAPI,392,486,94,1260
1522,NotificationAPI,487,548,61,921
1523,UserAuthAPI,1,106,105,1312
1523,ProductCatalogAPI,109,213,104,732
1523,InventoryCheckAPI,214,258,44,1568
1523,FraudDetectionAPI,260,316,56,1180
1523,PaymentGatewayAPI,318,436,118,903
1523,ShippingServiceAPI,439,544,105,1519
1523,NotificationAPI,546,589,43,1445
1524,UserAuthAPI,1,95,94,1181
1524,ProductCatalogAPI,97,138,41,1957
1524,InventoryCheckAPI,142,251,109,1289
1524,FraudDetectionAPI,246,355,109,1127
1524,PaymentGatewayAPI,350,459,109,1348
1524,ShippingServiceAPI,463,552,89,856
1524,NotificationAPI,555,617,62,1317
1525,UserAuthAPI,1,95,94,1030
1525,ProductCatalogAPI,97,200,103,949
1525,InventoryCheckAPI,201,249,48,1904
1525,FraudDetectionAPI,252,309,57,1349
1525,PaymentGatewayAPI,312,429,117,1383
1525,ShippingServiceAPI,431,475,44,1628
1525,NotificationAPI,478,586,108,1129
1526,UserAuthAPI,1,60,59,1340
1526,ProductCatalogAPI,61,116,55,830
1526,InventoryCheckAPI,119,215,96,888
1526,FraudDetectionAPI,217,265,48,1884
1526,PaymentGatewayAPI,267,332,65,1725
1526,ShippingServiceAPI,333,391,58,515
1526,NotificationAPI,392,499,107,529
1527,UserAuthAPI,1,64,63,1498
1527,ProductCatalogAPI,67,153,86,1553
1527,InventoryCheckAPI,148,207,59,1933
1527,FraudDetectionAPI,209,290,81,680
1527,PaymentGatewayAPI,292,400,108,765
1527,ShippingServiceAPI,401,517,116,931
1527,NotificationAPI,520,594,74,935
1528,UserAuthAPI,1,92,91,615
1528,ProductCatalogAPI,94,161,67,600
1528,InventoryCheckAPI,163,237,74,1500
1528,FraudDetectionAPI,240,311,71,1525
1528,PaymentGatewayAPI,312,367,55,1667
1528,ShippingServiceAPI,371,464,93,1415
1528,NotificationAPI,466,513,47,747
1529,UserAuthAPI,1,93,92,813
1529,ProductCatalogAPI,95,146,51,1479
1529,InventoryCheckAPI,149,219,70,1865
1529,FraudDetectionAPI,214,290,76,1871
1529,PaymentGatewayAPI,292,406,114,1651
1529,ShippingServiceAPI,408,457,49,1561
1529,NotificationAPI,452,528,76,1437
1530,UserAuthAPI,1,54,53,1241
1530,ProductCatalogAPI,49,98,49,873
1530,InventoryCheckAPI,99,177,78,1107
1530,FraudDetectionAPI,180,226,46,1768
1530,PaymentGatewayAPI,227,269,42,628
1530,ShippingServiceAPI,270,383,113,1375
1530,NotificationAPI,385,456,71,1610
1531,UserAuthAPI,1,57,56,588
1531,ProductCatalogAPI,59,104,45,1444
1531,InventoryCheckAPI,106,171,65,1939
1531,FraudDetectionAPI,174,257,83,1198
1531,PaymentGatewayAPI,260,317,57,818
1531,ShippingServiceAPI,319,403,84,1983
1531,NotificationAPI,406,448,42,886
1532,UserAuthAPI,1,113,112,862
1532,ProductCatalogAPI,116,209,93,1515
1532,InventoryCheckAPI,212,256,44,1818
1532,FraudDetectionAPI,258,369,111,532
1532,PaymentGatewayAPI,371,442,71,1054
1532,ShippingServiceAPI,446,534,88,1292
1532,NotificationAPI,536,641,105,1020
1533,UserAuthAPI,1,58,57,1289
1533,ProductCatalogAPI,59,105,46,861
1533,InventoryCheckAPI,100,180,80,1544
1533,FraudDetectionAPI,175,231,56,1332
1533,PaymentGatewayAPI,233,330,97,989
1533,ShippingServiceAPI,331,422,91,1529
1533,NotificationAPI,425,488,63,743
1534,UserAuthAPI,1,72,71,1057
1534,ProductCatalogAPI,75,141,66,586
1534,InventoryCheckAPI,142,215,73,1672
1534,FraudDetectionAPI,210,281,71,945
1534,PaymentGatewayAPI,282,328,46,681
1534,ShippingServiceAPI,330,383,53,977
1534,NotificationAPI,386,469,83,673
1535,UserAuthAPI,1,81,80,572
1535,ProductCatalogAPI,85,129,44,1101
1535,InventoryCheckAPI,130,247,117,832
1535,FraudDetectionAPI,249,367,118,662
1535,PaymentGatewayAPI,371,489,118,1970
1535,ShippingServiceAPI,491,553,62,1290
1535,NotificationAPI,554,635,81,1141
1536,UserAuthAPI,1,69,68,521
1536,ProductCatalogAPI,70,182,112,1680
1536,InventoryCheckAPI,183,230,47,1826
1536,FraudDetectionAPI,232,307,75,1659
1536,PaymentGatewayAPI,309,394,85,1765
1536,ShippingServiceAPI,389,451,62,1584
1536,NotificationAPI,446,531,85,1995
1537,UserAuthAPI,1,60,59,1411
1537,ProductCatalogAPI,61,130,69,1029
1537,InventoryCheckAPI,132,206,74,1670
1537,FraudDetectionAPI,208,323,115,1772
1537,PaymentGatewayAPI,326,414,88,1021
1537,ShippingServiceAPI,418,486,68,722
1537,NotificationAPI,490,597,107,988
1538,UserAuthAPI,1,118,117,1291
1538,ProductCatalogAPI,120,198,78,1871
1538,InventoryCheckAPI,202,309,107,1813
1538,FraudDetectionAPI,310,402,92,1231
1538,PaymentGatewayAPI,403,495,92,1128
1538,ShippingServiceAPI,496,610,114,1565
1538,NotificationAPI,612,660,48,1814
1539,UserAuthAPI,1,105,104,583
1539,ProductCatalogAPI,106,171,65,550
1539,InventoryCheckAPI,173,271,98,1746
1539,FraudDetectionAPI,273,315,42,1704
1539,PaymentGatewayAPI,318,423,105,1863
1539,ShippingServiceAPI,425,508,83,1004
1539,NotificationAPI,509,616,107,561
1540,UserAuthAPI,1,90,89,1901
1540,ProductCatalogAPI,93,184,91,1343
1540,InventoryCheckAPI,179,278,99,1227
1540,FraudDetectionAPI,279,387,108,1287
1540,PaymentGatewayAPI,388,436,48,1178
1540,ShippingServiceAPI,439,532,93,709
1540,NotificationAPI,534,616,82,637
1541,UserAuthAPI,1,88,87,1137
1541,ProductCatalogAPI,89,145,56,1912
1541,InventoryCheckAPI,147,250,103,606
1541,FraudDetectionAPI,251,294,43,856
1541,PaymentGatewayAPI,295,362,67,967
1541,ShippingServiceAPI,364,441,77,1589
1541,NotificationAPI,442,528,86,1885
1542,UserAuthAPI,1,65,64,1346
1542,ProductCatalogAPI,60,139,79,1111
1542,InventoryCheckAPI,140,219,79,1130
1542,FraudDetectionAPI,214,322,108,900
1542,PaymentGatewayAPI,325,405,80,575
1542,ShippingServiceAPI,407,479,72,1822
1542,NotificationAPI,480,586,106,793
1543,UserAuthAPI,1,103,102,913
1543,ProductCatalogAPI,104,198,94,670
1543,InventoryCheckAPI,193,264,71,1911
1543,FraudDetectionAPI,267,378,111,1522
1543,PaymentGatewayAPI,379,489,110,1076
1543,ShippingServiceAPI,484,549,65,1212
1543,NotificationAPI,551,592,41,1677
1544,UserAuthAPI,1,84,83,1938
1544,ProductCatalogAPI,86,130,44,1388
1544,InventoryCheckAPI,132,187,55,1170
1544,FraudDetectionAPI,189,253,64,1346
1544,PaymentGatewayAPI,254,368,114,1624
1544,ShippingServiceAPI,370,480,110,1413
1544,NotificationAPI,482,577,95,1933
1545,UserAuthAPI,1,53,52,1924
1545,ProductCatalogAPI,56,122,66,1412
1545,InventoryCheckAPI,117,170,53,1000
1545,FraudDetectionAPI,172,280,108,1847
1545,PaymentGatewayAPI,281,349,68,1612
1545,ShippingServiceAPI,351,406,55,644
1545,NotificationAPI,408,486,78,1628
1546,UserAuthAPI,1,94,93,581
1546,ProductCatalogAPI,89,193,104,842
1546,InventoryCheckAPI,188,290,102,1589
1546,FraudDetectionAPI,291,375,84,1924
1546,PaymentGatewayAPI,376,481,105,567
1546,ShippingServiceAPI,483,523,40,650
1546,NotificationAPI,525,566,41,1249
1547,UserAuthAPI,1,67,66,518
1547,ProductCatalogAPI,70,177,107,1316
1547,InventoryCheckAPI,179,255,76,870
1547,FraudDetectionAPI,257,337,80,1860
1547,PaymentGatewayAPI,338,391,53,1961
1547,ShippingServiceAPI,393,511,118,1571
1547,NotificationAPI,515,609,94,1023
1548,UserAuthAPI,1,109,108,1268
1548,ProductCatalogAPI,110,222,112,1813
1548,InventoryCheckAPI,225,310,85,686
1548,FraudDetectionAPI,311,378,67,1435
1548,PaymentGatewayAPI,373,463,90,521
1548,ShippingServiceAPI,466,565,99,1588
1548,NotificationAPI,566,634,68,1067
1549,UserAuthAPI,1,112,111,1486
1549,ProductCatalogAPI,115,189,74,1985
1549,InventoryCheckAPI,191,270,79,786
1549,FraudDetectionAPI,271,384,113,1694
1549,PaymentGatewayAPI,386,441,55,1386
1549,ShippingServiceAPI,444,524,80,805
1549,NotificationAPI,519,633,114,1796
1550,UserAuthAPI,1,107,106,1155
1550,ProductCatalogAPI,108,181,73,1223
1550,InventoryCheckAPI,185,244,59,579
1550,FraudDetectionAPI,245,337,92,1060
1550,PaymentGatewayAPI,340,397,57,791
1550,ShippingServiceAPI,399,468,69,1263
1550,NotificationAPI,471,531,60,1447
1551,UserAuthAPI,1,81,80,809
1551,ProductCatalogAPI,84,179,95,1346
1551,InventoryCheckAPI,183,243,60,1899
1551,FraudDetectionAPI,247,311,64,1888
1551,PaymentGatewayAPI,313,405,92,1699
1551,ShippingServiceAPI,408,478,70,958
1551,NotificationAPI,481,587,106,1854
1552,UserAuthAPI,1,93,92,844
1552,ProductCatalogAPI,97,148,51,1442
1552,InventoryCheckAPI,149,257,108,966
1552,FraudDetectionAPI,259,327,68,1023
1552,PaymentGatewayAPI,328,396,68,758
1552,ShippingServiceAPI,399,496,97,843
1552,NotificationAPI,500,543,43,1068
1553,UserAuthAPI,1,68,67,515
1553,ProductCatalogAPI,72,167,95,808
1553,InventoryCheckAPI,170,234,64,1681
1553,FraudDetectionAPI,236,298,62,1680
1553,PaymentGatewayAPI,302,352,50,1544
1553,ShippingServiceAPI,356,419,63,1511
1553,NotificationAPI,422,526,104,1908
1554,UserAuthAPI,1,74,73,1603
1554,ProductCatalogAPI,77,145,68,1142
1554,InventoryCheckAPI,146,247,101,1882
1554,FraudDetectionAPI,251,315,64,909
1554,PaymentGatewayAPI,310,378,68,798
1554,ShippingServiceAPI,379,491,112,760
1554,NotificationAPI,493,588,95,1458
1555,UserAuthAPI,1,85,84,1688
1555,ProductCatalogAPI,86,161,75,1684
1555,InventoryCheckAPI,163,278,115,1594
1555,FraudDetectionAPI,281,327,46,1884
1555,PaymentGatewayAPI,328,391,63,1056
1555,ShippingServiceAPI,394,465,71,1809
1555,NotificationAPI,467,563,96,1381
1556,UserAuthAPI,1,70,69,1742
1556,ProductCatalogAPI,74,175,101,1590
1556,InventoryCheckAPI,178,271,93,509
1556,FraudDetectionAPI,266,336,70,784
1556,PaymentGatewayAPI,339,395,56,870
1556,ShippingServiceAPI,397,454,57,1575
1556,NotificationAPI,449,501,52,1611
1557,UserAuthAPI,1,61,60,1529
1557,ProductCatalogAPI,65,157,92,1610
1557,InventoryCheckAPI,158,206,48,1875
1557,FraudDetectionAPI,210,295,85,1502
1557,PaymentGatewayAPI,298,412,114,657
1557,ShippingServiceAPI,413,511,98,1766
1557,NotificationAPI,513,598,85,719
1558,UserAuthAPI,1,79,78,1008
1558,ProductCatalogAPI,74,170,96,714
1558,InventoryCheckAPI,174,233,59,709
1558,FraudDetectionAPI,236,347,111,677
1558,PaymentGatewayAPI,350,432,82,765
1558,ShippingServiceAPI,434,545,111,774
1558,NotificationAPI,546,637,91,552
1559,UserAuthAPI,1,88,87,1923
1559,ProductCatalogAPI,91,158,67,988
1559,InventoryCheckAPI,160,232,72,1008
1559,FraudDetectionAPI,233,298,65,505
1559,PaymentGatewayAPI,300,406,106,1950
1559,ShippingServiceAPI,408,511,103,837
1559,NotificationAPI,513,565,52,564
1560,UserAuthAPI,1,54,53,1156
1560,ProductCatalogAPI,55,107,52,828
1560,InventoryCheckAPI,111,187,76,1836
1560,FraudDetectionAPI,189,306,117,1461
1560,PaymentGatewayAPI,307,388,81,1089
1560,ShippingServiceAPI,390,446,56,944
1560,NotificationAPI,447,529,82,762
1561,UserAuthAPI,1,63,62,641
1561,ProductCatalogAPI,58,129,71,524
1561,InventoryCheckAPI,132,220,88,684
1561,FraudDetectionAPI,215,300,85,1362
1561,PaymentGatewayAPI,302,355,53,1389
1561,ShippingServiceAPI,356,410,54,1233
1561,NotificationAPI,412,505,93,1406
1562,UserAuthAPI,1,68,67,938
1562,ProductCatalogAPI,63,174,111,1165
1562,InventoryCheckAPI,175,246,71,931
1562,FraudDetectionAPI,247,356,109,1114
1562,PaymentGatewayAPI,360,460,100,1941
1562,ShippingServiceAPI,462,546,84,1891
1562,NotificationAPI,541,645,104,1594
1563,UserAuthAPI,1,88,87,738
1563,ProductCatalogAPI,89,186,97,991
1563,InventoryCheckAPI,188,297,109,944
1563,FraudDetectionAPI,298,376,78,941
1563,PaymentGatewayAPI,380,450,70,1654
1563,ShippingServiceAPI,452,545,93,1849
1563,NotificationAPI,548,622,74,867
1564,UserAuthAPI,1,101,100,667
1564,ProductCatalogAPI,103,184,81,1693
1564,InventoryCheckAPI,187,304,117,1350
1564,FraudDetectionAPI,306,366,60,1724
1564,PaymentGatewayAPI,367,459,92,1311
1564,ShippingServiceAPI,462,539,77,608
1564,NotificationAPI,541,618,77,1790
1565,UserAuthAPI,1,104,103,927
1565,ProductCatalogAPI,106,207,101,1511
1565,InventoryCheckAPI,211,311,100,1869
1565,FraudDetectionAPI,312,360,48,1718
1565,PaymentGatewayAPI,363,404,41,1659
1565,ShippingServiceAPI,405,462,57,1959
1565,NotificationAPI,465,518,53,1843
1566,UserAuthAPI,1,84,83,852
1566,ProductCatalogAPI,79,150,71,1303
1566,InventoryCheckAPI,151,253,102,1848
1566,FraudDetectionAPI,255,334,79,523
1566,PaymentGatewayAPI,329,396,67,1073
1566,ShippingServiceAPI,391,468,77,1386
1566,NotificationAPI,470,554,84,1939
1567,UserAuthAPI,1,41,40,1213
1567,ProductCatalogAPI,43,150,107,1488
1567,InventoryCheckAPI,151,260,109,1342
1567,FraudDetectionAPI,261,330,69,1417
1567,PaymentGatewayAPI,332,444,112,554
1567,ShippingServiceAPI,445,530,85,1876
1567,NotificationAPI,531,650,119,1404
1568,UserAuthAPI,1,59,58,1548
1568,ProductCatalogAPI,60,176,116,1697
1568,InventoryCheckAPI,178,275,97,1290
1568,FraudDetectionAPI,277,329,52,1645
1568,PaymentGatewayAPI,324,393,69,887
1568,ShippingServiceAPI,394,447,53,766
1568,NotificationAPI,451,493,42,500
1569,UserAuthAPI,1,113,112,879
1569,ProductCatalogAPI,108,163,55,801
1569,InventoryCheckAPI,166,246,80,1702
1569,FraudDetectionAPI,248,362,114,1854
1569,PaymentGatewayAPI,357,455,98,1165
1569,ShippingServiceAPI,456,500,44,1058
1569,NotificationAPI,502,586,84,1826
1570,UserAuthAPI,1,53,52,1996
1570,ProductCatalogAPI,57,159,102,1775
1570,InventoryCheckAPI,163,268,105,1863
1570,FraudDetectionAPI,269,361,92,1845
1570,PaymentGatewayAPI,362,469,107,542
1570,ShippingServiceAPI,470,574,104,1532
1570,NotificationAPI,578,660,82,565
1571,UserAuthAPI,1,47,46,1609
1571,ProductCatalogAPI,49,92,43,1391
1571,InventoryCheckAPI,93,167,74,1254
1571,FraudDetectionAPI,171,255,84,769
1571,PaymentGatewayAPI,257,344,87,1808
1571,ShippingServiceAPI,345,426,81,1552
1571,NotificationAPI,429,481,52,1408
1572,UserAuthAPI,1,46,45,1308
1572,ProductCatalogAPI,47,102,55,1528
1572,InventoryCheckAPI,105,209,104,765
1572,FraudDetectionAPI,204,302,98,1814
1572,PaymentGatewayAPI,303,421,118,1406
1572,ShippingServiceAPI,424,507,83,1383
1572,NotificationAPI,508,595,87,1064
1573,UserAuthAPI,1,110,109,1132
1573,ProductCatalogAPI,112,184,72,679
1573,InventoryCheckAPI,185,275,90,1633
1573,FraudDetectionAPI,276,378,102,905
1573,PaymentGatewayAPI,380,457,77,1916
1573,ShippingServiceAPI,458,519,61,1407
1573,NotificationAPI,522,583,61,1785
1574,UserAuthAPI,1,95,94,748
1574,ProductCatalogAPI,96,145,49,690
1574,InventoryCheckAPI,146,247,101,1115
1574,FraudDetectionAPI,249,320,71,1517
1574,PaymentGatewayAPI,322,373,51,1480
1574,ShippingServiceAPI,377,448,71,1927
1574,NotificationAPI,450,506,56,1988
1575,UserAuthAPI,1,57,56,1033
1575,ProductCatalogAPI,59,174,115,1440
1575,InventoryCheckAPI,178,277,99,528
1575,FraudDetectionAPI,281,345,64,639
1575,PaymentGatewayAPI,347,392,45,518
1575,ShippingServiceAPI,396,448,52,1988
1575,NotificationAPI,449,512,63,1531
1576,UserAuthAPI,1,85,84,1979
1576,ProductCatalogAPI,86,126,40,1014
1576,InventoryCheckAPI,129,218,89,1671
1576,FraudDetectionAPI,220,274,54,1198
1576,PaymentGatewayAPI,275,351,76,605
1576,ShippingServiceAPI,353,410,57,1540
1576,NotificationAPI,405,492,87,1805
1577,UserAuthAPI,1,85,84,1943
1577,ProductCatalogAPI,80,194,114,1166
1577,InventoryCheckAPI,197,306,109,894
1577,FraudDetectionAPI,307,403,96,957
1577,PaymentGatewayAPI,404,517,113,573
1577,ShippingServiceAPI,520,573,53,1339
1577,NotificationAPI,575,640,65,548
1578,UserAuthAPI,1,106,105,1576
1578,ProductCatalogAPI,101,180,79,555
1578,InventoryCheckAPI,181,225,44,1575
1578,FraudDetectionAPI,226,298,72,1929
1578,PaymentGatewayAPI,301,355,54,1076
1578,ShippingServiceAPI,356,401,45,1223
1578,NotificationAPI,402,453,51,832
1579,UserAuthAPI,1,117,116,1653
1579,ProductCatalogAPI,119,219,100,1406
1579,InventoryCheckAPI,221,294,73,707
1579,FraudDetectionAPI,295,342,47,635
1579,PaymentGatewayAPI,343,387,44,1670
1579,ShippingServiceAPI,382,478,96,1961
1579,NotificationAPI,479,537,58,1216
1580,UserAuthAPI,1,120,119,945
1580,ProductCatalogAPI,123,167,44,1428
1580,InventoryCheckAPI,168,226,58,587
1580,FraudDetectionAPI,228,309,81,794
1580,PaymentGatewayAPI,311,377,66,1343
1580,ShippingServiceAPI,380,447,67,1703
1580,NotificationAPI,448,505,57,1610
1581,UserAuthAPI,1,51,50,1587
1581,ProductCatalogAPI,53,163,110,840
1581,InventoryCheckAPI,167,243,76,1189
1581,FraudDetectionAPI,244,300,56,1172
1581,PaymentGatewayAPI,303,355,52,986
1581,ShippingServiceAPI,356,418,62,1582
1581,NotificationAPI,422,516,94,820
1582,UserAuthAPI,1,100,99,913
1582,ProductCatalogAPI,101,199,98,552
1582,InventoryCheckAPI,200,269,69,517
1582,FraudDetectionAPI,270,317,47,659
1582,PaymentGatewayAPI,321,373,52,1541
1582,ShippingServiceAPI,375,436,61,1410
1582,NotificationAPI,437,506,69,1528
1583,UserAuthAPI,1,71,70,998
1583,ProductCatalogAPI,66,169,103,1641
1583,InventoryCheckAPI,171,220,49,1680
1583,FraudDetectionAPI,221,290,69,835
1583,PaymentGatewayAPI,291,393,102,1364
1583,ShippingServiceAPI,397,494,97,527
1583,NotificationAPI,496,572,76,1529
1584,UserAuthAPI,1,102,101,1748
1584,ProductCatalogAPI,105,222,117,539
1584,InventoryCheckAPI,225,306,81,1497
1584,FraudDetectionAPI,309,363,54,631
1584,PaymentGatewayAPI,365,442,77,708
1584,ShippingServiceAPI,437,499,62,1905
1584,NotificationAPI,500,595,95,1832
1585,UserAuthAPI,1,116,115,797
1585,ProductCatalogAPI,119,207,88,1509
1585,InventoryCheckAPI,210,321,111,816
1585,FraudDetectionAPI,316,368,52,803
1585,PaymentGatewayAPI,370,485,115,1220
1585,ShippingServiceAPI,489,585,96,1387
1585,NotificationAPI,580,692,112,1075
1586,UserAuthAPI,1,104,103,1036
1586,ProductCatalogAPI,108,175,67,1032
1586,InventoryCheckAPI,178,243,65,1413
1586,FraudDetectionAPI,246,326,80,1026
1586,PaymentGatewayAPI,327,372,45,1210
1586,ShippingServiceAPI,374,473,99,611
1586,NotificationAPI,476,524,48,754
1587,UserAuthAPI,1,84,83,1457
1587,ProductCatalogAPI,86,133,47,806
1587,InventoryCheckAPI,135,204,69,729
1587,FraudDetectionAPI,205,264,59,1554
1587,PaymentGatewayAPI,265,352,87,1679
1587,ShippingServiceAPI,355,457,102,1699
1587,NotificationAPI,459,503,44,1344
1588,UserAuthAPI,1,105,104,1319
1588,ProductCatalogAPI,106,208,102,610
1588,InventoryCheckAPI,209,287,78,1996
1588,FraudDetectionAPI,289,371,82,1828
1588,PaymentGatewayAPI,372,478,106,1123
1588,ShippingServiceAPI,481,535,54,1655
1588,NotificationAPI,536,654,118,881
1589,UserAuthAPI,1,71,70,1415
1589,ProductCatalogAPI,73,140,67,665
1589,InventoryCheckAPI,141,219,78,1386
1589,FraudDetectionAPI,222,311,89,1501
1589,PaymentGatewayAPI,312,419,107,680
1589,ShippingServiceAPI,421,514,93,589
1589,NotificationAPI,509,579,70,692
1590,UserAuthAPI,1,99,98,1646
1590,ProductCatalogAPI,101,189,88,645
1590,InventoryCheckAPI,184,281,97,826
1590,FraudDetectionAPI,282,346,64,901
1590,PaymentGatewayAPI,350,432,82,566
1590,ShippingServiceAPI,433,546,113,927
1590,NotificationAPI,548,666,118,877
1591,UserAuthAPI,1,72,71,1436
1591,ProductCatalogAPI,73,186,113,1563
1591,InventoryCheckAPI,189,252,63,1853
1591,FraudDetectionAPI,254,365,111,997
1591,PaymentGatewayAPI,366,432,66,844
1591,ShippingServiceAPI,433,511,78,1811
1591,NotificationAPI,514,562,48,1061
1592,UserAuthAPI,1,44,43,996
1592,ProductCatalogAPI,39,112,73,1166
1592,InventoryCheckAPI,113,184,71,1948
1592,FraudDetectionAPI,187,289,102,863
1592,PaymentGatewayAPI,290,352,62,1122
1592,ShippingServiceAPI,356,427,71,1564
1592,NotificationAPI,422,534,112,1938
1593,UserAuthAPI,1,50,49,864
1593,ProductCatalogAPI,51,135,84,651
1593,InventoryCheckAPI,136,254,118,1206
1593,FraudDetectionAPI,256,305,49,729
1593,PaymentGatewayAPI,307,360,53,1980
1593,ShippingServiceAPI,361,415,54,1121
1593,NotificationAPI,416,525,109,553
1594,UserAuthAPI,1,59,58,1051
1594,ProductCatalogAPI,60,173,113,798
1594,InventoryCheckAPI,175,228,53,1843
1594,FraudDetectionAPI,229,326,97,676
1594,PaymentGatewayAPI,328,393,65,1550
1594,ShippingServiceAPI,388,462,74,1773
1594,NotificationAPI,463,572,109,1345
1595,UserAuthAPI,1,73,72,1552
1595,ProductCatalogAPI,74,135,61,1609
1595,InventoryCheckAPI,137,186,49,1548
1595,FraudDetectionAPI,189,304,115,870
1595,PaymentGatewayAPI,299,385,86,682
1595,ShippingServiceAPI,388,434,46,1801
1595,NotificationAPI,437,499,62,1955
1596,UserAuthAPI,1,92,91,838
1596,ProductCatalogAPI,96,171,75,1017
1596,InventoryCheckAPI,166,265,99,1041
1596,FraudDetectionAPI,260,304,44,1770
1596,PaymentGatewayAPI,306,388,82,972
1596,ShippingServiceAPI,389,430,41,516
1596,NotificationAPI,432,515,83,1193
1597,UserAuthAPI,1,72,71,1680
1597,ProductCatalogAPI,74,186,112,1345
1597,InventoryCheckAPI,187,251,64,1832
1597,FraudDetectionAPI,252,320,68,1774
1597,PaymentGatewayAPI,323,368,45,1270
1597,ShippingServiceAPI,371,465,94,660
1597,NotificationAPI,466,508,42,1720
1598,UserAuthAPI,1,58,57,733
1598,ProductCatalogAPI,61,177,116,1932
1598,InventoryCheckAPI,179,293,114,1976
1598,FraudDetectionAPI,296,407,111,877
1598,PaymentGatewayAPI,411,516,105,1878
1598,ShippingServiceAPI,517,561,44,1603
1598,NotificationAPI,556,614,58,1219
1599,UserAuthAPI,1,42,41,1694
1599,ProductCatalogAPI,44,116,72,1035
1599,InventoryCheckAPI,117,202,85,773
1599,FraudDetectionAPI,205,252,47,866
1599,PaymentGatewayAPI,255,307,52,1350
1599,ShippingServiceAPI,310,386,76,1869
1599,NotificationAPI,381,489,108,1299
1600,UserAuthAPI,1,42,41,824
1600,ProductCatalogAPI,44,134,90,755
1600,InventoryCheckAPI,137,191,54,1083
1600,FraudDetectionAPI,195,272,77,713
1600,PaymentGatewayAPI,275,359,84,1652
1600,ShippingServiceAPI,362,471,109,551
1600,NotificationAPI,473,515,42,593
1601,UserAuthAPI,1,46,45,1241
1601,ProductCatalogAPI,48,148,100,542
1601,InventoryCheckAPI,150,209,59,1826
1601,FraudDetectionAPI,210,324,114,1205
1601,PaymentGatewayAPI,319,422,103,845
1601,ShippingServiceAPI,425,519,94,1825
1601,NotificationAPI,521,584,63,1612
1602,UserAuthAPI,1,65,64,1808
1602,ProductCatalogAPI,68,109,41,747
1602,InventoryCheckAPI,111,211,100,590
1602,FraudDetectionAPI,212,329,117,1688
1602,PaymentGatewayAPI,332,400,68,579
1602,ShippingServiceAPI,402,482,80,1616
1602,NotificationAPI,484,536,52,693
1603,UserAuthAPI,1,104,103,1020
1603,ProductCatalogAPI,99,159,60,1652
1603,InventoryCheckAPI,163,204,41,1883
1603,FraudDetectionAPI,205,288,83,1611
1603,PaymentGatewayAPI,290,334,44,1523
1603,ShippingServiceAPI,335,440,105,964
1603,NotificationAPI,435,487,52,1104
1604,UserAuthAPI,1,83,82,635
1604,ProductCatalogAPI,86,184,98,894
1604,InventoryCheckAPI,185,263,78,1805
1604,FraudDetectionAPI,264,329,65,1569
1604,PaymentGatewayAPI,331,377,46,1046
1604,ShippingServiceAPI,379,440,61,1270
1604,NotificationAPI,443,490,47,1271
1605,UserAuthAPI,1,79,78,1899
1605,ProductCatalogAPI,74,186,112,1245
1605,InventoryCheckAPI,181,254,73,1677
1605,FraudDetectionAPI,256,313,57,1202
1605,PaymentGatewayAPI,315,396,81,1872
1605,ShippingServiceAPI,399,492,93,935
1605,NotificationAPI,493,598,105,1093
1606,UserAuthAPI,1,67,66,1065
1606,ProductCatalogAPI,62,174,112,1224
1606,InventoryCheckAPI,177,268,91,769
1606,FraudDetectionAPI,269,343,74,1706
1606,PaymentGatewayAPI,345,456,111,920
1606,ShippingServiceAPI,459,575,116,1385
1606,NotificationAPI,578,690,112,1415
1607,UserAuthAPI,1,52,51,925
1607,ProductCatalogAPI,53,142,89,1882
1607,InventoryCheckAPI,146,250,104,1241
1607,FraudDetectionAPI,251,330,79,1340
1607,PaymentGatewayAPI,325,393,68,667
1607,ShippingServiceAPI,395,462,67,1186
1607,NotificationAPI,463,580,117,588
1608,UserAuthAPI,1,67,66,1833
1608,ProductCatalogAPI,71,141,70,1637
1608,InventoryCheckAPI,144,213,69,1364
1608,FraudDetectionAPI,217,289,72,1057
1608,PaymentGatewayAPI,292,364,72,695
1608,ShippingServiceAPI,366,435,69,1424
1608,NotificationAPI,437,506,69,1373
1609,UserAuthAPI,1,52,51,1334
1609,ProductCatalogAPI,53,102,49,1865
1609,InventoryCheckAPI,106,156,50,515
1609,FraudDetectionAPI,159,278,119,1409
1609,PaymentGatewayAPI,282,338,56,618
1609,ShippingServiceAPI,339,388,49,929
1609,NotificationAPI,390,438,48,706
1610,UserAuthAPI,1,108,107,1733
1610,ProductCatalogAPI,110,221,111,1801
1610,InventoryCheckAPI,224,265,41,1110
1610,FraudDetectionAPI,268,326,58,858
1610,PaymentGatewayAPI,329,414,85,1606
1610,ShippingServiceAPI,415,504,89,1293
1610,NotificationAPI,505,588,83,1805
1611,UserAuthAPI,1,91,90,1098
1611,ProductCatalogAPI,92,176,84,1649
1611,InventoryCheckAPI,179,249,70,866
1611,FraudDetectionAPI,251,335,84,1839
1611,PaymentGatewayAPI,338,429,91,1063
1611,ShippingServiceAPI,433,534,101,1933
1611,NotificationAPI,535,623,88,1753
1612,UserAuthAPI,1,84,83,1815
1612,ProductCatalogAPI,86,169,83,718
1612,InventoryCheckAPI,171,217,46,1995
1612,FraudDetectionAPI,220,324,104,745
1612,PaymentGatewayAPI,326,436,110,657
1612,ShippingServiceAPI,438,551,113,1548
1612,NotificationAPI,555,651,96,1746
1613,UserAuthAPI,1,115,114,637
1613,ProductCatalogAPI,117,197,80,1826
1613,InventoryCheckAPI,199,316,117,808
1613,FraudDetectionAPI,317,417,100,1686
1613,PaymentGatewayAPI,420,520,100,1451
1613,ShippingServiceAPI,523,580,57,1978
1613,NotificationAPI,575,656,81,1274
1614,UserAuthAPI,1,120,119,1838
1614,ProductCatalogAPI,122,167,45,647
1614,InventoryCheckAPI,168,229,61,1096
1614,FraudDetectionAPI,230,316,86,998
1614,PaymentGatewayAPI,318,401,83,657
1614,ShippingServiceAPI,402,497,95,1674
1614,NotificationAPI,498,591,93,1746
1615,UserAuthAPI,1,93,92,966
1615,ProductCatalogAPI,96,175,79,943
1615,InventoryCheckAPI,170,219,49,1425
1615,FraudDetectionAPI,223,298,75,1733
1615,PaymentGatewayAPI,300,382,82,1251
1615,ShippingServiceAPI,384,446,62,1911
1615,NotificationAPI,449,537,88,1419
1616,UserAuthAPI,1,108,107,974
1616,ProductCatalogAPI,110,221,111,1869
1616,InventoryCheckAPI,222,271,49,1332
1616,FraudDetectionAPI,272,383,111,1853
1616,PaymentGatewayAPI,384,482,98,1100
1616,ShippingServiceAPI,484,582,98,1974
1616,NotificationAPI,584,661,77,1238
1617,UserAuthAPI,1,105,104,504
1617,ProductCatalogAPI,107,189,82,1711
1617,InventoryCheckAPI,192,242,50,661
1617,FraudDetectionAPI,245,305,60,1382
1617,PaymentGatewayAPI,309,424,115,1596
1617,ShippingServiceAPI,425,469,44,508
1617,NotificationAPI,473,522,49,941
1618,UserAuthAPI,1,76,75,1725
1618,ProductCatalogAPI,77,178,101,1253
1618,InventoryCheckAPI,179,266,87,1673
1618,FraudDetectionAPI,268,368,100,1640
1618,PaymentGatewayAPI,370,457,87,1971
1618,ShippingServiceAPI,460,536,76,1948
1618,NotificationAPI,538,654,116,1703
1619,UserAuthAPI,1,102,101,1703
1619,ProductCatalogAPI,97,156,59,1882
1619,InventoryCheckAPI,158,213,55,506
1619,FraudDetectionAPI,214,265,51,1950
1619,PaymentGatewayAPI,266,363,97,1910
1619,ShippingServiceAPI,365,479,114,1352
1619,NotificationAPI,480,545,65,1864
1620,UserAuthAPI,1,106,105,934
1620,ProductCatalogAPI,109,188,79,1522
1620,InventoryCheckAPI,192,258,66,1819
1620,FraudDetectionAPI,260,310,50,1029
1620,PaymentGatewayAPI,311,424,113,655
1620,ShippingServiceAPI,425,484,59,1255
1620,NotificationAPI,488,572,84,944
1621,UserAuthAPI,1,96,95,1170
1621,ProductCatalogAPI,100,178,78,1917
1621,InventoryCheckAPI,179,231,52,1029
1621,FraudDetectionAPI,232,276,44,1786
1621,PaymentGatewayAPI,279,336,57,793
1621,ShippingServiceAPI,337,414,77,1063
1621,NotificationAPI,416,472,56,1630
1622,UserAuthAPI,1,42,41,1292
1622,ProductCatalogAPI,43,120,77,1548
1622,InventoryCheckAPI,123,165,42,917
1622,FraudDetectionAPI,166,232,66,1379
1622,PaymentGatewayAPI,234,274,40,1567
1622,ShippingServiceAPI,277,341,64,701
1622,NotificationAPI,343,393,50,1750
1623,UserAuthAPI,1,55,54,1580
1623,ProductCatalogAPI,56,106,50,1747
1623,InventoryCheckAPI,110,169,59,1041
1623,FraudDetectionAPI,172,265,93,1266
1623,PaymentGatewayAPI,268,365,97,904
1623,ShippingServiceAPI,360,432,72,1926
1623,NotificationAPI,434,531,97,1394
1624,UserAuthAPI,1,41,40,513
1624,ProductCatalogAPI,36,79,43,1255
1624,InventoryCheckAPI,80,165,85,1071
1624,FraudDetectionAPI,166,253,87,1178
1624,PaymentGatewayAPI,254,353,99,969
1624,ShippingServiceAPI,355,468,113,1834
1624,NotificationAPI,469,550,81,1900
1625,UserAuthAPI,1,107,106,1703
1625,ProductCatalogAPI,108,157,49,1049
1625,InventoryCheckAPI,158,209,51,1572
1625,FraudDetectionAPI,212,323,111,946
1625,PaymentGatewayAPI,327,409,82,1233
1625,ShippingServiceAPI,413,481,68,841
1625,NotificationAPI,482,595,113,1558
1626,UserAuthAPI,1,112,111,1416
1626,ProductCatalogAPI,107,204,97,1807
1626,InventoryCheckAPI,206,318,112,1872
1626,FraudDetectionAPI,322,440,118,916
1626,PaymentGatewayAPI,442,528,86,919
1626,ShippingServiceAPI,531,580,49,1802
1626,NotificationAPI,582,626,44,581
1627,UserAuthAPI,1,82,81,1826
1627,ProductCatalogAPI,83,135,52,997
1627,InventoryCheckAPI,130,235,105,1091
1627,FraudDetectionAPI,237,312,75,757
1627,PaymentGatewayAPI,313,426,113,513
1627,ShippingServiceAPI,428,479,51,1894
1627,NotificationAPI,480,576,96,1865
1628,UserAuthAPI,1,88,87,688
1628,ProductCatalogAPI,90,181,91,1457
1628,InventoryCheckAPI,182,292,110,1938
1628,FraudDetectionAPI,293,405,112,1772
1628,PaymentGatewayAPI,408,452,44,1763
1628,ShippingServiceAPI,454,570,116,624
1628,NotificationAPI,571,633,62,1440
1629,UserAuthAPI,1,96,95,881
1629,ProductCatalogAPI,99,218,119,795
1629,InventoryCheckAPI,219,319,100,621
1629,FraudDetectionAPI,314,376,62,1559
1629,PaymentGatewayAPI,378,473,95,1690
1629,ShippingServiceAPI,476,584,108,1265
1629,NotificationAPI,585,645,60,1329
1630,UserAuthAPI,1,115,114,989
1630,ProductCatalogAPI,116,171,55,1201
1630,InventoryCheckAPI,172,276,104,1603
1630,FraudDetectionAPI,278,381,103,1733
1630,PaymentGatewayAPI,383,466,83,1612
1630,ShippingServiceAPI,468,522,54,1207
1630,NotificationAPI,525,632,107,1344
1631,UserAuthAPI,1,65,64,1078
1631,ProductCatalogAPI,60,172,112,705
1631,InventoryCheckAPI,173,221,48,907
1631,FraudDetectionAPI,225,301,76,1440
1631,PaymentGatewayAPI,302,355,53,986
1631,ShippingServiceAPI,357,413,56,1485
1631,NotificationAPI,414,456,42,518
1632,UserAuthAPI,1,98,97,922
1632,ProductCatalogAPI,99,214,115,1625
1632,InventoryCheckAPI,217,324,107,565
1632,FraudDetectionAPI,327,389,62,1401
1632,PaymentGatewayAPI,391,452,61,1591
1632,ShippingServiceAPI,453,527,74,597
1632,NotificationAPI,528,610,82,726
1633,UserAuthAPI,1,57,56,1062
1633,ProductCatalogAPI,61,124,63,1761
1633,InventoryCheckAPI,125,192,67,1910
1633,FraudDetectionAPI,196,287,91,1837
1633,PaymentGatewayAPI,290,406,116,549
1633,ShippingServiceAPI,401,493,92,1042
1633,NotificationAPI,488,575,87,1769
1634,UserAuthAPI,1,44,43,1734
1634,ProductCatalogAPI,48,143,95,555
1634,InventoryCheckAPI,138,203,65,1071
1634,FraudDetectionAPI,198,309,111,715
1634,PaymentGatewayAPI,312,409,97,732
1634,ShippingServiceAPI,410,507,97,634
1634,NotificationAPI,508,609,101,1515
1635,UserAuthAPI,1,52,51,803
1635,ProductCatalogAPI,54,167,113,624
1635,InventoryCheckAPI,168,265,97,1847
1635,FraudDetectionAPI,268,343,75,1361
1635,PaymentGatewayAPI,344,404,60,1083
1635,ShippingServiceAPI,407,502,95,1024
1635,NotificationAPI,497,558,61,1274
1636,UserAuthAPI,1,45,44,1517
1636,ProductCatalogAPI,47,141,94,525
1636,InventoryCheckAPI,142,192,50,1307
1636,FraudDetectionAPI,195,238,43,1269
1636,PaymentGatewayAPI,239,301,62,1568
1636,ShippingServiceAPI,304,385,81,858
1636,NotificationAPI,387,442,55,1974
1637,UserAuthAPI,1,44,43,1879
1637,ProductCatalogAPI,48,93,45,940
1637,InventoryCheckAPI,94,156,62,1264
1637,FraudDetectionAPI,158,209,51,1491
1637,PaymentGatewayAPI,212,309,97,1040
1637,ShippingServiceAPI,313,397,84,1377
1637,NotificationAPI,392,503,111,512
1638,UserAuthAPI,1,52,51,1380
1638,ProductCatalogAPI,54,107,53,1821
1638,InventoryCheckAPI,110,225,115,1115
1638,FraudDetectionAPI,227,290,63,564
1638,PaymentGatewayAPI,292,359,67,1812
1638,ShippingServiceAPI,361,470,109,584
1638,NotificationAPI,472,515,43,1428
1639,UserAuthAPI,1,76,75,1728
1639,ProductCatalogAPI,77,189,112,887
1639,InventoryCheckAPI,190,237,47,1294
1639,FraudDetectionAPI,238,320,82,1675
1639,PaymentGatewayAPI,322,387,65,1911
1639,ShippingServiceAPI,389,448,59,719
1639,NotificationAPI,449,557,108,1107
1640,UserAuthAPI,1,104,103,1544
1640,ProductCatalogAPI,105,216,111,1875
1640,InventoryCheckAPI,217,282,65,1111
1640,FraudDetectionAPI,284,375,91,1353
1640,PaymentGatewayAPI,379,476,97,1561
1640,ShippingServiceAPI,478,588,110,1145
1640,NotificationAPI,590,675,85,589
1641,UserAuthAPI,1,119,118,1585
1641,ProductCatalogAPI,120,198,78,559
1641,InventoryCheckAPI,199,316,117,626
1641,FraudDetectionAPI,318,381,63,1445
1641,PaymentGatewayAPI,384,499,115,1085
1641,ShippingServiceAPI,500,601,101,1012
1641,NotificationAPI,603,707,104,682
1642,UserAuthAPI,1,120,119,553
1642,ProductCatalogAPI,124,226,102,937
1642,InventoryCheckAPI,228,319,91,1193
1642,FraudDetectionAPI,321,372,51,1966
1642,PaymentGatewayAPI,373,444,71,1850
1642,ShippingServiceAPI,446,529,83,821
1642,NotificationAPI,524,579,55,1355
1643,UserAuthAPI,1,92,91,879
1643,ProductCatalogAPI,96,176,80,949
1643,InventoryCheckAPI,178,220,42,1757
1643,FraudDetectionAPI,221,334,113,1136
1643,PaymentGatewayAPI,337,429,92,967
1643,ShippingServiceAPI,424,477,53,995
1643,NotificationAPI,480,546,66,1136
1644,UserAuthAPI,1,43,42,980
1644,ProductCatalogAPI,44,92,48,1763
1644,InventoryCheckAPI,94,165,71,971
1644,FraudDetectionAPI,166,254,88,1154
1644,PaymentGatewayAPI,256,325,69,1471
1644,ShippingServiceAPI,326,424,98,818
1644,NotificationAPI,425,532,107,1442
1645,UserAuthAPI,1,62,61,1842
1645,ProductCatalogAPI,63,147,84,1564
1645,InventoryCheckAPI,151,257,106,679
1645,FraudDetectionAPI,259,335,76,905
1645,PaymentGatewayAPI,337,378,41,755
1645,ShippingServiceAPI,381,473,92,1540
1645,NotificationAPI,477,572,95,711
1646,UserAuthAPI,1,71,70,999
1646,ProductCatalogAPI,73,165,92,1912
1646,InventoryCheckAPI,168,266,98,1991
1646,FraudDetectionAPI,267,364,97,674
1646,PaymentGatewayAPI,365,460,95,1369
1646,ShippingServiceAPI,463,515,52,969
1646,NotificationAPI,517,620,103,1474
1647,UserAuthAPI,1,120,119,1647
1647,ProductCatalogAPI,115,229,114,1965
1647,InventoryCheckAPI,232,287,55,767
1647,FraudDetectionAPI,290,379,89,1582
1647,PaymentGatewayAPI,382,493,111,689
1647,ShippingServiceAPI,495,611,116,1065
1647,NotificationAPI,614,681,67,1172
1648,UserAuthAPI,1,109,108,1908
1648,ProductCatalogAPI,111,195,84,1340
1648,InventoryCheckAPI,198,277,79,1121
1648,FraudDetectionAPI,279,379,100,1687
1648,PaymentGatewayAPI,382,445,63,1859
1648,ShippingServiceAPI,447,561,114,1504
1648,NotificationAPI,562,602,40,802
1649,UserAuthAPI,1,113,112,1526
1649,ProductCatalogAPI,115,180,65,1514
1649,InventoryCheckAPI,183,235,52,688
1649,FraudDetectionAPI,238,304,66,1397
1649,PaymentGatewayAPI,306,364,58,1154
1649,ShippingServiceAPI,365,428,63,1283
1649,NotificationAPI,430,549,119,1221
1650,UserAuthAPI,1,106,105,1700
1650,ProductCatalogAPI,107,212,105,809
1650,InventoryCheckAPI,207,261,54,1519
1650,FraudDetectionAPI,262,344,82,1104
1650,PaymentGatewayAPI,345,414,69,1586
1650,ShippingServiceAPI,417,500,83,513
1650,NotificationAPI,502,597,95,1089
1651,UserAuthAPI,1,52,51,1707
1651,ProductCatalogAPI,56,156,100,795
1651,InventoryCheckAPI,158,239,81,762
1651,FraudDetectionAPI,241,353,112,1591
1651,PaymentGatewayAPI,355,464,109,1231
1651,ShippingServiceAPI,466,556,90,1581
1651,NotificationAPI,558,631,73,1330
1652,UserAuthAPI,1,64,63,1587
1652,ProductCatalogAPI,67,133,66,1965
1652,InventoryCheckAPI,136,240,104,1898
1652,FraudDetectionAPI,241,334,93,1387
1652,PaymentGatewayAPI,335,381,46,1566
1652,ShippingServiceAPI,385,449,64,542
1652,NotificationAPI,452,518,66,1047
1653,UserAuthAPI,1,49,48,1862
1653,ProductCatalogAPI,51,111,60,1445
1653,InventoryCheckAPI,115,180,65,980
1653,FraudDetectionAPI,183,293,110,1444
1653,PaymentGatewayAPI,294,342,48,1077
1653,ShippingServiceAPI,343,425,82,1350
1653,NotificationAPI,427,525,98,1553
1654,UserAuthAPI,1,66,65,849
1654,ProductCatalogAPI,61,141,80,1737
1654,InventoryCheckAPI,142,244,102,1706
1654,FraudDetectionAPI,246,321,75,1819
1654,PaymentGatewayAPI,323,380,57,578
1654,ShippingServiceAPI,382,449,67,1118
1654,NotificationAPI,444,554,110,1714
1655,UserAuthAPI,1,82,81,1547
1655,ProductCatalogAPI,84,178,94,1956
1655,InventoryCheckAPI,181,279,98,582
1655,FraudDetectionAPI,274,374,100,1731
1655,PaymentGatewayAPI,378,477,99,1273
1655,ShippingServiceAPI,481,531,50,1291
1655,NotificationAPI,532,650,118,730
1656,UserAuthAPI,1,91,90,1542
1656,ProductCatalogAPI,93,135,42,630
1656,InventoryCheckAPI,139,209,70,861
1656,FraudDetectionAPI,210,296,86,1147
1656,PaymentGatewayAPI,299,383,84,1108
1656,ShippingServiceAPI,386,500,114,1544
1656,NotificationAPI,503,563,60,880
1657,UserAuthAPI,1,95,94,1295
1657,ProductCatalogAPI,96,210,114,1823
1657,InventoryCheckAPI,213,277,64,1188
1657,FraudDetectionAPI,279,364,85,1742
1657,PaymentGatewayAPI,366,468,102,1611
1657,ShippingServiceAPI,471,588,117,940
1657,NotificationAPI,589,659,70,1527
1658,UserAuthAPI,1,105,104,1488
1658,ProductCatalogAPI,107,211,104,846
1658,InventoryCheckAPI,215,313,98,950
1658,FraudDetectionAPI,315,386,71,1417
1658,PaymentGatewayAPI,390,487,97,1960
1658,ShippingServiceAPI,489,532,43,1689
1658,NotificationAPI,535,635,100,1006
1659,UserAuthAPI,1,117,116,711
1659,ProductCatalogAPI,118,195,77,625
1659,InventoryCheckAPI,196,296,100,1555
1659,FraudDetectionAPI,297,381,84,1544
1659,PaymentGatewayAPI,385,444,59,1530
1659,ShippingServiceAPI,446,556,110,1653
1659,NotificationAPI,560,620,60,1808
1660,UserAuthAPI,1,116,115,704
1660,ProductCatalogAPI,117,215,98,859
1660,InventoryCheckAPI,218,308,90,1383
1660,FraudDetectionAPI,311,396,85,693
1660,PaymentGatewayAPI,391,488,97,1692
1660,ShippingServiceAPI,491,609,118,614
1660,NotificationAPI,610,725,115,1692
1661,UserAuthAPI,1,110,109,1007
1661,ProductCatalogAPI,112,228,116,1896
1661,InventoryCheckAPI,223,276,53,816
1661,FraudDetectionAPI,278,393,115,1076
1661,PaymentGatewayAPI,394,486,92,995
1661,ShippingServiceAPI,489,578,89,628
1661,NotificationAPI,580,693,113,1311
1662,UserAuthAPI,1,45,44,951
1662,ProductCatalogAPI,46,157,111,1731
1662,InventoryCheckAPI,161,279,118,1611
1662,FraudDetectionAPI,282,327,45,1077
1662,PaymentGatewayAPI,331,409,78,604
1662,ShippingServiceAPI,411,479,68,1995
1662,NotificationAPI,482,552,70,907
1663,UserAuthAPI,1,55,54,1215
1663,ProductCatalogAPI,57,154,97,1472
1663,InventoryCheckAPI,155,204,49,1308
1663,FraudDetectionAPI,207,317,110,1132
1663,PaymentGatewayAPI,312,366,54,634
1663,ShippingServiceAPI,367,449,82,1783
1663,NotificationAPI,450,540,90,881
1664,UserAuthAPI,1,81,80,1968
1664,ProductCatalogAPI,83,140,57,675
1664,InventoryCheckAPI,143,219,76,1263
1664,FraudDetectionAPI,223,307,84,1262
1664,PaymentGatewayAPI,309,395,86,1118
1664,ShippingServiceAPI,399,465,66,1796
1664,NotificationAPI,466,529,63,1978
1665,UserAuthAPI,1,93,92,714
1665,ProductCatalogAPI,96,160,64,1845
1665,InventoryCheckAPI,162,279,117,889
1665,FraudDetectionAPI,282,330,48,505
1665,PaymentGatewayAPI,333,412,79,854
1665,ShippingServiceAPI,413,495,82,1749
1665,NotificationAPI,496,536,40,686
1666,UserAuthAPI,1,58,57,1097
1666,ProductCatalogAPI,60,164,104,1249
1666,InventoryCheckAPI,159,252,93,1059
1666,FraudDetectionAPI,253,308,55,1314
1666,PaymentGatewayAPI,309,355,46,1470
1666,ShippingServiceAPI,357,401,44,1696
1666,NotificationAPI,403,483,80,742
1667,UserAuthAPI,1,90,89,1998
1667,ProductCatalogAPI,93,198,105,1579
1667,InventoryCheckAPI,193,286,93,879
1667,FraudDetectionAPI,287,406,119,1268
1667,PaymentGatewayAPI,401,513,112,1328
1667,ShippingServiceAPI,515,584,69,1648
1667,NotificationAPI,586,629,43,1330
1668,UserAuthAPI,1,87,86,1199
1668,ProductCatalogAPI,90,198,108,1531
1668,InventoryCheckAPI,199,257,58,849
1668,FraudDetectionAPI,258,377,119,1881
1668,PaymentGatewayAPI,372,483,111,1688
1668,ShippingServiceAPI,484,592,108,1843
1668,NotificationAPI,593,661,68,512
1669,UserAuthAPI,1,62,61,1360
1669,ProductCatalogAPI,65,177,112,1386
1669,InventoryCheckAPI,172,253,81,1869
1669,FraudDetectionAPI,248,346,98,1179
1669,PaymentGatewayAPI,347,392,45,631
1669,ShippingServiceAPI,394,488,94,1649
1669,NotificationAPI,491,533,42,1530
1670,UserAuthAPI,1,52,51,1366
1670,ProductCatalogAPI,47,161,114,1687
1670,InventoryCheckAPI,164,204,40,1643
1670,FraudDetectionAPI,205,322,117,1572
1670,PaymentGatewayAPI,324,406,82,867
1670,ShippingServiceAPI,407,483,76,1972
1670,NotificationAPI,485,580,95,1981
1671,UserAuthAPI,1,105,104,1936
1671,ProductCatalogAPI,108,159,51,683
1671,InventoryCheckAPI,163,228,65,1091
1671,FraudDetectionAPI,229,324,95,1981
1671,PaymentGatewayAPI,325,425,100,1231
1671,ShippingServiceAPI,428,518,90,1787
1671,NotificationAPI,520,617,97,1099
1672,UserAuthAPI,1,51,50,975
1672,ProductCatalogAPI,54,160,106,1397
1672,InventoryCheckAPI,162,258,96,1685
1672,FraudDetectionAPI,253,294,41,1391
1672,PaymentGatewayAPI,289,405,116,1451
1672,ShippingServiceAPI,406,498,92,1471
1672,NotificationAPI,501,586,85,553
1673,UserAuthAPI,1,64,63,1580
1673,ProductCatalogAPI,67,134,67,703
1673,InventoryCheckAPI,136,191,55,1866
1673,FraudDetectionAPI,192,308,116,1610
1673,PaymentGatewayAPI,310,376,66,1303
1673,ShippingServiceAPI,377,419,42,1233
1673,NotificationAPI,421,475,54,1497
1674,UserAuthAPI,1,103,102,751
1674,ProductCatalogAPI,106,220,114,1613
1674,InventoryCheckAPI,222,266,44,1639
1674,FraudDetectionAPI,267,375,108,970
1674,PaymentGatewayAPI,378,433,55,1729
1674,ShippingServiceAPI,436,498,62,1438
1674,NotificationAPI,502,567,65,1820
1675,UserAuthAPI,1,57,56,636
1675,ProductCatalogAPI,58,103,45,1971
1675,InventoryCheckAPI,105,211,106,1867
1675,FraudDetectionAPI,214,285,71,1059
1675,PaymentGatewayAPI,287,351,64,831
1675,ShippingServiceAPI,353,401,48,1722
1675,NotificationAPI,404,453,49,1662
1676,UserAuthAPI,1,59,58,1438
1676,ProductCatalogAPI,60,171,111,1332
1676,InventoryCheckAPI,172,271,99,818
1676,FraudDetectionAPI,272,368,96,1461
1676,PaymentGatewayAPI,371,452,81,1544
1676,ShippingServiceAPI,453,558,105,969
1676,NotificationAPI,559,676,117,1291
1677,UserAuthAPI,1,86,85,945
1677,ProductCatalogAPI,90,144,54,1578
1677,InventoryCheckAPI,145,222,77,1958
1677,FraudDetectionAPI,224,312,88,1160
1677,PaymentGatewayAPI,314,377,63,1671
1677,ShippingServiceAPI,381,455,74,1940
1677,NotificationAPI,456,536,80,1705
1678,UserAuthAPI,1,112,111,749
1678,ProductCatalogAPI,115,165,50,1489
1678,InventoryCheckAPI,167,220,53,511
1678,FraudDetectionAPI,222,339,117,1548
1678,PaymentGatewayAPI,334,398,64,1484
1678,ShippingServiceAPI,402,468,66,1694
1678,NotificationAPI,471,573,102,1420
1679,UserAuthAPI,1,50,49,742
1679,ProductCatalogAPI,53,93,40,809
1679,InventoryCheckAPI,94,140,46,1553
1679,FraudDetectionAPI,143,211,68,1676
1679,PaymentGatewayAPI,212,268,56,1682
1679,ShippingServiceAPI,269,377,108,500
1679,NotificationAPI,379,489,110,1119
1680,UserAuthAPI,1,60,59,1477
1680,ProductCatalogAPI,55,96,41,985
1680,InventoryCheckAPI,99,215,116,1755
1680,FraudDetectionAPI,218,287,69,1226
1680,PaymentGatewayAPI,290,385,95,1222
1680,ShippingServiceAPI,386,438,52,624
1680,NotificationAPI,442,496,54,1919
1681,UserAuthAPI,1,43,42,1035
1681,ProductCatalogAPI,44,129,85,1105
1681,InventoryCheckAPI,130,180,50,509
1681,FraudDetectionAPI,181,222,41,900
1681,PaymentGatewayAPI,223,315,92,1923
1681,ShippingServiceAPI,318,425,107,1741
1681,NotificationAPI,429,528,99,1645
1682,UserAuthAPI,1,56,55,855
1682,ProductCatalogAPI,57,102,45,607
1682,InventoryCheckAPI,97,160,63,1405
1682,FraudDetectionAPI,161,273,112,526
1682,PaymentGatewayAPI,275,317,42,1305
1682,ShippingServiceAPI,319,431,112,1629
1682,NotificationAPI,434,522,88,583
1683,UserAuthAPI,1,114,113,908
1683,ProductCatalogAPI,109,176,67,705
1683,InventoryCheckAPI,177,229,52,1301
1683,FraudDetectionAPI,231,337,106,887
1683,PaymentGatewayAPI,338,392,54,1531
1683,ShippingServiceAPI,393,498,105,1999
1683,NotificationAPI,499,584,85,1460
1684,UserAuthAPI,1,106,105,729
1684,ProductCatalogAPI,108,198,90,550
1684,InventoryCheckAPI,202,314,112,886
1684,FraudDetectionAPI,317,401,84,992
1684,PaymentGatewayAPI,403,483,80,1445
1684,ShippingServiceAPI,487,539,52,795
1684,NotificationAPI,541,621,80,688
1685,UserAuthAPI,1,69,68,880
1685,ProductCatalogAPI,64,135,71,1278
1685,InventoryCheckAPI,136,206,70,897
1685,FraudDetectionAPI,208,301,93,872
1685,PaymentGatewayAPI,304,397,93,1741
1685,ShippingServiceAPI,399,473,74,657
1685,NotificationAPI,474,514,40,514
1686,UserAuthAPI,1,111,110,1923
1686,ProductCatalogAPI,114,218,104,1378
1686,InventoryCheckAPI,221,330,109,1140
1686,FraudDetectionAPI,331,386,55,1934
1686,PaymentGatewayAPI,387,470,83,1829
1686,ShippingServiceAPI,473,526,53,1575
1686,NotificationAPI,527,641,114,1573
1687,UserAuthAPI,1,57,56,1903
1687,ProductCatalogAPI,58,159,101,1812
1687,InventoryCheckAPI,163,258,95,1271
1687,FraudDetectionAPI,260,357,97,671
1687,PaymentGatewayAPI,359,438,79,1767
1687,ShippingServiceAPI,439,541,102,1114
1687,NotificationAPI,536,582,46,641
1688,UserAuthAPI,1,58,57,810
1688,ProductCatalogAPI,59,155,96,1709
1688,InventoryCheckAPI,157,266,109,1859
1688,FraudDetectionAPI,268,339,71,1214
1688,PaymentGatewayAPI,340,433,93,1854
1688,ShippingServiceAPI,435,550,115,815
1688,NotificationAPI,551,626,75,1951
1689,UserAuthAPI,1,84,83,1344
1689,ProductCatalogAPI,85,172,87,1943
1689,InventoryCheckAPI,174,218,44,1186
1689,FraudDetectionAPI,220,269,49,1789
1689,PaymentGatewayAPI,271,326,55,1455
1689,ShippingServiceAPI,327,424,97,924
1689,NotificationAPI,425,469,44,1405
1690,UserAuthAPI,1,51,50,1497
1690,ProductCatalogAPI,53,151,98,639
1690,InventoryCheckAPI,153,233,80,1723
1690,FraudDetectionAPI,234,353,119,1970
1690,PaymentGatewayAPI,354,425,71,1644
1690,ShippingServiceAPI,420,477,57,1832
1690,NotificationAPI,480,594,114,1445
1691,UserAuthAPI,1,91,90,949
1691,ProductCatalogAPI,93,141,48,1218
1691,InventoryCheckAPI,143,195,52,683
1691,FraudDetectionAPI,199,302,103,1240
1691,PaymentGatewayAPI,304,398,94,1304
1691,ShippingServiceAPI,399,461,62,589
1691,NotificationAPI,463,577,114,1073
1692,UserAuthAPI,1,107,106,1435
1692,ProductCatalogAPI,110,205,95,1551
1692,InventoryCheckAPI,207,292,85,1285
1692,FraudDetectionAPI,294,362,68,1121
1692,PaymentGatewayAPI,366,451,85,1970
1692,ShippingServiceAPI,452,553,101,1605
1692,NotificationAPI,548,603,55,1208
1693,UserAuthAPI,1,110,109,876
1693,ProductCatalogAPI,112,204,92,1418
1693,InventoryCheckAPI,205,276,71,1802
1693,FraudDetectionAPI,277,388,111,1669
1693,PaymentGatewayAPI,389,438,49,610
1693,ShippingServiceAPI,440,534,94,1746
1693,NotificationAPI,535,586,51,645
1694,UserAuthAPI,1,89,88,1371
1694,ProductCatalogAPI,90,188,98,1866
1694,InventoryCheckAPI,183,261,78,1829
1694,FraudDetectionAPI,263,328,65,1418
1694,PaymentGatewayAPI,330,435,105,1333
1694,ShippingServiceAPI,430,484,54,1899
1694,NotificationAPI,486,541,55,1818
1695,UserAuthAPI,1,76,75,1541
1695,ProductCatalogAPI,78,166,88,1949
1695,InventoryCheckAPI,161,244,83,1517
1695,FraudDetectionAPI,247,293,46,803
1695,PaymentGatewayAPI,295,350,55,1315
1695,ShippingServiceAPI,353,443,90,862
1695,NotificationAPI,444,522,78,1308
1696,UserAuthAPI,1,98,97,1469
1696,ProductCatalogAPI,99,202,103,1423
1696,InventoryCheckAPI,205,248,43,1258
1696,FraudDetectionAPI,250,293,43,1342
1696,PaymentGatewayAPI,294,408,114,1038
1696,ShippingServiceAPI,411,522,111,1237
1696,NotificationAPI,523,641,118,704
1697,UserAuthAPI,1,89,88,865
1697,ProductCatalogAPI,92,132,40,1131
1697,InventoryCheckAPI,134,208,74,1961
1697,FraudDetectionAPI,211,319,108,1496
1697,PaymentGatewayAPI,321,424,103,1033
1697,ShippingServiceAPI,426,540,114,1422
1697,NotificationAPI,542,655,113,609
1698,UserAuthAPI,1,94,93,1492
1698,ProductCatalogAPI,96,207,111,806
1698,InventoryCheckAPI,209,299,90,1039
1698,FraudDetectionAPI,300,364,64,1431
1698,PaymentGatewayAPI,366,412,46,1559
1698,ShippingServiceAPI,416,528,112,1553
1698,NotificationAPI,531,599,68,1588
1699,UserAuthAPI,1,109,108,1330
1699,ProductCatalogAPI,110,205,95,1318
1699,InventoryCheckAPI,206,254,48,745
1699,FraudDetectionAPI,249,341,92,1408
1699,PaymentGatewayAPI,343,457,114,971
1699,ShippingServiceAPI,458,546,88,621
1699,NotificationAPI,548,603,55,1280
1700,UserAuthAPI,1,51,50,586
1700,ProductCatalogAPI,54,112,58,1883
1700,InventoryCheckAPI,113,199,86,1000
1700,FraudDetectionAPI,202,282,80,1898
1700,PaymentGatewayAPI,283,341,58,1562
1700,ShippingServiceAPI,342,415,73,1486
1700,NotificationAPI,417,524,107,698
1701,UserAuthAPI,1,74,73,636
1701,ProductCatalogAPI,77,156,79,880
1701,InventoryCheckAPI,158,225,67,1187
1701,FraudDetectionAPI,226,340,114,1658
1701,PaymentGatewayAPI,342,395,53,1732
1701,ShippingServiceAPI,396,489,93,687
1701,NotificationAPI,484,590,106,924
1702,UserAuthAPI,1,118,117,984
1702,ProductCatalogAPI,122,181,59,679
1702,InventoryCheckAPI,184,285,101,1400
1702,FraudDetectionAPI,286,336,50,1286
1702,PaymentGatewayAPI,340,406,66,1552
1702,ShippingServiceAPI,407,507,100,1255
1702,NotificationAPI,508,567,59,1849
1703,UserAuthAPI,1,55,54,1541
1703,ProductCatalogAPI,58,119,61,1510
1703,InventoryCheckAPI,123,222,99,1236
1703,FraudDetectionAPI,223,288,65,1587
1703,PaymentGatewayAPI,290,387,97,1654
1703,ShippingServiceAPI,388,437,49,1612
1703,NotificationAPI,440,537,97,623
1704,UserAuthAPI,1,46,45,550
1704,ProductCatalogAPI,47,94,47,1013
1704,InventoryCheckAPI,96,192,96,1233
1704,FraudDetectionAPI,193,267,74,693
1704,PaymentGatewayAPI,268,350,82,1852
1704,ShippingServiceAPI,351,398,47,520
1704,NotificationAPI,393,477,84,1447
1705,UserAuthAPI,1,102,101,705
1705,ProductCatalogAPI,104,194,90,1387
1705,InventoryCheckAPI,197,311,114,789
1705,FraudDetectionAPI,314,362,48,707
1705,PaymentGatewayAPI,364,434,70,1920
1705,ShippingServiceAPI,438,524,86,1690
1705,NotificationAPI,525,584,59,746
1706,UserAuthAPI,1,70,69,1843
1706,ProductCatalogAPI,71,163,92,680
1706,InventoryCheckAPI,164,251,87,1392
1706,FraudDetectionAPI,252,329,77,1508
1706,PaymentGatewayAPI,330,430,100,762
1706,ShippingServiceAPI,431,500,69,1431
1706,NotificationAPI,495,545,50,1885
1707,UserAuthAPI,1,119,118,1616
1707,ProductCatalogAPI,120,235,115,1318
1707,InventoryCheckAPI,238,315,77,1517
1707,FraudDetectionAPI,316,409,93,1179
1707,PaymentGatewayAPI,413,492,79,1630
1707,ShippingServiceAPI,496,576,80,1830
1707,NotificationAPI,577,659,82,721
1708,UserAuthAPI,1,65,64,1212
1708,ProductCatalogAPI,67,168,101,1310
1708,InventoryCheckAPI,170,288,118,1241
1708,FraudDetectionAPI,290,390,100,1598
1708,PaymentGatewayAPI,394,477,83,892
1708,ShippingServiceAPI,480,598,118,580
1708,NotificationAPI,600,702,102,676
1709,UserAuthAPI,1,51,50,1625
1709,ProductCatalogAPI,54,123,69,693
1709,InventoryCheckAPI,126,223,97,1304
1709,FraudDetectionAPI,224,317,93,572
1709,PaymentGatewayAPI,319,382,63,1330
1709,ShippingServiceAPI,384,474,90,1954
1709,NotificationAPI,475,544,69,834
1710,UserAuthAPI,1,89,88,1323
1710,ProductCatalogAPI,91,139,48,1760
1710,InventoryCheckAPI,141,217,76,1135
1710,FraudDetectionAPI,218,287,69,1690
1710,PaymentGatewayAPI,288,339,51,668
1710,ShippingServiceAPI,341,445,104,948
1710,NotificationAPI,448,530,82,1455
1711,UserAuthAPI,1,103,102,1999
1711,ProductCatalogAPI,104,178,74,1820
1711,InventoryCheckAPI,179,298,119,1117
1711,FraudDetectionAPI,302,397,95,1767
1711,PaymentGatewayAPI,398,445,47,1223
1711,ShippingServiceAPI,447,492,45,719
1711,NotificationAPI,493,546,53,886
1712,UserAuthAPI,1,110,109,1499
1712,ProductCatalogAPI,111,200,89,1291
1712,InventoryCheckAPI,204,294,90,1966
1712,FraudDetectionAPI,289,401,112,1804
1712,PaymentGatewayAPI,402,454,52,1816
1712,ShippingServiceAPI,457,536,79,577
1712,NotificationAPI,538,583,45,1548
1713,UserAuthAPI,1,71,70,857
1713,ProductCatalogAPI,73,180,107,835
1713,InventoryCheckAPI,182,287,105,1066
1713,FraudDetectionAPI,288,354,66,1397
1713,PaymentGatewayAPI,356,416,60,1524
1713,ShippingServiceAPI,417,532,115,1102
1713,NotificationAPI,534,590,56,1852
1714,UserAuthAPI,1,96,95,882
1714,ProductCatalogAPI,98,155,57,952
1714,InventoryCheckAPI,156,249,93,1430
1714,FraudDetectionAPI,252,337,85,500
1714,PaymentGatewayAPI,339,410,71,711
1714,ShippingServiceAPI,411,461,50,1969
1714,NotificationAPI,463,545,82,1190
1715,UserAuthAPI,1,82,81,1677
1715,ProductCatalogAPI,83,147,64,1307
1715,InventoryCheckAPI,150,264,114,607
1715,FraudDetectionAPI,266,308,42,1102
1715,PaymentGatewayAPI,312,391,79,722
1715,ShippingServiceAPI,395,496,101,1030
1715,NotificationAPI,498,587,89,1713
1716,UserAuthAPI,1,83,82,1834
1716,ProductCatalogAPI,85,136,51,692
1716,InventoryCheckAPI,137,199,62,954
1716,FraudDetectionAPI,202,259,57,891
1716,PaymentGatewayAPI,260,300,40,1858
1716,ShippingServiceAPI,302,377,75,605
1716,NotificationAPI,379,464,85,1216
1717,UserAuthAPI,1,79,78,1817
1717,ProductCatalogAPI,81,128,47,1793
1717,InventoryCheckAPI,129,203,74,1322
1717,FraudDetectionAPI,204,296,92,1756
1717,PaymentGatewayAPI,297,379,82,1522
1717,ShippingServiceAPI,381,464,83,1102
1717,NotificationAPI,465,567,102,591
1718,UserAuthAPI,1,98,97,1961
1718,ProductCatalogAPI,93,170,77,1199
1718,InventoryCheckAPI,171,250,79,1466
1718,FraudDetectionAPI,251,325,74,1477
1718,PaymentGatewayAPI,326,381,55,1797
1718,ShippingServiceAPI,385,458,73,1911
1718,NotificationAPI,459,576,117,948
1719,UserAuthAPI,1,86,85,904
1719,ProductCatalogAPI,88,165,77,1084
1719,InventoryCheckAPI,166,265,99,1226
1719,FraudDetectionAPI,266,344,78,1424
1719,PaymentGatewayAPI,345,393,48,946
1719,ShippingServiceAPI,396,465,69,1709
1719,NotificationAPI,468,575,107,1002
1720,UserAuthAPI,1,105,104,661
1720,ProductCatalogAPI,108,206,98,1473
1720,InventoryCheckAPI,207,280,73,980
1720,FraudDetectionAPI,282,376,94,1713
1720,PaymentGatewayAPI,378,473,95,1365
1720,ShippingServiceAPI,475,520,45,1046
1720,NotificationAPI,522,601,79,1537
1721,UserAuthAPI,1,119,118,542
1721,ProductCatalogAPI,120,162,42,1410
1721,InventoryCheckAPI,164,214,50,737
1721,FraudDetectionAPI,215,333,118,1241
1721,PaymentGatewayAPI,334,444,110,1345
1721,ShippingServiceAPI,447,495,48,652
1721,NotificationAPI,497,585,88,783
1722,UserAuthAPI,1,102,101,1011
1722,ProductCatalogAPI,104,218,114,1179
1722,InventoryCheckAPI,213,262,49,1240
1722,FraudDetectionAPI,263,368,105,1638
1722,PaymentGatewayAPI,372,428,56,1058
1722,ShippingServiceAPI,432,500,68,1768
1722,NotificationAPI,504,615,111,1865
1723,UserAuthAPI,1,53,52,1459
1723,ProductCatalogAPI,56,100,44,1853
1723,InventoryCheckAPI,101,154,53,857
1723,FraudDetectionAPI,156,270,114,539
1723,PaymentGatewayAPI,273,348,75,1593
1723,ShippingServiceAPI,349,462,113,733
1723,NotificationAPI,465,575,110,1035
1724,UserAuthAPI,1,59,58,1073
1724,ProductCatalogAPI,60,129,69,606
1724,InventoryCheckAPI,132,193,61,1644
1724,FraudDetectionAPI,197,265,68,618
1724,PaymentGatewayAPI,260,379,119,918
1724,ShippingServiceAPI,381,465,84,1812
1724,NotificationAPI,460,561,101,1432
1725,UserAuthAPI,1,118,117,1241
1725,ProductCatalogAPI,119,178,59,529
1725,InventoryCheckAPI,179,223,44,562
1725,FraudDetectionAPI,225,293,68,1068
1725,PaymentGatewayAPI,294,392,98,1372
1725,ShippingServiceAPI,393,503,110,1380
1725,NotificationAPI,506,551,45,1779
1726,UserAuthAPI,1,104,103,747
1726,ProductCatalogAPI,99,139,40,1337
1726,InventoryCheckAPI,140,244,104,1798
1726,FraudDetectionAPI,245,353,108,1700
1726,PaymentGatewayAPI,354,464,110,578
1726,ShippingServiceAPI,466,582,116,1983
1726,NotificationAPI,583,699,116,1102
1727,UserAuthAPI,1,46,45,704
1727,ProductCatalogAPI,47,123,76,544
1727,InventoryCheckAPI,126,224,98,551
1727,FraudDetectionAPI,225,343,118,970
1727,PaymentGatewayAPI,345,402,57,1725
1727,ShippingServiceAPI,397,507,110,1945
1727,NotificationAPI,509,621,112,844
1728,UserAuthAPI,1,47,46,1084
1728,ProductCatalogAPI,49,104,55,1397
1728,InventoryCheckAPI,106,225,119,1224
1728,FraudDetectionAPI,226,319,93,1833
1728,PaymentGatewayAPI,321,412,91,1146
1728,ShippingServiceAPI,416,466,50,1093
1728,NotificationAPI,467,586,119,825
1729,UserAuthAPI,1,98,97,765
1729,ProductCatalogAPI,100,213,113,828
1729,InventoryCheckAPI,215,297,82,523
1729,FraudDetectionAPI,300,407,107,1110
1729,PaymentGatewayAPI,410,526,116,1112
1729,ShippingServiceAPI,528,626,98,1131
1729,NotificationAPI,628,742,114,1613
1730,UserAuthAPI,1,117,116,531
1730,ProductCatalogAPI,112,209,97,1319
1730,InventoryCheckAPI,211,280,69,569
1730,FraudDetectionAPI,282,351,69,1048
1730,PaymentGatewayAPI,352,461,109,1558
1730,ShippingServiceAPI,464,571,107,915
1730,NotificationAPI,572,646,74,1010
1731,UserAuthAPI,1,119,118,1884
1731,ProductCatalogAPI,120,165,45,1793
1731,InventoryCheckAPI,168,233,65,1541
1731,FraudDetectionAPI,235,331,96,1130
1731,PaymentGatewayAPI,332,396,64,1703
1731,ShippingServiceAPI,400,473,73,1923
1731,NotificationAPI,475,550,75,827
1732,UserAuthAPI,1,119,118,597
1732,ProductCatalogAPI,123,192,69,1597
1732,InventoryCheckAPI,195,261,66,583
1732,FraudDetectionAPI,265,338,73,1138
1732,PaymentGatewayAPI,341,404,63,1018
1732,ShippingServiceAPI,406,453,47,683
1732,NotificationAPI,454,562,108,763
1733,UserAuthAPI,1,64,63,669
1733,ProductCatalogAPI,68,111,43,1326
1733,InventoryCheckAPI,114,166,52,1560
1733,FraudDetectionAPI,168,282,114,557
1733,PaymentGatewayAPI,283,382,99,638
1733,ShippingServiceAPI,383,439,56,1357
1733,NotificationAPI,440,484,44,887
1734,UserAuthAPI,1,115,114,1059
1734,ProductCatalogAPI,118,190,72,520
1734,InventoryCheckAPI,194,297,103,1720
1734,FraudDetectionAPI,300,413,113,877
1734,PaymentGatewayAPI,408,465,57,853
1734,ShippingServiceAPI,469,532,63,1016
1734,NotificationAPI,534,646,112,1450
1735,UserAuthAPI,1,81,80,1365
1735,ProductCatalogAPI,82,122,40,1319
1735,InventoryCheckAPI,117,219,102,1279
1735,FraudDetectionAPI,220,278,58,631
1735,PaymentGatewayAPI,281,325,44,876
1735,ShippingServiceAPI,320,429,109,940
1735,NotificationAPI,430,487,57,1843
1736,UserAuthAPI,1,63,62,1131
1736,ProductCatalogAPI,58,165,107,1703
1736,InventoryCheckAPI,167,276,109,1977
1736,FraudDetectionAPI,278,360,82,952
1736,PaymentGatewayAPI,362,467,105,998
1736,ShippingServiceAPI,471,523,52,1272
1736,NotificationAPI,524,599,75,1957
1737,UserAuthAPI,1,60,59,1417
1737,ProductCatalogAPI,62,163,101,1055
1737,InventoryCheckAPI,158,246,88,1496
1737,FraudDetectionAPI,247,325,78,1466
1737,PaymentGatewayAPI,320,374,54,762
1737,ShippingServiceAPI,377,484,107,853
1737,NotificationAPI,485,543,58,546
1738,UserAuthAPI,1,67,66,1256
1738,ProductCatalogAPI,69,185,116,561
1738,InventoryCheckAPI,188,288,100,577
1738,FraudDetectionAPI,290,377,87,1149
1738,PaymentGatewayAPI,378,441,63,1552
1738,ShippingServiceAPI,443,499,56,849
1738,NotificationAPI,502,577,75,1712
1739,UserAuthAPI,1,118,117,1765
1739,ProductCatalogAPI,120,224,104,729
1739,InventoryCheckAPI,225,298,73,1915
1739,FraudDetectionAPI,293,362,69,1335
1739,PaymentGatewayAPI,364,413,49,586
1739,ShippingServiceAPI,414,528,114,503
1739,NotificationAPI,530,622,92,1400
1740,UserAuthAPI,1,98,97,1974
1740,ProductCatalogAPI,101,212,111,1435
1740,InventoryCheckAPI,214,255,41,1644
1740,FraudDetectionAPI,250,341,91,651
1740,PaymentGatewayAPI,336,395,59,805
1740,ShippingServiceAPI,397,496,99,1381
1740,NotificationAPI,498,576,78,1594
1741,UserAuthAPI,1,69,68,1853
1741,ProductCatalogAPI,73,179,106,1910
1741,InventoryCheckAPI,182,252,70,1294
1741,FraudDetectionAPI,254,302,48,761
1741,PaymentGatewayAPI,297,362,65,1566
1741,ShippingServiceAPI,364,426,62,1726
1741,NotificationAPI,428,505,77,1582
1742,UserAuthAPI,1,60,59,1800
1742,ProductCatalogAPI,62,134,72,613
1742,InventoryCheckAPI,136,229,93,765
1742,FraudDetectionAPI,230,305,75,1086
1742,PaymentGatewayAPI,306,352,46,1894
1742,ShippingServiceAPI,353,443,90,979
1742,NotificationAPI,444,515,71,703
1743,UserAuthAPI,1,62,61,1666
1743,ProductCatalogAPI,65,172,107,615
1743,InventoryCheckAPI,167,222,55,1187
1743,FraudDetectionAPI,217,313,96,1400
1743,PaymentGatewayAPI,314,424,110,536
1743,ShippingServiceAPI,427,494,67,1847
1743,NotificationAPI,495,572,77,1313
1744,UserAuthAPI,1,66,65,1598
1744,ProductCatalogAPI,68,170,102,1891
1744,InventoryCheckAPI,172,249,77,598
1744,FraudDetectionAPI,244,358,114,683
1744,PaymentGatewayAPI,353,452,99,968
1744,ShippingServiceAPI,456,561,105,858
1744,NotificationAPI,562,626,64,1969
1745,UserAuthAPI,1,84,83,925
1745,ProductCatalogAPI,85,141,56,1901
1745,InventoryCheckAPI,143,183,40,1240
1745,FraudDetectionAPI,186,295,109,988
1745,PaymentGatewayAPI,290,382,92,1529
1745,ShippingServiceAPI,385,457,72,1595
1745,NotificationAPI,461,534,73,1429
1746,UserAuthAPI,1,48,47,1128
1746,ProductCatalogAPI,52,123,71,1323
1746,InventoryCheckAPI,124,170,46,1443
1746,FraudDetectionAPI,172,274,102,956
1746,PaymentGatewayAPI,269,343,74,1365
1746,ShippingServiceAPI,345,448,103,1326
1746,NotificationAPI,450,510,60,895
1747,UserAuthAPI,1,94,93,710
1747,ProductCatalogAPI,95,148,53,1044
1747,InventoryCheckAPI,150,266,116,1515
1747,FraudDetectionAPI,268,355,87,1844
1747,PaymentGatewayAPI,358,452,94,627
1747,ShippingServiceAPI,455,562,107,1985
1747,NotificationAPI,563,666,103,1625
1748,UserAuthAPI,1,114,113,1436
1748,ProductCatalogAPI,109,224,115,585
1748,InventoryCheckAPI,225,300,75,1376
1748,FraudDetectionAPI,303,354,51,1952
1748,PaymentGatewayAPI,357,419,62,1813
1748,ShippingServiceAPI,422,470,48,1892
1748,NotificationAPI,473,557,84,1959
1749,UserAuthAPI,1,104,103,724
1749,ProductCatalogAPI,106,190,84,1028
1749,InventoryCheckAPI,191,275,84,998
1749,FraudDetectionAPI,270,319,49,1493
1749,PaymentGatewayAPI,320,377,57,790
1749,ShippingServiceAPI,381,438,57,1191
1749,NotificationAPI,442,518,76,1819
1750,UserAuthAPI,1,75,74,860
1750,ProductCatalogAPI,70,184,114,1895
1750,InventoryCheckAPI,186,280,94,1217
1750,FraudDetectionAPI,283,384,101,866
1750,PaymentGatewayAPI,385,475,90,602
1750,ShippingServiceAPI,470,542,72,1631
1750,NotificationAPI,537,625,88,1596
1751,UserAuthAPI,1,41,40,1675
1751,ProductCatalogAPI,45,152,107,1895
1751,InventoryCheckAPI,153,261,108,531
1751,FraudDetectionAPI,264,382,118,1782
1751,PaymentGatewayAPI,385,471,86,1890
1751,ShippingServiceAPI,474,587,113,1741
1751,NotificationAPI,589,631,42,1908
1752,UserAuthAPI,1,120,119,604
1752,ProductCatalogAPI,124,212,88,564
1752,InventoryCheckAPI,215,321,106,879
1752,FraudDetectionAPI,324,405,81,670
1752,PaymentGatewayAPI,407,524,117,1331
1752,ShippingServiceAPI,519,631,112,1583
1752,NotificationAPI,632,699,67,1647
1753,UserAuthAPI,1,72,71,526
1753,ProductCatalogAPI,73,171,98,1580
1753,InventoryCheckAPI,173,246,73,1037
1753,FraudDetectionAPI,250,329,79,870
1753,PaymentGatewayAPI,330,410,80,1629
1753,ShippingServiceAPI,413,471,58,1812
1753,NotificationAPI,475,581,106,1743
1754,UserAuthAPI,1,61,60,1582
1754,ProductCatalogAPI,64,142,78,1799
1754,InventoryCheckAPI,143,191,48,1758
1754,FraudDetectionAPI,193,247,54,1095
1754,PaymentGatewayAPI,248,334,86,1577
1754,ShippingServiceAPI,338,416,78,1796
1754,NotificationAPI,417,465,48,1486
1755,UserAuthAPI,1,46,45,1539
1755,ProductCatalogAPI,49,117,68,924
1755,InventoryCheckAPI,118,197,79,1457
1755,FraudDetectionAPI,199,278,79,697
1755,PaymentGatewayAPI,282,399,117,741
1755,ShippingServiceAPI,403,448,45,1841
1755,NotificationAPI,450,559,109,859
1756,UserAuthAPI,1,53,52,1696
1756,ProductCatalogAPI,54,147,93,726
1756,InventoryCheckAPI,148,251,103,1831
1756,FraudDetectionAPI,252,309,57,727
1756,PaymentGatewayAPI,312,411,99,878
1756,ShippingServiceAPI,406,446,40,612
1756,NotificationAPI,448,522,74,1628
1757,UserAuthAPI,1,49,48,1176
1757,ProductCatalogAPI,51,102,51,1241
1757,InventoryCheckAPI,105,148,43,944
1757,FraudDetectionAPI,151,240,89,805
1757,PaymentGatewayAPI,241,328,87,1546
1757,ShippingServiceAPI,329,376,47,1478
1757,NotificationAPI,380,472,92,1232
1758,UserAuthAPI,1,114,113,998
1758,ProductCatalogAPI,115,206,91,1593
1758,InventoryCheckAPI,208,326,118,1816
1758,FraudDetectionAPI,329,407,78,847
1758,PaymentGatewayAPI,409,514,105,1327
1758,ShippingServiceAPI,516,596,80,1959
1758,NotificationAPI,600,705,105,749
1759,UserAuthAPI,1,89,88,528
1759,ProductCatalogAPI,91,200,109,1237
1759,InventoryCheckAPI,202,296,94,1377
1759,FraudDetectionAPI,299,401,102,516
1759,PaymentGatewayAPI,403,458,55,1581
1759,ShippingServiceAPI,461,526,65,1796
1759,NotificationAPI,528,635,107,1829
1760,UserAuthAPI,1,88,87,1521
1760,ProductCatalogAPI,89,147,58,1420
1760,InventoryCheckAPI,150,240,90,1413
1760,FraudDetectionAPI,242,345,103,698
1760,PaymentGatewayAPI,340,438,98,642
1760,ShippingServiceAPI,441,506,65,1955
1760,NotificationAPI,510,558,48,1530
1761,UserAuthAPI,1,95,94,895
1761,ProductCatalogAPI,98,145,47,1358
1761,InventoryCheckAPI,148,263,115,1432
1761,FraudDetectionAPI,264,312,48,1890
1761,PaymentGatewayAPI,315,388,73,535
1761,ShippingServiceAPI,390,445,55,1102
1761,NotificationAPI,448,499,51,671
1762,UserAuthAPI,1,65,64,697
1762,ProductCatalogAPI,60,123,63,505
1762,InventoryCheckAPI,127,199,72,931
1762,FraudDetectionAPI,202,243,41,1049
1762,PaymentGatewayAPI,246,306,60,709
1762,ShippingServiceAPI,307,421,114,1334
1762,NotificationAPI,416,520,104,690
1763,UserAuthAPI,1,82,81,1459
1763,ProductCatalogAPI,83,163,80,869
1763,InventoryCheckAPI,164,260,96,1726
1763,FraudDetectionAPI,262,319,57,1247
1763,PaymentGatewayAPI,322,433,111,1360
1763,ShippingServiceAPI,436,547,111,751
1763,NotificationAPI,548,659,111,961
1764,UserAuthAPI,1,57,56,870
1764,ProductCatalogAPI,58,101,43,1868
1764,InventoryCheckAPI,102,191,89,505
1764,FraudDetectionAPI,192,287,95,1921
1764,PaymentGatewayAPI,282,343,61,940
1764,ShippingServiceAPI,338,387,49,757
1764,NotificationAPI,388,469,81,1002
1765,UserAuthAPI,1,52,51,1008
1765,ProductCatalogAPI,53,152,99,960
1765,InventoryCheckAPI,153,267,114,1844
1765,FraudDetectionAPI,262,340,78,932
1765,PaymentGatewayAPI,343,440,97,995
1765,ShippingServiceAPI,442,498,56,1657
1765,NotificationAPI,499,605,106,1106
1766,UserAuthAPI,1,84,83,998
1766,ProductCatalogAPI,87,158,71,1734
1766,InventoryCheckAPI,160,243,83,1593
1766,FraudDetectionAPI,245,342,97,930
1766,PaymentGatewayAPI,343,399,56,1690
1766,ShippingServiceAPI,394,496,102,616
1766,NotificationAPI,498,612,114,1685
1767,UserAuthAPI,1,118,117,1443
1767,ProductCatalogAPI,121,233,112,1754
1767,InventoryCheckAPI,236,353,117,1854
1767,FraudDetectionAPI,355,446,91,1683
1767,PaymentGatewayAPI,447,537,90,893
1767,ShippingServiceAPI,540,618,78,1475
1767,NotificationAPI,621,670,49,1359
1768,UserAuthAPI,1,113,112,713
1768,ProductCatalogAPI,114,176,62,1758
1768,InventoryCheckAPI,178,230,52,803
1768,FraudDetectionAPI,234,317,83,1360
1768,PaymentGatewayAPI,319,398,79,1913
1768,ShippingServiceAPI,399,481,82,1444
1768,NotificationAPI,485,543,58,1863
1769,UserAuthAPI,1,74,73,686
1769,ProductCatalogAPI,77,121,44,1557
1769,InventoryCheckAPI,116,209,93,1762
1769,FraudDetectionAPI,211,268,57,1567
1769,PaymentGatewayAPI,270,344,74,1818
1769,ShippingServiceAPI,346,388,42,1030
1769,NotificationAPI,389,446,57,1754
1770,UserAuthAPI,1,95,94,661
1770,ProductCatalogAPI,90,197,107,1694
1770,InventoryCheckAPI,198,278,80,1561
1770,FraudDetectionAPI,279,331,52,1801
1770,PaymentGatewayAPI,326,374,48,865
1770,ShippingServiceAPI,376,432,56,1769
1770,NotificationAPI,436,542,106,1143
1771,UserAuthAPI,1,51,50,1230
1771,ProductCatalogAPI,46,157,111,1114
1771,InventoryCheckAPI,159,200,41,1568
1771,FraudDetectionAPI,202,275,73,1972
1771,PaymentGatewayAPI,276,350,74,777
1771,ShippingServiceAPI,351,416,65,1643
1771,NotificationAPI,417,511,94,958
1772,UserAuthAPI,1,95,94,840
1772,ProductCatalogAPI,96,198,102,775
1772,InventoryCheckAPI,202,270,68,1184
1772,FraudDetectionAPI,273,315,42,851
1772,PaymentGatewayAPI,316,392,76,793
1772,ShippingServiceAPI,395,479,84,1232
1772,NotificationAPI,480,579,99,1042
1773,UserAuthAPI,1,102,101,1444
1773,ProductCatalogAPI,103,195,92,901
1773,InventoryCheckAPI,197,303,106,1972
1773,FraudDetectionAPI,305,350,45,1981
1773,PaymentGatewayAPI,351,392,41,1832
1773,ShippingServiceAPI,387,454,67,1440
1773,NotificationAPI,457,513,56,824
1774,UserAuthAPI,1,98,97,1734
1774,ProductCatalogAPI,102,196,94,1316
1774,InventoryCheckAPI,199,283,84,1937
1774,FraudDetectionAPI,286,362,76,654
1774,PaymentGatewayAPI,364,414,50,988
1774,ShippingServiceAPI,416,532,116,1540
1774,NotificationAPI,533,590,57,739
1775,UserAuthAPI,1,56,55,1086
1775,ProductCatalogAPI,60,114,54,959
1775,InventoryCheckAPI,115,158,43,1430
1775,FraudDetectionAPI,159,261,102,599
1775,PaymentGatewayAPI,263,341,78,1685
1775,ShippingServiceAPI,344,443,99,827
1775,NotificationAPI,446,527,81,741
1776,UserAuthAPI,1,68,67,958
1776,ProductCatalogAPI,70,110,40,719
1776,InventoryCheckAPI,114,199,85,1803
1776,FraudDetectionAPI,194,284,90,1769
1776,PaymentGatewayAPI,279,342,63,1545
1776,ShippingServiceAPI,344,391,47,1242
1776,NotificationAPI,393,440,47,1946
1777,UserAuthAPI,1,75,74,668
1777,ProductCatalogAPI,70,180,110,1055
1777,InventoryCheckAPI,181,255,74,782
1777,FraudDetectionAPI,256,361,105,1850
1777,PaymentGatewayAPI,362,481,119,784
1777,ShippingServiceAPI,484,576,92,1548
1777,NotificationAPI,578,630,52,836
1778,UserAuthAPI,1,47,46,1171
1778,ProductCatalogAPI,49,135,86,1047
1778,InventoryCheckAPI,130,211,81,978
1778,FraudDetectionAPI,214,321,107,569
1778,PaymentGatewayAPI,322,374,52,1932
1778,ShippingServiceAPI,377,437,60,920
1778,NotificationAPI,440,534,94,1701
1779,UserAuthAPI,1,81,80,827
1779,ProductCatalogAPI,82,129,47,753
1779,InventoryCheckAPI,130,170,40,599
1779,FraudDetectionAPI,171,223,52,1648
1779,PaymentGatewayAPI,224,315,91,1145
1779,ShippingServiceAPI,317,414,97,682
1779,NotificationAPI,409,476,67,1901
1780,UserAuthAPI,1,78,77,1301
1780,ProductCatalogAPI,82,126,44,1711
1780,InventoryCheckAPI,128,184,56,1103
1780,FraudDetectionAPI,186,258,72,1360
1780,PaymentGatewayAPI,261,355,94,1852
1780,ShippingServiceAPI,357,417,60,849
1780,NotificationAPI,412,482,70,1643
1781,UserAuthAPI,1,46,45,1720
1781,ProductCatalogAPI,49,125,76,686
1781,InventoryCheckAPI,126,241,115,1633
1781,FraudDetectionAPI,242,359,117,1897
1781,PaymentGatewayAPI,362,461,99,1457
1781,ShippingServiceAPI,462,559,97,1013
1781,NotificationAPI,554,601,47,663
1782,UserAuthAPI,1,79,78,857
1782,ProductCatalogAPI,80,138,58,1420
1782,InventoryCheckAPI,140,232,92,1421
1782,FraudDetectionAPI,235,331,96,1517
1782,PaymentGatewayAPI,326,405,79,1546
1782,ShippingServiceAPI,408,489,81,1445
1782,NotificationAPI,490,565,75,509
1783,UserAuthAPI,1,56,55,1681
1783,ProductCatalogAPI,60,173,113,620
1783,InventoryCheckAPI,176,295,119,1862
1783,FraudDetectionAPI,298,386,88,543
1783,PaymentGatewayAPI,388,453,65,738
1783,ShippingServiceAPI,456,540,84,1915
1783,NotificationAPI,543,587,44,1733
1784,UserAuthAPI,1,64,63,909
1784,ProductCatalogAPI,65,144,79,1055
1784,InventoryCheckAPI,147,208,61,1166
1784,FraudDetectionAPI,210,318,108,897
1784,PaymentGatewayAPI,321,419,98,793
1784,ShippingServiceAPI,414,531,117,1451
1784,NotificationAPI,533,602,69,606
1785,UserAuthAPI,1,111,110,1618
1785,ProductCatalogAPI,113,229,116,1995
1785,InventoryCheckAPI,231,327,96,1419
1785,FraudDetectionAPI,329,385,56,867
1785,PaymentGatewayAPI,387,430,43,747
1785,ShippingServiceAPI,433,478,45,1169
1785,NotificationAPI,480,530,50,803
1786,UserAuthAPI,1,59,58,1359
1786,ProductCatalogAPI,62,169,107,1752
1786,InventoryCheckAPI,173,229,56,549
1786,FraudDetectionAPI,224,274,50,1389
1786,PaymentGatewayAPI,276,395,119,1423
1786,ShippingServiceAPI,398,500,102,1882
1786,NotificationAPI,501,557,56,1573
1787,UserAuthAPI,1,47,46,1902
1787,ProductCatalogAPI,50,105,55,712
1787,InventoryCheckAPI,100,174,74,1607
1787,FraudDetectionAPI,175,223,48,720
1787,PaymentGatewayAPI,224,311,87,1083
1787,ShippingServiceAPI,315,377,62,1224
1787,NotificationAPI,379,477,98,823
1788,UserAuthAPI,1,83,82,1791
1788,ProductCatalogAPI,85,177,92,1249
1788,InventoryCheckAPI,181,292,111,1230
1788,FraudDetectionAPI,293,373,80,1544
1788,PaymentGatewayAPI,374,448,74,1311
1788,ShippingServiceAPI,449,503,54,1506
1788,NotificationAPI,505,552,47,623
1789,UserAuthAPI,1,107,106,1616
1789,ProductCatalogAPI,108,227,119,1821
1789,InventoryCheckAPI,230,343,113,1822
1789,FraudDetectionAPI,344,442,98,568
1789,PaymentGatewayAPI,443,529,86,522
1789,ShippingServiceAPI,531,647,116,708
1789,NotificationAPI,650,728,78,572
1790,UserAuthAPI,1,58,57,1437
1790,ProductCatalogAPI,59,116,57,1756
1790,InventoryCheckAPI,111,183,72,1054
1790,FraudDetectionAPI,185,282,97,1917
1790,PaymentGatewayAPI,286,351,65,573
1790,ShippingServiceAPI,352,405,53,909
1790,NotificationAPI,407,470,63,1746
1791,UserAuthAPI,1,60,59,922
1791,ProductCatalogAPI,63,136,73,1417
1791,InventoryCheckAPI,139,184,45,1283
1791,FraudDetectionAPI,187,249,62,513
1791,PaymentGatewayAPI,244,319,75,770
1791,ShippingServiceAPI,322,409,87,962
1791,NotificationAPI,411,474,63,1847
1792,UserAuthAPI,1,99,98,750
1792,ProductCatalogAPI,100,175,75,1379
1792,InventoryCheckAPI,176,224,48,1727
1792,FraudDetectionAPI,227,290,63,1394
1792,PaymentGatewayAPI,294,374,80,1087
1792,ShippingServiceAPI,375,416,41,594
1792,NotificationAPI,419,517,98,1353
1793,UserAuthAPI,1,71,70,1545
1793,ProductCatalogAPI,73,171,98,1386
1793,InventoryCheckAPI,174,289,115,1550
1793,FraudDetectionAPI,292,333,41,1618
1793,PaymentGatewayAPI,328,386,58,1167
1793,ShippingServiceAPI,388,446,58,819
1793,NotificationAPI,449,558,109,1602
1794,UserAuthAPI,1,45,44,1768
1794,ProductCatalogAPI,40,89,49,1335
1794,InventoryCheckAPI,92,141,49,1327
1794,FraudDetectionAPI,145,208,63,1336
1794,PaymentGatewayAPI,203,251,48,645
1794,ShippingServiceAPI,253,296,43,668
1794,NotificationAPI,299,382,83,1773
1795,UserAuthAPI,1,113,112,1005
1795,ProductCatalogAPI,116,219,103,1089
1795,InventoryCheckAPI,221,315,94,818
1795,FraudDetectionAPI,316,375,59,1460
1795,PaymentGatewayAPI,378,481,103,1118
1795,ShippingServiceAPI,483,590,107,1996
1795,NotificationAPI,592,688,96,1568
1796,UserAuthAPI,1,78,77,681
1796,ProductCatalogAPI,82,188,106,625
1796,InventoryCheckAPI,190,256,66,1645
1796,FraudDetectionAPI,257,329,72,632
1796,PaymentGatewayAPI,330,431,101,1210
1796,ShippingServiceAPI,432,551,119,1731
1796,NotificationAPI,552,605,53,1503
1797,UserAuthAPI,1,97,96,803
1797,ProductCatalogAPI,100,143,43,1092
1797,InventoryCheckAPI,138,252,114,1766
1797,FraudDetectionAPI,253,310,57,839
1797,PaymentGatewayAPI,312,424,112,671
1797,ShippingServiceAPI,426,481,55,1618
1797,NotificationAPI,482,544,62,641
1798,UserAuthAPI,1,52,51,1453
1798,ProductCatalogAPI,47,142,95,996
1798,InventoryCheckAPI,145,213,68,1309
1798,FraudDetectionAPI,217,333,116,768
1798,PaymentGatewayAPI,335,440,105,1783
1798,ShippingServiceAPI,442,520,78,1308
1798,NotificationAPI,522,617,95,908
1799,UserAuthAPI,1,92,91,1402
1799,ProductCatalogAPI,93,179,86,882
1799,InventoryCheckAPI,181,279,98,989
1799,FraudDetectionAPI,281,362,81,749
1799,PaymentGatewayAPI,364,453,89,1519
1799,ShippingServiceAPI,457,550,93,1183
1799,NotificationAPI,552,654,102,1519
1800,UserAuthAPI,1,52,51,1714
1800,ProductCatalogAPI,54,172,118,1354
1800,InventoryCheckAPI,175,236,61,1047
1800,FraudDetectionAPI,237,332,95,1771
1800,PaymentGatewayAPI,335,378,43,934
1800,ShippingServiceAPI,379,478,99,1037
1800,NotificationAPI,480,548,68,1580
1801,UserAuthAPI,1,88,87,1890
1801,ProductCatalogAPI,90,175,85,826
1801,InventoryCheckAPI,170,257,87,1567
1801,FraudDetectionAPI,261,370,109,1902
1801,PaymentGatewayAPI,365,476,111,584
1801,ShippingServiceAPI,477,555,78,1886
1801,NotificationAPI,558,650,92,1754
1802,UserAuthAPI,1,97,96,1087
1802,ProductCatalogAPI,92,151,59,988
1802,InventoryCheckAPI,154,238,84,1330
1802,FraudDetectionAPI,240,317,77,1871
1802,PaymentGatewayAPI,312,392,80,857
1802,ShippingServiceAPI,387,451,64,1235
1802,NotificationAPI,452,544,92,1086
1803,UserAuthAPI,1,95,94,1079
1803,ProductCatalogAPI,96,179,83,783
1803,InventoryCheckAPI,181,298,117,752
1803,FraudDetectionAPI,302,343,41,1557
1803,PaymentGatewayAPI,346,432,86,721
1803,ShippingServiceAPI,433,498,65,1863
1803,NotificationAPI,500,614,114,751
1804,UserAuthAPI,1,55,54,641
1804,ProductCatalogAPI,50,122,72,1081
1804,InventoryCheckAPI,124,217,93,845
1804,FraudDetectionAPI,218,263,45,987
1804,PaymentGatewayAPI,264,320,56,1427
1804,ShippingServiceAPI,315,370,55,1875
1804,NotificationAPI,372,444,72,1709
1805,UserAuthAPI,1,95,94,1948
1805,ProductCatalogAPI,98,196,98,1665
1805,InventoryCheckAPI,199,301,102,1697
1805,FraudDetectionAPI,305,383,78,1315
1805,PaymentGatewayAPI,387,432,45,558
1805,ShippingServiceAPI,433,511,78,684
1805,NotificationAPI,513,569,56,667
1806,UserAuthAPI,1,94,93,570
1806,ProductCatalogAPI,95,201,106,1815
1806,InventoryCheckAPI,202,284,82,1823
1806,FraudDetectionAPI,287,387,100,593
1806,PaymentGatewayAPI,391,463,72,1113
1806,ShippingServiceAPI,467,572,105,1131
1806,NotificationAPI,575,663,88,741
1807,UserAuthAPI,1,55,54,1461
1807,ProductCatalogAPI,56,99,43,819
1807,InventoryCheckAPI,102,193,91,1523
1807,FraudDetectionAPI,197,247,50,1326
1807,PaymentGatewayAPI,251,322,71,1484
1807,ShippingServiceAPI,324,379,55,1309
1807,NotificationAPI,382,433,51,1727
1808,UserAuthAPI,1,78,77,1347
1808,ProductCatalogAPI,79,119,40,552
1808,InventoryCheckAPI,120,206,86,1510
1808,FraudDetectionAPI,209,289,80,1416
1808,PaymentGatewayAPI,292,344,52,693
1808,ShippingServiceAPI,339,440,101,1100
1808,NotificationAPI,442,507,65,1622
1809,UserAuthAPI,1,102,101,581
1809,ProductCatalogAPI,106,186,80,1199
1809,InventoryCheckAPI,187,282,95,1109
1809,FraudDetectionAPI,277,375,98,1852
1809,PaymentGatewayAPI,376,468,92,1219
1809,ShippingServiceAPI,463,528,65,1198
1809,NotificationAPI,530,648,118,1359
1810,UserAuthAPI,1,41,40,1716
1810,ProductCatalogAPI,43,157,114,1905
1810,InventoryCheckAPI,161,280,119,596
1810,FraudDetectionAPI,283,396,113,1330
1810,PaymentGatewayAPI,400,516,116,1140
1810,ShippingServiceAPI,511,571,60,995
1810,NotificationAPI,572,649,77,1268
1811,UserAuthAPI,1,45,44,987
1811,ProductCatalogAPI,40,144,104,988
1811,InventoryCheckAPI,146,230,84,559
1811,FraudDetectionAPI,232,318,86,1761
1811,PaymentGatewayAPI,321,369,48,1105
1811,ShippingServiceAPI,371,415,44,753
1811,NotificationAPI,418,497,79,1416
1812,UserAuthAPI,1,66,65,1627
1812,ProductCatalogAPI,70,165,95,1068
1812,InventoryCheckAPI,168,214,46,1437
1812,FraudDetectionAPI,215,333,118,1367
1812,PaymentGatewayAPI,334,430,96,1740
1812,ShippingServiceAPI,431,484,53,1975
1812,NotificationAPI,479,531,52,1924
1813,UserAuthAPI,1,113,112,1525
1813,ProductCatalogAPI,114,209,95,679
1813,InventoryCheckAPI,210,266,56,1306
1813,FraudDetectionAPI,269,318,49,1198
1813,PaymentGatewayAPI,313,380,67,1485
1813,ShippingServiceAPI,382,479,97,799
1813,NotificationAPI,482,544,62,1779
1814,UserAuthAPI,1,119,118,840
1814,ProductCatalogAPI,121,179,58,787
1814,InventoryCheckAPI,180,239,59,1369
1814,FraudDetectionAPI,241,316,75,710
1814,PaymentGatewayAPI,317,363,46,1301
1814,ShippingServiceAPI,366,442,76,561
1814,NotificationAPI,444,556,112,990
1815,UserAuthAPI,1,104,103,1189
1815,ProductCatalogAPI,106,205,99,1600
1815,InventoryCheckAPI,207,300,93,1005
1815,FraudDetectionAPI,303,367,64,1541
1815,PaymentGatewayAPI,369,487,118,558
1815,ShippingServiceAPI,489,586,97,1584
1815,NotificationAPI,588,706,118,743
1816,UserAuthAPI,1,51,50,1099
1816,ProductCatalogAPI,46,124,78,1699
1816,InventoryCheckAPI,125,184,59,720
1816,FraudDetectionAPI,186,285,99,1677
1816,PaymentGatewayAPI,286,340,54,750
1816,ShippingServiceAPI,343,403,60,1186
1816,NotificationAPI,398,443,45,1368
1817,UserAuthAPI,1,79,78,956
1817,ProductCatalogAPI,83,162,79,1507
1817,InventoryCheckAPI,164,267,103,849
1817,FraudDetectionAPI,262,380,118,1951
1817,PaymentGatewayAPI,384,425,41,1084
1817,ShippingServiceAPI,429,514,85,1842
1817,NotificationAPI,516,600,84,1708
1818,UserAuthAPI,1,56,55,1189
1818,ProductCatalogAPI,60,105,45,1968
1818,InventoryCheckAPI,106,177,71,757
1818,FraudDetectionAPI,179,245,66,1025
1818,PaymentGatewayAPI,248,338,90,1489
1818,ShippingServiceAPI,340,390,50,1174
1818,NotificationAPI,393,500,107,1472
1819,UserAuthAPI,1,95,94,1185
1819,ProductCatalogAPI,96,205,109,1277
1819,InventoryCheckAPI,208,292,84,502
1819,FraudDetectionAPI,295,341,46,1934
1819,PaymentGatewayAPI,342,385,43,1229
1819,ShippingServiceAPI,386,442,56,1380
1819,NotificationAPI,437,483,46,536
1820,UserAuthAPI,1,107,106,1336
1820,ProductCatalogAPI,109,206,97,1458
1820,InventoryCheckAPI,208,323,115,1335
1820,FraudDetectionAPI,325,422,97,727
1820,PaymentGatewayAPI,424,494,70,1880
1820,ShippingServiceAPI,489,532,43,620
1820,NotificationAPI,534,627,93,1801
1821,UserAuthAPI,1,83,82,1369
1821,ProductCatalogAPI,86,195,109,1087
1821,InventoryCheckAPI,199,260,61,1093
1821,FraudDetectionAPI,261,312,51,1783
1821,PaymentGatewayAPI,315,359,44,1421
1821,ShippingServiceAPI,363,464,101,835
1821,NotificationAPI,468,513,45,651
1822,UserAuthAPI,1,93,92,1690
1822,ProductCatalogAPI,96,163,67,880
1822,InventoryCheckAPI,164,260,96,1363
1822,FraudDetectionAPI,261,331,70,503
1822,PaymentGatewayAPI,332,435,103,832
1822,ShippingServiceAPI,436,554,118,1126
1822,NotificationAPI,549,649,100,855
1823,UserAuthAPI,1,119,118,695
1823,ProductCatalogAPI,123,198,75,831
1823,InventoryCheckAPI,199,279,80,506
1823,FraudDetectionAPI,280,330,50,1909
1823,PaymentGatewayAPI,331,423,92,1100
1823,ShippingServiceAPI,425,537,112,1339
1823,NotificationAPI,539,644,105,1864
1824,UserAuthAPI,1,48,47,1730
1824,ProductCatalogAPI,49,116,67,1150
1824,InventoryCheckAPI,118,178,60,1693
1824,FraudDetectionAPI,180,290,110,1161
1824,PaymentGatewayAPI,292,352,60,1417
1824,ShippingServiceAPI,354,458,104,587
1824,NotificationAPI,459,541,82,1664
1825,UserAuthAPI,1,63,62,825
1825,ProductCatalogAPI,65,122,57,1387
1825,InventoryCheckAPI,125,197,72,1420
1825,FraudDetectionAPI,201,291,90,969
1825,PaymentGatewayAPI,294,368,74,748
1825,ShippingServiceAPI,369,467,98,1520
1825,NotificationAPI,471,557,86,1983
1826,UserAuthAPI,1,105,104,901
1826,ProductCatalogAPI,106,222,116,1220
1826,InventoryCheckAPI,223,307,84,1073
1826,FraudDetectionAPI,309,362,53,936
1826,PaymentGatewayAPI,363,433,70,1898
1826,ShippingServiceAPI,435,538,103,1381
1826,NotificationAPI,539,633,94,1718
1827,UserAuthAPI,1,46,45,1396
1827,ProductCatalogAPI,47,141,94,1188
1827,InventoryCheckAPI,142,211,69,1814
1827,FraudDetectionAPI,212,273,61,527
1827,PaymentGatewayAPI,274,382,108,1449
1827,ShippingServiceAPI,385,455,70,609
1827,NotificationAPI,456,509,53,1794
1828,UserAuthAPI,1,60,59,1188
1828,ProductCatalogAPI,63,170,107,1541
1828,InventoryCheckAPI,174,246,72,624
1828,FraudDetectionAPI,250,358,108,1157
1828,PaymentGatewayAPI,359,418,59,746
1828,ShippingServiceAPI,420,534,114,1532
1828,NotificationAPI,537,595,58,602
1829,UserAuthAPI,1,103,102,850
1829,ProductCatalogAPI,107,183,76,1868
1829,InventoryCheckAPI,178,234,56,589
1829,FraudDetectionAPI,236,335,99,752
1829,PaymentGatewayAPI,338,433,95,789
1829,ShippingServiceAPI,434,503,69,1422
1829,NotificationAPI,507,566,59,1994
1830,UserAuthAPI,1,108,107,1600
1830,ProductCatalogAPI,111,223,112,706
1830,InventoryCheckAPI,226,270,44,1720
1830,FraudDetectionAPI,274,344,70,789
1830,PaymentGatewayAPI,347,464,117,1998
1830,ShippingServiceAPI,466,543,77,1057
1830,NotificationAPI,545,627,82,961
1831,UserAuthAPI,1,85,84,1811
1831,ProductCatalogAPI,87,167,80,1543
1831,InventoryCheckAPI,169,246,77,756
1831,FraudDetectionAPI,250,303,53,1676
1831,PaymentGatewayAPI,307,407,100,1959
1831,ShippingServiceAPI,408,463,55,1125
1831,NotificationAPI,464,576,112,984
1832,UserAuthAPI,1,58,57,1376
1832,ProductCatalogAPI,59,113,54,592
1832,InventoryCheckAPI,114,176,62,1972
1832,FraudDetectionAPI,178,288,110,1120
1832,PaymentGatewayAPI,290,361,71,1300
1832,ShippingServiceAPI,364,412,48,684
1832,NotificationAPI,413,495,82,1334
1833,UserAuthAPI,1,72,71,1852
1833,ProductCatalogAPI,75,174,99,1964
1833,InventoryCheckAPI,176,284,108,1755
1833,FraudDetectionAPI,288,396,108,1772
1833,PaymentGatewayAPI,397,443,46,1181
1833,ShippingServiceAPI,444,511,67,569
1833,NotificationAPI,506,599,93,669
1834,UserAuthAPI,1,71,70,758
1834,ProductCatalogAPI,73,143,70,1040
1834,InventoryCheckAPI,144,216,72,936
1834,FraudDetectionAPI,218,320,102,1340
1834,PaymentGatewayAPI,315,356,41,1121
1834,ShippingServiceAPI,357,465,108,1127
1834,NotificationAPI,460,501,41,1328
1835,UserAuthAPI,1,103,102,1036
1835,ProductCatalogAPI,104,180,76,1733
1835,InventoryCheckAPI,182,271,89,1055
1835,FraudDetectionAPI,266,357,91,1322
1835,PaymentGatewayAPI,358,409,51,753
1835,ShippingServiceAPI,404,490,86,1930
1835,NotificationAPI,492,596,104,558
1836,UserAuthAPI,1,98,97,1059
1836,ProductCatalogAPI,100,148,48,1666
1836,InventoryCheckAPI,152,244,92,1187
1836,FraudDetectionAPI,245,326,81,1377
1836,PaymentGatewayAPI,327,397,70,1655
1836,ShippingServiceAPI,399,463,64,667
1836,NotificationAPI,465,564,99,1302
1837,UserAuthAPI,1,60,59,643
1837,ProductCatalogAPI,62,120,58,567
1837,InventoryCheckAPI,122,168,46,1314
1837,FraudDetectionAPI,170,252,82,728
1837,PaymentGatewayAPI,254,307,53,580
1837,ShippingServiceAPI,309,408,99,1319
1837,NotificationAPI,411,454,43,1489
1838,UserAuthAPI,1,73,72,605
1838,ProductCatalogAPI,68,171,103,1746
1838,InventoryCheckAPI,175,284,109,603
1838,FraudDetectionAPI,287,394,107,1578
1838,PaymentGatewayAPI,389,431,42,1615
1838,ShippingServiceAPI,432,528,96,931
1838,NotificationAPI,530,593,63,1438
1839,UserAuthAPI,1,73,72,1547
1839,ProductCatalogAPI,74,119,45,1414
1839,InventoryCheckAPI,121,189,68,622
1839,FraudDetectionAPI,191,244,53,1860
1839,PaymentGatewayAPI,247,307,60,1588
1839,ShippingServiceAPI,310,353,43,1185
1839,NotificationAPI,356,455,99,1568
1840,UserAuthAPI,1,71,70,655
1840,ProductCatalogAPI,72,175,103,920
1840,InventoryCheckAPI,179,297,118,1046
1840,FraudDetectionAPI,299,374,75,940
1840,PaymentGatewayAPI,369,457,88,1178
1840,ShippingServiceAPI,459,508,49,612
1840,NotificationAPI,510,617,107,1838
1841,UserAuthAPI,1,47,46,1654
1841,ProductCatalogAPI,49,168,119,1735
1841,InventoryCheckAPI,171,233,62,787
1841,FraudDetectionAPI,234,311,77,743
1841,PaymentGatewayAPI,313,430,117,827
1841,ShippingServiceAPI,432,513,81,1300
1841,NotificationAPI,514,631,117,1130
1842,UserAuthAPI,1,104,103,1459
1842,ProductCatalogAPI,107,218,111,1252
1842,InventoryCheckAPI,213,279,66,558
1842,FraudDetectionAPI,282,394,112,794
1842,PaymentGatewayAPI,398,493,95,1913
1842,ShippingServiceAPI,494,581,87,1109
1842,NotificationAPI,583,689,106,881
1843,UserAuthAPI,1,75,74,830
1843,ProductCatalogAPI,77,146,69,931
1843,InventoryCheckAPI,149,196,47,1118
1843,FraudDetectionAPI,197,287,90,1295
1843,PaymentGatewayAPI,282,331,49,1921
1843,ShippingServiceAPI,326,412,86,1208
1843,NotificationAPI,415,460,45,721
1844,UserAuthAPI,1,102,101,1139
1844,ProductCatalogAPI,104,154,50,1824
1844,InventoryCheckAPI,155,252,97,1227
1844,FraudDetectionAPI,254,306,52,866
1844,PaymentGatewayAPI,308,383,75,1609
1844,ShippingServiceAPI,386,444,58,1511
1844,NotificationAPI,446,492,46,1026
1845,UserAuthAPI,1,118,117,1756
1845,ProductCatalogAPI,120,237,117,503
1845,InventoryCheckAPI,239,353,114,824
1845,FraudDetectionAPI,354,421,67,1034
1845,PaymentGatewayAPI,424,514,90,1993
1845,ShippingServiceAPI,517,632,115,846
1845,NotificationAPI,634,713,79,1010
1846,UserAuthAPI,1,119,118,610
1846,ProductCatalogAPI,121,204,83,1286
1846,InventoryCheckAPI,205,304,99,1246
1846,FraudDetectionAPI,305,353,48,1308
1846,PaymentGatewayAPI,354,458,104,1814
1846,ShippingServiceAPI,459,574,115,1571
1846,NotificationAPI,576,642,66,1681
1847,UserAuthAPI,1,69,68,1037
1847,ProductCatalogAPI,73,185,112,717
1847,InventoryCheckAPI,188,294,106,1260
1847,FraudDetectionAPI,296,359,63,1641
1847,PaymentGatewayAPI,362,437,75,1967
1847,ShippingServiceAPI,438,550,112,777
1847,NotificationAPI,551,593,42,1620
1848,UserAuthAPI,1,50,49,520
1848,ProductCatalogAPI,45,93,48,1123
1848,InventoryCheckAPI,94,212,118,1447
1848,FraudDetectionAPI,213,312,99,1000
1848,PaymentGatewayAPI,314,403,89,1946
1848,ShippingServiceAPI,404,449,45,1840
1848,NotificationAPI,450,555,105,1116
1849,UserAuthAPI,1,102,101,1295
1849,ProductCatalogAPI,103,189,86,1191
1849,InventoryCheckAPI,192,251,59,1071
1849,FraudDetectionAPI,252,358,106,1013
1849,PaymentGatewayAPI,359,454,95,1055
1849,ShippingServiceAPI,449,496,47,794
1849,NotificationAPI,500,583,83,1038
1850,UserAuthAPI,1,79,78,1908
1850,ProductCatalogAPI,80,182,102,788
1850,InventoryCheckAPI,185,278,93,708
1850,FraudDetectionAPI,281,339,58,783
1850,PaymentGatewayAPI,334,412,78,1060
1850,ShippingServiceAPI,413,513,100,1122
1850,NotificationAPI,514,576,62,1248
1851,UserAuthAPI,1,100,99,998
1851,ProductCatalogAPI,101,166,65,1879
1851,InventoryCheckAPI,169,239,70,1252
1851,FraudDetectionAPI,234,301,67,761
1851,PaymentGatewayAPI,303,351,48,597
1851,ShippingServiceAPI,354,464,110,1426
1851,NotificationAPI,465,511,46,758
1852,UserAuthAPI,1,107,106,1817
1852,ProductCatalogAPI,109,204,95,650
1852,InventoryCheckAPI,205,265,60,1473
1852,FraudDetectionAPI,267,368,101,1406
1852,PaymentGatewayAPI,369,428,59,1191
1852,ShippingServiceAPI,429,513,84,1147
1852,NotificationAPI,515,575,60,563
1853,UserAuthAPI,1,76,75,1912
1853,ProductCatalogAPI,78,136,58,1265
1853,InventoryCheckAPI,139,191,52,1404
1853,FraudDetectionAPI,192,275,83,1824
1853,PaymentGatewayAPI,276,366,90,1768
1853,ShippingServiceAPI,370,467,97,1531
1853,NotificationAPI,471,555,84,1252
1854,UserAuthAPI,1,103,102,1865
1854,ProductCatalogAPI,106,170,64,1758
1854,InventoryCheckAPI,172,256,84,871
1854,FraudDetectionAPI,259,346,87,678
1854,PaymentGatewayAPI,350,444,94,801
1854,ShippingServiceAPI,447,560,113,1975
1854,NotificationAPI,555,652,97,1645
1855,UserAuthAPI,1,51,50,1722
1855,ProductCatalogAPI,52,108,56,1884
1855,InventoryCheckAPI,109,154,45,1766
1855,FraudDetectionAPI,156,257,101,1735
1855,PaymentGatewayAPI,261,356,95,958
1855,ShippingServiceAPI,358,428,70,1993
1855,NotificationAPI,430,470,40,1056
1856,UserAuthAPI,1,70,69,1604
1856,ProductCatalogAPI,72,135,63,1810
1856,InventoryCheckAPI,137,180,43,1094
1856,FraudDetectionAPI,183,268,85,1448
1856,PaymentGatewayAPI,269,317,48,882
1856,ShippingServiceAPI,320,375,55,1784
1856,NotificationAPI,377,442,65,1590
1857,UserAuthAPI,1,79,78,1586
1857,ProductCatalogAPI,82,162,80,866
1857,InventoryCheckAPI,163,263,100,1626
1857,FraudDetectionAPI,258,316,58,574
1857,PaymentGatewayAPI,311,382,71,1992
1857,ShippingServiceAPI,383,456,73,516
1857,NotificationAPI,458,552,94,1582
1858,UserAuthAPI,1,115,114,1717
1858,ProductCatalogAPI,110,218,108,1317
1858,InventoryCheckAPI,213,287,74,1000
1858,FraudDetectionAPI,290,346,56,1106
1858,PaymentGatewayAPI,348,408,60,849
1858,ShippingServiceAPI,410,463,53,1283
1858,NotificationAPI,466,513,47,1632
1859,UserAuthAPI,1,47,46,648
1859,ProductCatalogAPI,48,158,110,1966
1859,InventoryCheckAPI,162,238,76,607
1859,FraudDetectionAPI,240,359,119,1776
1859,PaymentGatewayAPI,363,453,90,1386
1859,ShippingServiceAPI,456,566,110,737
1859,NotificationAPI,569,680,111,962
1860,UserAuthAPI,1,112,111,1495
1860,ProductCatalogAPI,113,174,61,851
1860,InventoryCheckAPI,176,221,45,1033
1860,FraudDetectionAPI,223,274,51,1294
1860,PaymentGatewayAPI,275,388,113,724
1860,ShippingServiceAPI,390,489,99,1639
1860,NotificationAPI,484,548,64,997
1861,UserAuthAPI,1,63,62,1908
1861,ProductCatalogAPI,58,124,66,807
1861,InventoryCheckAPI,128,188,60,1404
1861,FraudDetectionAPI,191,278,87,1116
1861,PaymentGatewayAPI,279,389,110,1265
1861,ShippingServiceAPI,390,431,41,1471
1861,NotificationAPI,432,514,82,1925
1862,UserAuthAPI,1,46,45,751
1862,ProductCatalogAPI,47,113,66,706
1862,InventoryCheckAPI,114,172,58,1318
1862,FraudDetectionAPI,174,233,59,947
1862,PaymentGatewayAPI,235,312,77,564
1862,ShippingServiceAPI,315,359,44,1134
1862,NotificationAPI,361,420,59,1179
1863,UserAuthAPI,1,119,118,505
1863,ProductCatalogAPI,120,233,113,1972
1863,InventoryCheckAPI,235,302,67,777
1863,FraudDetectionAPI,297,416,119,1292
1863,PaymentGatewayAPI,418,489,71,1668
1863,ShippingServiceAPI,491,560,69,1070
1863,NotificationAPI,562,624,62,1606
1864,UserAuthAPI,1,41,40,1743
1864,ProductCatalogAPI,42,131,89,819
1864,InventoryCheckAPI,135,249,114,1048
1864,FraudDetectionAPI,251,297,46,1357
1864,PaymentGatewayAPI,300,357,57,1040
1864,ShippingServiceAPI,352,451,99,1339
1864,NotificationAPI,453,550,97,1956
1865,UserAuthAPI,1,120,119,1448
1865,ProductCatalogAPI,121,200,79,1604
1865,InventoryCheckAPI,204,308,104,896
1865,FraudDetectionAPI,310,375,65,1727
1865,PaymentGatewayAPI,377,421,44,757
1865,ShippingServiceAPI,423,527,104,1600
1865,NotificationAPI,528,623,95,961
1866,UserAuthAPI,1,78,77,1881
1866,ProductCatalogAPI,79,159,80,626
1866,InventoryCheckAPI,161,252,91,1908
1866,FraudDetectionAPI,253,310,57,526
1866,PaymentGatewayAPI,313,428,115,1949
1866,ShippingServiceAPI,430,549,119,1745
1866,NotificationAPI,550,613,63,1735
1867,UserAuthAPI,1,56,55,1905
1867,ProductCatalogAPI,51,132,81,641
1867,InventoryCheckAPI,127,181,54,1531
1867,FraudDetectionAPI,182,274,92,636
1867,PaymentGatewayAPI,275,321,46,754
1867,ShippingServiceAPI,322,436,114,723
1867,NotificationAPI,438,483,45,1686
1868,UserAuthAPI,1,64,63,572
1868,ProductCatalogAPI,65,182,117,1446
1868,InventoryCheckAPI,185,251,66,1377
1868,FraudDetectionAPI,252,361,109,1950
1868,PaymentGatewayAPI,362,453,91,873
1868,ShippingServiceAPI,455,534,79,1079
1868,NotificationAPI,537,633,96,685
1869,UserAuthAPI,1,92,91,733
1869,ProductCatalogAPI,94,138,44,1142
1869,InventoryCheckAPI,140,181,41,1260
1869,FraudDetectionAPI,183,268,85,849
1869,PaymentGatewayAPI,272,352,80,1720
1869,ShippingServiceAPI,356,405,49,724
1869,NotificationAPI,408,477,69,1854
1870,UserAuthAPI,1,105,104,1668
1870,ProductCatalogAPI,108,224,116,1191
1870,InventoryCheckAPI,226,270,44,1793
1870,FraudDetectionAPI,265,316,51,1569
1870,PaymentGatewayAPI,311,422,111,1966
1870,ShippingServiceAPI,424,489,65,784
1870,NotificationAPI,490,554,64,1435
1871,UserAuthAPI,1,115,114,1560
1871,ProductCatalogAPI,117,194,77,1968
1871,InventoryCheckAPI,195,261,66,1732
1871,FraudDetectionAPI,263,311,48,1710
1871,PaymentGatewayAPI,312,381,69,1286
1871,ShippingServiceAPI,376,421,45,1390
1871,NotificationAPI,422,483,61,1163
1872,UserAuthAPI,1,62,61,709
1872,ProductCatalogAPI,63,115,52,1131
1872,InventoryCheckAPI,110,173,63,1136
1872,FraudDetectionAPI,175,231,56,1539
1872,PaymentGatewayAPI,235,275,40,1291
1872,ShippingServiceAPI,270,311,41,1666
1872,NotificationAPI,315,416,101,1024
1873,UserAuthAPI,1,85,84,546
1873,ProductCatalogAPI,86,128,42,1115
1873,InventoryCheckAPI,132,176,44,1359
1873,FraudDetectionAPI,171,265,94,1673
1873,PaymentGatewayAPI,260,328,68,903
1873,ShippingServiceAPI,330,439,109,1132
1873,NotificationAPI,441,514,73,707
1874,UserAuthAPI,1,115,114,1830
1874,ProductCatalogAPI,119,216,97,1621
1874,InventoryCheckAPI,217,262,45,1495
1874,FraudDetectionAPI,264,375,111,1149
1874,PaymentGatewayAPI,378,473,95,838
1874,ShippingServiceAPI,474,558,84,1610
1874,NotificationAPI,553,656,103,1155
1875,UserAuthAPI,1,61,60,1487
1875,ProductCatalogAPI,63,115,52,753
1875,InventoryCheckAPI,116,165,49,917
1875,FraudDetectionAPI,168,256,88,1273
1875,PaymentGatewayAPI,260,376,116,1391
1875,ShippingServiceAPI,378,496,118,1795
1875,NotificationAPI,500,586,86,717
1876,UserAuthAPI,1,110,109,1712
1876,ProductCatalogAPI,112,153,41,1511
1876,InventoryCheckAPI,155,197,42,1874
1876,FraudDetectionAPI,201,290,89,765
1876,PaymentGatewayAPI,293,354,61,502
1876,ShippingServiceAPI,355,437,82,503
1876,NotificationAPI,441,496,55,1002
1877,UserAuthAPI,1,112,111,587
1877,ProductCatalogAPI,115,220,105,938
1877,InventoryCheckAPI,221,317,96,625
1877,FraudDetectionAPI,318,434,116,1348
1877,PaymentGatewayAPI,435,502,67,1423
1877,ShippingServiceAPI,505,557,52,1529
1877,NotificationAPI,558,606,48,1588
1878,UserAuthAPI,1,99,98,714
1878,ProductCatalogAPI,101,150,49,904
1878,InventoryCheckAPI,151,205,54,1220
1878,FraudDetectionAPI,208,262,54,596
1878,PaymentGatewayAPI,265,310,45,1167
1878,ShippingServiceAPI,313,400,87,690
1878,NotificationAPI,402,517,115,1801
1879,UserAuthAPI,1,119,118,940
1879,ProductCatalogAPI,121,182,61,1695
1879,InventoryCheckAPI,186,253,67,1752
1879,FraudDetectionAPI,248,288,40,1173
1879,PaymentGatewayAPI,290,390,100,1809
1879,ShippingServiceAPI,385,492,107,703
1879,NotificationAPI,494,598,104,1816
1880,UserAuthAPI,1,55,54,1280
1880,ProductCatalogAPI,57,141,84,759
1880,InventoryCheckAPI,142,229,87,1215
1880,FraudDetectionAPI,231,340,109,1482
1880,PaymentGatewayAPI,344,452,108,970
1880,ShippingServiceAPI,453,552,99,1617
1880,NotificationAPI,554,597,43,576
1881,UserAuthAPI,1,79,78,650
1881,ProductCatalogAPI,80,154,74,1709
1881,InventoryCheckAPI,157,244,87,1658
1881,FraudDetectionAPI,246,298,52,936
1881,PaymentGatewayAPI,300,378,78,839
1881,ShippingServiceAPI,382,439,57,1417
1881,NotificationAPI,440,532,92,1495
1882,UserAuthAPI,1,102,101,912
1882,ProductCatalogAPI,103,218,115,591
1882,InventoryCheckAPI,220,308,88,1408
1882,FraudDetectionAPI,311,415,104,596
1882,PaymentGatewayAPI,418,515,97,1789
1882,ShippingServiceAPI,516,626,110,1328
1882,NotificationAPI,627,671,44,534
1883,UserAuthAPI,1,67,66,805
1883,ProductCatalogAPI,68,138,70,1080
1883,InventoryCheckAPI,139,249,110,692
1883,FraudDetectionAPI,244,285,41,1309
1883,PaymentGatewayAPI,287,371,84,995
1883,ShippingServiceAPI,372,461,89,722
1883,NotificationAPI,464,527,63,1861
1884,UserAuthAPI,1,72,71,1016
1884,ProductCatalogAPI,75,139,64,933
1884,InventoryCheckAPI,142,256,114,1278
1884,FraudDetectionAPI,257,364,107,1669
1884,PaymentGatewayAPI,365,432,67,1161
1884,ShippingServiceAPI,435,477,42,1338
1884,NotificationAPI,481,540,59,1722
1885,UserAuthAPI,1,66,65,1142
1885,ProductCatalogAPI,68,160,92,1447
1885,InventoryCheckAPI,164,263,99,714
1885,FraudDetectionAPI,266,369,103,987
1885,PaymentGatewayAPI,371,479,108,660
1885,ShippingServiceAPI,481,591,110,1634
1885,NotificationAPI,595,667,72,528
1886,UserAuthAPI,1,79,78,684
1886,ProductCatalogAPI,80,183,103,1077
1886,InventoryCheckAPI,178,226,48,1808
1886,FraudDetectionAPI,228,295,67,609
1886,PaymentGatewayAPI,297,375,78,1087
1886,ShippingServiceAPI,377,470,93,1913
1886,NotificationAPI,471,533,62,1640
1887,UserAuthAPI,1,82,81,1177
1887,ProductCatalogAPI,84,170,86,999
1887,InventoryCheckAPI,173,233,60,1391
1887,FraudDetectionAPI,234,327,93,1746
1887,PaymentGatewayAPI,331,430,99,669
1887,ShippingServiceAPI,434,526,92,1439
1887,NotificationAPI,528,614,86,589
1888,UserAuthAPI,1,100,99,1428
1888,ProductCatalogAPI,101,153,52,1409
1888,InventoryCheckAPI,156,235,79,1332
1888,FraudDetectionAPI,236,320,84,1368
1888,PaymentGatewayAPI,322,400,78,1407
1888,ShippingServiceAPI,403,456,53,665
1888,NotificationAPI,457,557,100,942
1889,UserAuthAPI,1,119,118,1635
1889,ProductCatalogAPI,121,227,106,638
1889,InventoryCheckAPI,228,305,77,1937
1889,FraudDetectionAPI,306,383,77,1381
1889,PaymentGatewayAPI,384,483,99,1542
1889,ShippingServiceAPI,484,582,98,1111
1889,NotificationAPI,585,641,56,1603
1890,UserAuthAPI,1,112,111,1040
1890,ProductCatalogAPI,113,218,105,1130
1890,InventoryCheckAPI,221,323,102,1354
1890,FraudDetectionAPI,327,382,55,1374
1890,PaymentGatewayAPI,385,430,45,1392
1890,ShippingServiceAPI,433,536,103,934
1890,NotificationAPI,539,641,102,1739
1891,UserAuthAPI,1,73,72,1781
1891,ProductCatalogAPI,74,172,98,1532
1891,InventoryCheckAPI,175,224,49,1361
1891,FraudDetectionAPI,225,330,105,1927
1891,PaymentGatewayAPI,333,376,43,827
1891,ShippingServiceAPI,377,451,74,629
1891,NotificationAPI,455,569,114,983
1892,UserAuthAPI,1,41,40,753
1892,ProductCatalogAPI,43,121,78,1295
1892,InventoryCheckAPI,122,185,63,1861
1892,FraudDetectionAPI,186,298,112,1099
1892,PaymentGatewayAPI,300,345,45,1454
1892,ShippingServiceAPI,346,448,102,829
1892,NotificationAPI,449,517,68,1787
1893,UserAuthAPI,1,75,74,710
1893,ProductCatalogAPI,76,195,119,1218
1893,InventoryCheckAPI,198,258,60,593
1893,FraudDetectionAPI,262,342,80,1820
1893,PaymentGatewayAPI,344,387,43,597
1893,ShippingServiceAPI,389,495,106,1340
1893,NotificationAPI,497,603,106,1998
1894,UserAuthAPI,1,44,43,1847
1894,ProductCatalogAPI,46,96,50,1055
1894,InventoryCheckAPI,97,206,109,1514
1894,FraudDetectionAPI,209,280,71,1313
1894,PaymentGatewayAPI,283,359,76,1137
1894,ShippingServiceAPI,360,474,114,1893
1894,NotificationAPI,469,551,82,1355
1895,UserAuthAPI,1,42,41,1616
1895,ProductCatalogAPI,43,154,111,1373
1895,InventoryCheckAPI,155,237,82,1898
1895,FraudDetectionAPI,241,347,106,743
1895,PaymentGatewayAPI,350,449,99,768
1895,ShippingServiceAPI,452,549,97,619
1895,NotificationAPI,551,618,67,1643
1896,UserAuthAPI,1,117,116,1877
1896,ProductCatalogAPI,121,161,40,576
1896,InventoryCheckAPI,164,263,99,1080
1896,FraudDetectionAPI,266,367,101,685
1896,PaymentGatewayAPI,369,411,42,661
1896,ShippingServiceAPI,413,489,76,695
1896,NotificationAPI,493,590,97,907
1897,UserAuthAPI,1,64,63,1036
1897,ProductCatalogAPI,67,165,98,1686
1897,InventoryCheckAPI,167,238,71,600
1897,FraudDetectionAPI,240,330,90,783
1897,PaymentGatewayAPI,334,381,47,1820
1897,ShippingServiceAPI,383,476,93,987
1897,NotificationAPI,477,548,71,1149
1898,UserAuthAPI,1,103,102,694
1898,ProductCatalogAPI,98,186,88,1057
1898,InventoryCheckAPI,189,262,73,600
1898,FraudDetectionAPI,257,362,105,657
1898,PaymentGatewayAPI,365,427,62,1532
1898,ShippingServiceAPI,428,468,40,1323
1898,NotificationAPI,469,526,57,1491
1899,UserAuthAPI,1,115,114,1588
1899,ProductCatalogAPI,116,185,69,1189
1899,InventoryCheckAPI,187,286,99,704
1899,FraudDetectionAPI,287,354,67,672
1899,PaymentGatewayAPI,355,456,101,1896
1899,ShippingServiceAPI,457,573,116,585
1899,NotificationAPI,575,621,46,794
1900,UserAuthAPI,1,47,46,1025
1900,ProductCatalogAPI,48,126,78,1251
1900,InventoryCheckAPI,128,179,51,1137
1900,FraudDetectionAPI,181,242,61,1541
1900,PaymentGatewayAPI,244,301,57,792
1900,ShippingServiceAPI,302,421,119,1609
1900,NotificationAPI,423,513,90,583
1901,UserAuthAPI,1,117,116,679
1901,ProductCatalogAPI,120,200,80,925
1901,InventoryCheckAPI,201,262,61,538
1901,FraudDetectionAPI,263,335,72,540
1901,PaymentGatewayAPI,337,423,86,684
1901,ShippingServiceAPI,424,525,101,841
1901,NotificationAPI,526,637,111,652
1902,UserAuthAPI,1,80,79,731
1902,ProductCatalogAPI,82,169,87,1050
1902,InventoryCheckAPI,172,228,56,748
1902,FraudDetectionAPI,232,289,57,1425
1902,PaymentGatewayAPI,291,337,46,1597
1902,ShippingServiceAPI,339,396,57,1442
1902,NotificationAPI,398,457,59,1554
1903,UserAuthAPI,1,42,41,677
1903,ProductCatalogAPI,46,118,72,1187
1903,InventoryCheckAPI,121,202,81,1479
1903,FraudDetectionAPI,203,277,74,796
1903,PaymentGatewayAPI,278,330,52,1562
1903,ShippingServiceAPI,331,436,105,1127
1903,NotificationAPI,438,513,75,1152
1904,UserAuthAPI,1,113,112,1366
1904,ProductCatalogAPI,117,200,83,673
1904,InventoryCheckAPI,195,303,108,1136
1904,FraudDetectionAPI,305,411,106,1027
1904,PaymentGatewayAPI,415,478,63,789
1904,ShippingServiceAPI,473,560,87,1130
1904,NotificationAPI,561,638,77,885
1905,UserAuthAPI,1,93,92,549
1905,ProductCatalogAPI,97,191,94,1629
1905,InventoryCheckAPI,193,248,55,1849
1905,FraudDetectionAPI,251,306,55,1807
1905,PaymentGatewayAPI,308,373,65,1353
1905,ShippingServiceAPI,375,415,40,1336
1905,NotificationAPI,416,498,82,1116
1906,UserAuthAPI,1,106,105,1708
1906,ProductCatalogAPI,101,167,66,1392
1906,InventoryCheckAPI,169,221,52,645
1906,FraudDetectionAPI,223,268,45,1649
1906,PaymentGatewayAPI,270,314,44,1966
1906,ShippingServiceAPI,317,429,112,1960
1906,NotificationAPI,431,543,112,1613
1907,UserAuthAPI,1,103,102,1103
1907,ProductCatalogAPI,107,150,43,1169
1907,InventoryCheckAPI,152,209,57,721
1907,FraudDetectionAPI,212,295,83,679
1907,PaymentGatewayAPI,297,366,69,1191
1907,ShippingServiceAPI,367,418,51,1284
1907,NotificationAPI,413,456,43,853
1908,UserAuthAPI,1,53,52,1965
1908,ProductCatalogAPI,56,145,89,1590
1908,InventoryCheckAPI,148,238,90,1130
1908,FraudDetectionAPI,239,296,57,1756
1908,PaymentGatewayAPI,298,378,80,1324
1908,ShippingServiceAPI,382,469,87,1803
1908,NotificationAPI,471,555,84,571
1909,UserAuthAPI,1,113,112,1849
1909,ProductCatalogAPI,114,198,84,762
1909,InventoryCheckAPI,201,310,109,792
1909,FraudDetectionAPI,313,431,118,671
1909,PaymentGatewayAPI,432,482,50,1779
1909,ShippingServiceAPI,484,531,47,1016
1909,NotificationAPI,533,628,95,1893
1910,UserAuthAPI,1,81,80,1149
1910,ProductCatalogAPI,82,184,102,843
1910,InventoryCheckAPI,185,296,111,1946
1910,FraudDetectionAPI,299,364,65,1917
1910,PaymentGatewayAPI,367,460,93,1170
1910,ShippingServiceAPI,463,527,64,736
1910,NotificationAPI,531,620,89,907
1911,UserAuthAPI,1,90,89,1250
1911,ProductCatalogAPI,92,148,56,1808
1911,InventoryCheckAPI,150,269,119,1959
1911,FraudDetectionAPI,264,336,72,1509
1911,PaymentGatewayAPI,339,409,70,1126
1911,ShippingServiceAPI,412,481,69,1568
1911,NotificationAPI,476,553,77,1376
1912,UserAuthAPI,1,69,68,663
1912,ProductCatalogAPI,70,112,42,1195
1912,InventoryCheckAPI,114,209,95,1325
1912,FraudDetectionAPI,210,260,50,1522
1912,PaymentGatewayAPI,255,297,42,1196
1912,ShippingServiceAPI,299,357,58,879
1912,NotificationAPI,359,434,75,1683
1913,UserAuthAPI,1,105,104,1909
1913,ProductCatalogAPI,106,190,84,1748
1913,InventoryCheckAPI,191,270,79,1669
1913,FraudDetectionAPI,271,322,51,1236
1913,PaymentGatewayAPI,325,443,118,670
1913,ShippingServiceAPI,444,530,86,928
1913,NotificationAPI,531,579,48,1789
1914,UserAuthAPI,1,97,96,1249
1914,ProductCatalogAPI,98,147,49,1485
1914,InventoryCheckAPI,149,238,89,748
1914,FraudDetectionAPI,239,283,44,1680
1914,PaymentGatewayAPI,278,322,44,1327
1914,ShippingServiceAPI,323,390,67,1350
1914,NotificationAPI,394,434,40,1040
1915,UserAuthAPI,1,72,71,1409
1915,ProductCatalogAPI,75,123,48,1990
1915,InventoryCheckAPI,118,208,90,1911
1915,FraudDetectionAPI,203,259,56,1698
1915,PaymentGatewayAPI,262,302,40,1013
1915,ShippingServiceAPI,303,369,66,1920
1915,NotificationAPI,373,426,53,1616
1916,UserAuthAPI,1,66,65,1306
1916,ProductCatalogAPI,70,126,56,1944
1916,InventoryCheckAPI,127,193,66,1007
1916,FraudDetectionAPI,194,301,107,1186
1916,PaymentGatewayAPI,296,369,73,517
1916,ShippingServiceAPI,370,479,109,1685
1916,NotificationAPI,480,591,111,1394
1917,UserAuthAPI,1,83,82,581
1917,ProductCatalogAPI,78,186,108,1722
1917,InventoryCheckAPI,189,271,82,1984
1917,FraudDetectionAPI,273,328,55,1025
1917,PaymentGatewayAPI,329,380,51,1876
1917,ShippingServiceAPI,375,454,79,1280
1917,NotificationAPI,455,568,113,686
1918,UserAuthAPI,1,113,112,1252
1918,ProductCatalogAPI,116,231,115,1278
1918,InventoryCheckAPI,235,310,75,1917
1918,FraudDetectionAPI,311,351,40,562
1918,PaymentGatewayAPI,355,472,117,1815
1918,ShippingServiceAPI,473,570,97,1161
1918,NotificationAPI,572,624,52,1458
1919,UserAuthAPI,1,103,102,510
1919,ProductCatalogAPI,98,205,107,701
1919,InventoryCheckAPI,207,300,93,1450
1919,FraudDetectionAPI,302,396,94,842
1919,PaymentGatewayAPI,398,504,106,820
1919,ShippingServiceAPI,507,605,98,1721
1919,NotificationAPI,607,657,50,1345
1920,UserAuthAPI,1,79,78,681
1920,ProductCatalogAPI,80,177,97,1128
1920,InventoryCheckAPI,178,221,43,1075
1920,FraudDetectionAPI,216,286,70,1525
1920,PaymentGatewayAPI,290,370,80,1583
1920,ShippingServiceAPI,365,450,85,539
1920,NotificationAPI,454,535,81,1416
1921,UserAuthAPI,1,106,105,894
1921,ProductCatalogAPI,101,161,60,1911
1921,InventoryCheckAPI,162,244,82,930
1921,FraudDetectionAPI,247,307,60,693
1921,PaymentGatewayAPI,308,362,54,717
1921,ShippingServiceAPI,363,461,98,1869
1921,NotificationAPI,462,536,74,1747
1922,UserAuthAPI,1,104,103,576
1922,ProductCatalogAPI,107,226,119,1682
1922,InventoryCheckAPI,229,313,84,883
1922,FraudDetectionAPI,314,419,105,741
1922,PaymentGatewayAPI,422,493,71,898
1922,ShippingServiceAPI,488,568,80,626
1922,NotificationAPI,570,658,88,746
1923,UserAuthAPI,1,96,95,533
1923,ProductCatalogAPI,97,176,79,1739
1923,InventoryCheckAPI,178,231,53,1434
1923,FraudDetectionAPI,233,313,80,1613
1923,PaymentGatewayAPI,315,376,61,1790
1923,ShippingServiceAPI,371,421,50,1575
1923,NotificationAPI,422,536,114,1403
1924,UserAuthAPI,1,114,113,505
1924,ProductCatalogAPI,116,226,110,512
1924,InventoryCheckAPI,229,295,66,1644
1924,FraudDetectionAPI,290,355,65,503
1924,PaymentGatewayAPI,359,426,67,1221
1924,ShippingServiceAPI,429,521,92,1805
1924,NotificationAPI,516,585,69,873
1925,UserAuthAPI,1,102,101,1510
1925,ProductCatalogAPI,104,153,49,1224
1925,InventoryCheckAPI,148,191,43,1280
1925,FraudDetectionAPI,192,311,119,1201
1925,PaymentGatewayAPI,314,409,95,1563
1925,ShippingServiceAPI,404,505,101,726
1925,NotificationAPI,508,553,45,1808
1926,UserAuthAPI,1,55,54,1068
1926,ProductCatalogAPI,58,148,90,1994
1926,InventoryCheckAPI,150,191,41,531
1926,FraudDetectionAPI,194,237,43,1292
1926,PaymentGatewayAPI,238,286,48,714
1926,ShippingServiceAPI,288,353,65,1029
1926,NotificationAPI,357,398,41,1012
1927,UserAuthAPI,1,103,102,1886
1927,ProductCatalogAPI,98,200,102,1037
1927,InventoryCheckAPI,204,269,65,1744
1927,FraudDetectionAPI,264,304,40,1806
1927,PaymentGatewayAPI,306,348,42,944
1927,ShippingServiceAPI,351,464,113,1265
1927,NotificationAPI,465,522,57,1625
1928,UserAuthAPI,1,108,107,1883
1928,ProductCatalogAPI,110,153,43,564
1928,InventoryCheckAPI,148,242,94,1414
1928,FraudDetectionAPI,246,343,97,1937
1928,PaymentGatewayAPI,344,452,108,819
1928,ShippingServiceAPI,453,559,106,1395
1928,NotificationAPI,561,674,113,1802
1929,UserAuthAPI,1,85,84,1748
1929,ProductCatalogAPI,87,198,111,740
1929,InventoryCheckAPI,199,295,96,1659
1929,FraudDetectionAPI,296,397,101,832
1929,PaymentGatewayAPI,400,480,80,599
1929,ShippingServiceAPI,483,534,51,1219
1929,NotificationAPI,536,653,117,1181
1930,UserAuthAPI,1,99,98,1190
1930,ProductCatalogAPI,100,148,48,993
1930,InventoryCheckAPI,143,185,42,1641
1930,FraudDetectionAPI,187,285,98,1041
1930,PaymentGatewayAPI,286,359,73,1902
1930,ShippingServiceAPI,360,436,76,716
1930,NotificationAPI,439,540,101,1633
1931,UserAuthAPI,1,42,41,1068
1931,ProductCatalogAPI,44,132,88,1196
1931,InventoryCheckAPI,134,243,109,988
1931,FraudDetectionAPI,244,337,93,1003
1931,PaymentGatewayAPI,332,405,73,1739
1931,ShippingServiceAPI,406,506,100,1349
1931,NotificationAPI,510,582,72,1898
1932,UserAuthAPI,1,87,86,1765
1932,ProductCatalogAPI,89,133,44,786
1932,InventoryCheckAPI,135,245,110,1126
1932,FraudDetectionAPI,248,339,91,711
1932,PaymentGatewayAPI,342,386,44,776
1932,ShippingServiceAPI,387,443,56,1883
1932,NotificationAPI,438,485,47,1264
1933,UserAuthAPI,1,69,68,1094
1933,ProductCatalogAPI,70,143,73,1003
1933,InventoryCheckAPI,146,216,70,993
1933,FraudDetectionAPI,219,267,48,1613
1933,PaymentGatewayAPI,271,364,93,1780
1933,ShippingServiceAPI,365,477,112,1938
1933,NotificationAPI,478,562,84,1508
1934,UserAuthAPI,1,113,112,1882
1934,ProductCatalogAPI,116,197,81,1678
1934,InventoryCheckAPI,198,310,112,1429
1934,FraudDetectionAPI,312,417,105,866
1934,PaymentGatewayAPI,419,492,73,1594
1934,ShippingServiceAPI,495,545,50,848
1934,NotificationAPI,547,666,119,1946
1935,UserAuthAPI,1,51,50,1592
1935,ProductCatalogAPI,54,128,74,1102
1935,InventoryCheckAPI,129,246,117,804
1935,FraudDetectionAPI,241,321,80,864
1935,PaymentGatewayAPI,324,373,49,583
1935,ShippingServiceAPI,368,430,62,1185
1935,NotificationAPI,425,477,52,573
1936,UserAuthAPI,1,52,51,1328
1936,ProductCatalogAPI,53,118,65,934
1936,InventoryCheckAPI,122,233,111,989
1936,FraudDetectionAPI,236,314,78,967
1936,PaymentGatewayAPI,315,365,50,1755
1936,ShippingServiceAPI,368,487,119,1501
1936,NotificationAPI,489,538,49,1996
1937,UserAuthAPI,1,44,43,966
1937,ProductCatalogAPI,45,98,53,786
1937,InventoryCheckAPI,100,148,48,1215
1937,FraudDetectionAPI,151,216,65,629
1937,PaymentGatewayAPI,218,263,45,1450
1937,ShippingServiceAPI,265,381,116,1706
1937,NotificationAPI,383,496,113,1912
1938,UserAuthAPI,1,52,51,1417
1938,ProductCatalogAPI,55,133,78,1793
1938,InventoryCheckAPI,134,221,87,563
1938,FraudDetectionAPI,224,335,111,1514
1938,PaymentGatewayAPI,337,444,107,1288
1938,ShippingServiceAPI,448,566,118,1361
1938,NotificationAPI,568,619,51,1204
1939,UserAuthAPI,1,79,78,1843
1939,ProductCatalogAPI,82,193,111,1986
1939,InventoryCheckAPI,195,239,44,735
1939,FraudDetectionAPI,243,355,112,1000
1939,PaymentGatewayAPI,357,459,102,1328
1939,ShippingServiceAPI,460,532,72,521
1939,NotificationAPI,535,632,97,1061
1940,UserAuthAPI,1,86,85,1567
1940,ProductCatalogAPI,87,165,78,1965
1940,InventoryCheckAPI,167,215,48,1488
1940,FraudDetectionAPI,218,293,75,1351
1940,PaymentGatewayAPI,295,405,110,1006
1940,ShippingServiceAPI,408,505,97,1207
1940,NotificationAPI,507,560,53,780
1941,UserAuthAPI,1,84,83,801
1941,ProductCatalogAPI,85,143,58,1407
1941,InventoryCheckAPI,144,231,87,1172
1941,FraudDetectionAPI,233,278,45,878
1941,PaymentGatewayAPI,273,355,82,1774
1941,ShippingServiceAPI,356,441,85,1807
1941,NotificationAPI,436,486,50,1098
1942,UserAuthAPI,1,76,75,735
1942,ProductCatalogAPI,78,185,107,587
1942,InventoryCheckAPI,188,255,67,1050
1942,FraudDetectionAPI,259,303,44,1152
1942,PaymentGatewayAPI,307,403,96,782
1942,ShippingServiceAPI,404,493,89,1093
1942,NotificationAPI,488,592,104,1952
1943,UserAuthAPI,1,113,112,635
1943,ProductCatalogAPI,115,202,87,1111
1943,InventoryCheckAPI,203,253,50,1319
1943,FraudDetectionAPI,254,329,75,978
1943,PaymentGatewayAPI,333,393,60,595
1943,ShippingServiceAPI,394,463,69,1083
1943,NotificationAPI,464,567,103,742
1944,UserAuthAPI,1,79,78,852
1944,ProductCatalogAPI,74,118,44,639
1944,InventoryCheckAPI,120,162,42,816
1944,FraudDetectionAPI,166,280,114,1397
1944,PaymentGatewayAPI,275,343,68,1623
1944,ShippingServiceAPI,345,394,49,1500
1944,NotificationAPI,398,503,105,593
1945,UserAuthAPI,1,105,104,782
1945,ProductCatalogAPI,100,197,97,524
1945,InventoryCheckAPI,200,247,47,996
1945,FraudDetectionAPI,249,356,107,1199
1945,PaymentGatewayAPI,357,412,55,884
1945,ShippingServiceAPI,413,497,84,1586
1945,NotificationAPI,499,574,75,876
1946,UserAuthAPI,1,118,117,507
1946,ProductCatalogAPI,119,185,66,789
1946,InventoryCheckAPI,187,243,56,966
1946,FraudDetectionAPI,245,339,94,702
1946,PaymentGatewayAPI,341,437,96,800
1946,ShippingServiceAPI,439,509,70,937
1946,NotificationAPI,511,552,41,1626
1947,UserAuthAPI,1,76,75,1142
1947,ProductCatalogAPI,78,150,72,1369
1947,InventoryCheckAPI,151,249,98,1348
1947,FraudDetectionAPI,251,345,94,1167
1947,PaymentGatewayAPI,348,459,111,988
1947,ShippingServiceAPI,454,500,46,1737
1947,NotificationAPI,503,576,73,1253
1948,UserAuthAPI,1,107,106,1701
1948,ProductCatalogAPI,108,219,111,1081
1948,InventoryCheckAPI,214,319,105,1581
1948,FraudDetectionAPI,323,413,90,1544
1948,PaymentGatewayAPI,417,503,86,1385
1948,ShippingServiceAPI,498,568,70,1794
1948,NotificationAPI,571,680,109,886
1949,UserAuthAPI,1,98,97,1974
1949,ProductCatalogAPI,100,183,83,1906
1949,InventoryCheckAPI,186,286,100,1284
1949,FraudDetectionAPI,288,363,75,1762
1949,PaymentGatewayAPI,366,485,119,1221
1949,ShippingServiceAPI,486,541,55,1929
1949,NotificationAPI,543,638,95,755
1950,UserAuthAPI,1,68,67,1668
1950,ProductCatalogAPI,70,159,89,859
1950,InventoryCheckAPI,161,262,101,795
1950,FraudDetectionAPI,263,327,64,840
1950,PaymentGatewayAPI,328,398,70,1698
1950,ShippingServiceAPI,399,479,80,1674
1950,NotificationAPI,480,541,61,1539
1951,UserAuthAPI,1,91,90,1657
1951,ProductCatalogAPI,92,173,81,1896
1951,InventoryCheckAPI,176,267,91,1902
1951,FraudDetectionAPI,269,364,95,1078
1951,PaymentGatewayAPI,366,440,74,1147
1951,ShippingServiceAPI,442,513,71,720
1951,NotificationAPI,517,623,106,1625
1952,UserAuthAPI,1,43,42,1836
1952,ProductCatalogAPI,46,105,59,1722
1952,InventoryCheckAPI,107,147,40,829
1952,FraudDetectionAPI,149,192,43,1850
1952,PaymentGatewayAPI,193,261,68,730
1952,ShippingServiceAPI,262,359,97,1377
1952,NotificationAPI,361,418,57,1117
1953,UserAuthAPI,1,62,61,1578
1953,ProductCatalogAPI,64,144,80,872
1953,InventoryCheckAPI,148,195,47,1332
1953,FraudDetectionAPI,199,308,109,980
1953,PaymentGatewayAPI,310,407,97,616
1953,ShippingServiceAPI,409,471,62,1403
1953,NotificationAPI,472,573,101,996
1954,UserAuthAPI,1,59,58,984
1954,ProductCatalogAPI,61,168,107,760
1954,InventoryCheckAPI,169,209,40,1125
1954,FraudDetectionAPI,212,311,99,518
1954,PaymentGatewayAPI,314,423,109,1531
1954,ShippingServiceAPI,425,536,111,1904
1954,NotificationAPI,537,643,106,1152
1955,UserAuthAPI,1,70,69,1056
1955,ProductCatalogAPI,71,132,61,776
1955,InventoryCheckAPI,133,202,69,1547
1955,FraudDetectionAPI,206,271,65,597
1955,PaymentGatewayAPI,266,311,45,932
1955,ShippingServiceAPI,314,390,76,771
1955,NotificationAPI,392,448,56,1996
1956,UserAuthAPI,1,60,59,541
1956,ProductCatalogAPI,61,160,99,650
1956,InventoryCheckAPI,161,277,116,908
1956,FraudDetectionAPI,278,387,109,1090
1956,PaymentGatewayAPI,382,489,107,1345
1956,ShippingServiceAPI,492,560,68,1133
1956,NotificationAPI,561,672,111,609
1957,UserAuthAPI,1,83,82,764
1957,ProductCatalogAPI,85,182,97,1748
1957,InventoryCheckAPI,177,241,64,737
1957,FraudDetectionAPI,242,297,55,1190
1957,PaymentGatewayAPI,300,411,111,1512
1957,ShippingServiceAPI,412,503,91,1206
1957,NotificationAPI,507,560,53,1289
1958,UserAuthAPI,1,71,70,1581
1958,ProductCatalogAPI,72,164,92,584
1958,InventoryCheckAPI,167,273,106,1964
1958,FraudDetectionAPI,268,332,64,1558
1958,PaymentGatewayAPI,333,389,56,1859
1958,ShippingServiceAPI,390,502,112,1398
1958,NotificationAPI,503,556,53,1398
1959,UserAuthAPI,1,61,60,1803
1959,ProductCatalogAPI,56,164,108,1748
1959,InventoryCheckAPI,166,262,96,1414
1959,FraudDetectionAPI,264,342,78,591
1959,PaymentGatewayAPI,345,394,49,1691
1959,ShippingServiceAPI,395,479,84,808
1959,NotificationAPI,482,522,40,1068
1960,UserAuthAPI,1,43,42,1811
1960,ProductCatalogAPI,45,152,107,1437
1960,InventoryCheckAPI,147,198,51,717
1960,FraudDetectionAPI,201,320,119,1914
1960,PaymentGatewayAPI,321,426,105,1300
1960,ShippingServiceAPI,428,494,66,1570
1960,NotificationAPI,496,601,105,1822
1961,UserAuthAPI,1,108,107,1405
1961,ProductCatalogAPI,112,227,115,1717
1961,InventoryCheckAPI,229,286,57,1907
1961,FraudDetectionAPI,288,357,69,995
1961,PaymentGatewayAPI,358,412,54,658
1961,ShippingServiceAPI,413,528,115,893
1961,NotificationAPI,532,626,94,1902
1962,UserAuthAPI,1,114,113,1069
1962,ProductCatalogAPI,116,219,103,1267
1962,InventoryCheckAPI,222,310,88,1705
1962,FraudDetectionAPI,313,354,41,1926
1962,PaymentGatewayAPI,358,465,107,521
1962,ShippingServiceAPI,466,568,102,1133
1962,NotificationAPI,570,645,75,872
1963,UserAuthAPI,1,70,69,1639
1963,ProductCatalogAPI,73,154,81,589
1963,InventoryCheckAPI,155,206,51,1616
1963,FraudDetectionAPI,207,309,102,811
1963,PaymentGatewayAPI,312,412,100,637
1963,ShippingServiceAPI,414,473,59,1807
1963,NotificationAPI,475,522,47,890
1964,UserAuthAPI,1,113,112,991
1964,ProductCatalogAPI,115,164,49,1765
1964,InventoryCheckAPI,168,267,99,903
1964,FraudDetectionAPI,268,336,68,653
1964,PaymentGatewayAPI,337,435,98,1524
1964,ShippingServiceAPI,436,506,70,1305
1964,NotificationAPI,508,594,86,1268
1965,UserAuthAPI,1,90,89,919
1965,ProductCatalogAPI,93,168,75,661
1965,InventoryCheckAPI,169,284,115,609
1965,FraudDetectionAPI,285,403,118,1842
1965,PaymentGatewayAPI,404,453,49,1119
1965,ShippingServiceAPI,454,529,75,1558
1965,NotificationAPI,524,594,70,1697
1966,UserAuthAPI,1,110,109,605
1966,ProductCatalogAPI,112,193,81,1516
1966,InventoryCheckAPI,194,236,42,660
1966,FraudDetectionAPI,238,345,107,1107
1966,PaymentGatewayAPI,346,407,61,946
1966,ShippingServiceAPI,408,451,43,748
1966,NotificationAPI,454,556,102,1318
1967,UserAuthAPI,1,48,47,966
1967,ProductCatalogAPI,49,143,94,1379
1967,InventoryCheckAPI,144,199,55,1448
1967,FraudDetectionAPI,203,287,84,998
1967,PaymentGatewayAPI,291,396,105,791
1967,ShippingServiceAPI,398,490,92,1452
1967,NotificationAPI,493,600,107,1123
1968,UserAuthAPI,1,98,97,744
1968,ProductCatalogAPI,100,198,98,1569
1968,InventoryCheckAPI,201,253,52,1589
1968,FraudDetectionAPI,255,370,115,1092
1968,PaymentGatewayAPI,371,424,53,968
1968,ShippingServiceAPI,425,526,101,1440
1968,NotificationAPI,530,631,101,1857
1969,UserAuthAPI,1,110,109,1815
1969,ProductCatalogAPI,105,204,99,1981
1969,InventoryCheckAPI,206,320,114,599
1969,FraudDetectionAPI,323,415,92,1232
1969,PaymentGatewayAPI,416,465,49,1512
1969,ShippingServiceAPI,467,510,43,1836
1969,NotificationAPI,505,556,51,1554
1970,UserAuthAPI,1,42,41,1908
1970,ProductCatalogAPI,44,88,44,1921
1970,InventoryCheckAPI,91,151,60,1932
1970,FraudDetectionAPI,155,244,89,727
1970,PaymentGatewayAPI,239,295,56,1755
1970,ShippingServiceAPI,296,361,65,658
1970,NotificationAPI,365,440,75,1536
1971,UserAuthAPI,1,120,119,1490
1971,ProductCatalogAPI,122,193,71,1023
1971,InventoryCheckAPI,194,274,80,823
1971,FraudDetectionAPI,277,359,82,1360
1971,PaymentGatewayAPI,360,468,108,1790
1971,ShippingServiceAPI,463,530,67,702
1971,NotificationAPI,525,590,65,1667
1972,UserAuthAPI,1,75,74,552
1972,ProductCatalogAPI,76,137,61,936
1972,InventoryCheckAPI,141,191,50,585
1972,FraudDetectionAPI,192,302,110,1540
1972,PaymentGatewayAPI,304,381,77,1377
1972,ShippingServiceAPI,383,452,69,533
1972,NotificationAPI,453,504,51,732
1973,UserAuthAPI,1,105,104,1991
1973,ProductCatalogAPI,108,166,58,1518
1973,InventoryCheckAPI,161,257,96,558
1973,FraudDetectionAPI,258,351,93,1085
1973,PaymentGatewayAPI,353,440,87,1017
1973,ShippingServiceAPI,442,560,118,1257
1973,NotificationAPI,561,661,100,1808
1974,UserAuthAPI,1,98,97,949
1974,ProductCatalogAPI,100,192,92,764
1974,InventoryCheckAPI,194,272,78,1464
1974,FraudDetectionAPI,273,352,79,1582
1974,PaymentGatewayAPI,353,466,113,510
1974,ShippingServiceAPI,468,512,44,1893
1974,NotificationAPI,513,601,88,934
1975,UserAuthAPI,1,56,55,1018
1975,ProductCatalogAPI,57,140,83,1549
1975,InventoryCheckAPI,144,227,83,767
1975,FraudDetectionAPI,231,293,62,1099
1975,PaymentGatewayAPI,288,357,69,1014
1975,ShippingServiceAPI,360,448,88,1951
1975,NotificationAPI,450,560,110,507
1976,UserAuthAPI,1,77,76,826
1976,ProductCatalogAPI,79,139,60,754
1976,InventoryCheckAPI,141,207,66,1019
1976,FraudDetectionAPI,209,299,90,999
1976,PaymentGatewayAPI,301,391,90,1009
1976,ShippingServiceAPI,393,454,61,1915
1976,NotificationAPI,449,538,89,1570
1977,UserAuthAPI,1,51,50,1928
1977,ProductCatalogAPI,54,172,118,513
1977,InventoryCheckAPI,173,215,42,684
1977,FraudDetectionAPI,218,322,104,1242
1977,PaymentGatewayAPI,323,372,49,1989
1977,ShippingServiceAPI,374,422,48,1474
1977,NotificationAPI,424,482,58,1297
1978,UserAuthAPI,1,87,86,929
1978,ProductCatalogAPI,88,130,42,1937
1978,InventoryCheckAPI,125,182,57,1172
1978,FraudDetectionAPI,185,254,69,576
1978,PaymentGatewayAPI,258,310,52,1053
1978,ShippingServiceAPI,313,426,113,1345
1978,NotificationAPI,427,535,108,1815
1979,UserAuthAPI,1,85,84,811
1979,ProductCatalogAPI,86,169,83,1132
1979,InventoryCheckAPI,170,251,81,914
1979,FraudDetectionAPI,253,296,43,1887
1979,PaymentGatewayAPI,297,364,67,986
1979,ShippingServiceAPI,359,406,47,1665
1979,NotificationAPI,408,449,41,1593
1980,UserAuthAPI,1,56,55,1593
1980,ProductCatalogAPI,57,172,115,1481
1980,InventoryCheckAPI,176,250,74,623
1980,FraudDetectionAPI,253,371,118,1482
1980,PaymentGatewayAPI,372,413,41,1205
1980,ShippingServiceAPI,414,522,108,631
1980,NotificationAPI,523,603,80,1067
1981,UserAuthAPI,1,71,70,1161
1981,ProductCatalogAPI,72,191,119,1395
1981,InventoryCheckAPI,193,273,80,1056
1981,FraudDetectionAPI,275,322,47,606
1981,PaymentGatewayAPI,323,380,57,530
1981,ShippingServiceAPI,375,444,69,523
1981,NotificationAPI,445,532,87,1921
1982,UserAuthAPI,1,62,61,1041
1982,ProductCatalogAPI,64,129,65,855
1982,InventoryCheckAPI,132,246,114,749
1982,FraudDetectionAPI,249,323,74,1847
1982,PaymentGatewayAPI,325,411,86,1791
1982,ShippingServiceAPI,412,469,57,1627
1982,NotificationAPI,471,547,76,1515
1983,UserAuthAPI,1,92,91,1674
1983,ProductCatalogAPI,94,207,113,852
1983,InventoryCheckAPI,210,329,119,959
1983,FraudDetectionAPI,330,387,57,984
1983,PaymentGatewayAPI,389,499,110,1822
1983,ShippingServiceAPI,502,584,82,1395
1983,NotificationAPI,585,656,71,717
1984,UserAuthAPI,1,105,104,1837
1984,ProductCatalogAPI,106,179,73,1101
1984,InventoryCheckAPI,180,275,95,1939
1984,FraudDetectionAPI,276,339,63,1743
1984,PaymentGatewayAPI,341,390,49,853
1984,ShippingServiceAPI,392,481,89,1633
1984,NotificationAPI,484,536,52,1326
1985,UserAuthAPI,1,98,97,775
1985,ProductCatalogAPI,102,151,49,909
1985,InventoryCheckAPI,153,253,100,1129
1985,FraudDetectionAPI,254,337,83,987
1985,PaymentGatewayAPI,338,449,111,1155
1985,ShippingServiceAPI,451,567,116,525
1985,NotificationAPI,570,675,105,602
1986,UserAuthAPI,1,44,43,1244
1986,ProductCatalogAPI,46,88,42,842
1986,InventoryCheckAPI,89,202,113,799
1986,FraudDetectionAPI,204,321,117,1415
1986,PaymentGatewayAPI,324,386,62,1839
1986,ShippingServiceAPI,388,474,86,1403
1986,NotificationAPI,477,539,62,604
1987,UserAuthAPI,1,67,66,1110
1987,ProductCatalogAPI,68,115,47,1406
1987,InventoryCheckAPI,116,183,67,670
1987,FraudDetectionAPI,186,274,88,688
1987,PaymentGatewayAPI,276,318,42,1276
1987,ShippingServiceAPI,321,362,41,522
1987,NotificationAPI,357,421,64,1934
1988,UserAuthAPI,1,76,75,911
1988,ProductCatalogAPI,79,147,68,744
1988,InventoryCheckAPI,142,239,97,1583
1988,FraudDetectionAPI,240,290,50,1891
1988,PaymentGatewayAPI,291,410,119,677
1988,ShippingServiceAPI,413,479,66,1639
1988,NotificationAPI,480,560,80,1431
1989,UserAuthAPI,1,70,69,812
1989,ProductCatalogAPI,71,113,42,547
1989,InventoryCheckAPI,115,198,83,1498
1989,FraudDetectionAPI,193,283,90,585
1989,PaymentGatewayAPI,286,386,100,923
1989,ShippingServiceAPI,388,451,63,1974
1989,NotificationAPI,453,532,79,1714
1990,UserAuthAPI,1,60,59,1506
1990,ProductCatalogAPI,61,158,97,1426
1990,InventoryCheckAPI,161,204,43,1453
1990,FraudDetectionAPI,205,280,75,1194
1990,PaymentGatewayAPI,282,364,82,1116
1990,ShippingServiceAPI,368,419,51,561
1990,NotificationAPI,423,509,86,1963
1991,UserAuthAPI,1,74,73,1040
1991,ProductCatalogAPI,78,131,53,849
1991,InventoryCheckAPI,132,180,48,1139
1991,FraudDetectionAPI,182,233,51,1608
1991,PaymentGatewayAPI,237,303,66,843
1991,ShippingServiceAPI,305,394,89,1365
1991,NotificationAPI,395,481,86,1275
1992,UserAuthAPI,1,111,110,1075
1992,ProductCatalogAPI,114,165,51,860
1992,InventoryCheckAPI,167,225,58,1961
1992,FraudDetectionAPI,227,279,52,1317
1992,PaymentGatewayAPI,282,363,81,1567
1992,ShippingServiceAPI,366,466,100,1604
1992,NotificationAPI,461,551,90,1599
1993,UserAuthAPI,1,103,102,893
1993,ProductCatalogAPI,106,204,98,1019
1993,InventoryCheckAPI,199,314,115,1949
1993,FraudDetectionAPI,317,368,51,779
1993,PaymentGatewayAPI,369,461,92,1924
1993,ShippingServiceAPI,463,560,97,1304
1993,NotificationAPI,563,672,109,732
1994,UserAuthAPI,1,63,62,1753
1994,ProductCatalogAPI,64,179,115,1146
1994,InventoryCheckAPI,182,259,77,1755
1994,FraudDetectionAPI,262,330,68,602
1994,PaymentGatewayAPI,331,390,59,865
1994,ShippingServiceAPI,391,468,77,818
1994,NotificationAPI,469,572,103,984
1995,UserAuthAPI,1,72,71,1791
1995,ProductCatalogAPI,74,192,118,1899
1995,InventoryCheckAPI,194,256,62,1255
1995,FraudDetectionAPI,259,310,51,1911
1995,PaymentGatewayAPI,313,413,100,782
1995,ShippingServiceAPI,414,486,72,1024
1995,NotificationAPI,489,530,41,1433
1996,UserAuthAPI,1,109,108,773
1996,ProductCatalogAPI,111,216,105,1885
1996,InventoryCheckAPI,217,334,117,998
1996,FraudDetectionAPI,335,381,46,1632
1996,PaymentGatewayAPI,385,428,43,915
1996,ShippingServiceAPI,432,527,95,751
1996,NotificationAPI,530,641,111,1911
1997,UserAuthAPI,1,55,54,609
1997,ProductCatalogAPI,57,97,40,692
1997,InventoryCheckAPI,99,199,100,1360
1997,FraudDetectionAPI,200,302,102,1945
1997,PaymentGatewayAPI,303,416,113,697
1997,ShippingServiceAPI,419,529,110,1315
1997,NotificationAPI,530,616,86,988
1998,UserAuthAPI,1,92,91,879
1998,ProductCatalogAPI,94,191,97,1364
1998,InventoryCheckAPI,193,259,66,1436
1998,FraudDetectionAPI,261,316,55,1879
1998,PaymentGatewayAPI,317,403,86,1418
1998,ShippingServiceAPI,406,482,76,938
1998,NotificationAPI,484,542,58,1994
1999,UserAuthAPI,1,96,95,729
1999,ProductCatalogAPI,100,175,75,615
1999,InventoryCheckAPI,179,271,92,841
1999,FraudDetectionAPI,273,323,50,831
1999,PaymentGatewayAPI,324,442,118,1467
1999,ShippingServiceAPI,443,556,113,891
1999,NotificationAPI,558,617,59,1279
2000,UserAuthAPI,1,90,89,1151
2000,ProductCatalogAPI,93,212,119,573
2000,InventoryCheckAPI,215,268,53,1959
2000,FraudDetectionAPI,270,313,43,814
2000,PaymentGatewayAPI,308,365,57,981
2000,ShippingServiceAPI,367,437,70,1245
2000,NotificationAPI,440,521,81,750
